<?xml version="1.0" encoding="ISO-8859-1" ?>
<?xml-stylesheet type="text/xsl" href=""?>

<plugin>
    <name>openXDeveloperToolbox</name>
    <creationDate>2008-07-18</creationDate>
    <author>Monique Szpak</author>
    <authorEmail>monique.szpak@openx.org</authorEmail>
    <authorUrl>http://www.openx.org</authorUrl>
    <license>license.txt</license>
    <description>Developer Toolbox for OpenX</description>
    <version>0.0.1-dev</version>
    <type>extension</type>

    <install>

        <files>
            <file path="{PLUGINPATH}">openXDeveloperToolbox.readme.txt</file>
        </files>

        <contents>
            <group name="oxToolbox">1</group>
            <group name="oxPlugin" >2</group>
            <group name="oxSchema" >3</group>
        </contents>

    </install>

    <readme>

    </readme>

</plugin>
