<?xml version="1.0" encoding="ISO-8859-1" ?>
<?xml-stylesheet type="text/xsl" href="xsl/mdb2_schema.xsl"?>
<database>

 <name>demobannertypehtml</name>
 <create>false</create>
 <overwrite>false</overwrite>
 <version>001</version>
 <status>final</status>

 <table>

  <name>banners_demo</name>

  <declaration>

   <field>
    <name>banners_demo_id</name>
    <type>openads_mediumint</type>
    <length>9</length>
    <notnull>true</notnull>
    <default></default>
   </field>

   <field>
    <name>banners_demo_desc</name>
    <type>openads_varchar</type>
    <length>16</length>
    <notnull>true</notnull>
    <default></default>
   </field>

   <index>
    <name>banners_demo_banners_demo_id</name>
    <field>
     <name>banners_demo_id</name>
     <sorting>ascending</sorting>
    </field>
   </index>

  </declaration>

 </table>

</database>
