<?xml version="1.0" encoding="ISO-8859-1" ?>
<?xml-stylesheet type="text/xsl" href=""?>

<plugin>
    <name>Dummy</name>
    <creationDate>2008-02-19</creationDate>
    <author>Chris Nuttingk</author>
    <authorEmail>chris.nutting@openx.org</authorEmail>
    <authorUrl>http://www.openx.org</authorUrl>
    <license>license.txt</license>
    <description>Test Delivery Limitiations for OpenX</description>
    <version>1.0.0-dev</version>
    <oxversion>2.7.5-dev</oxversion>
    <extends>deliveryLimitations</extends>

    <install>
        <files>
            <file path="{MODULEPATH}deliveryLimitations/Dummy/">Dummy.class.php</file>
            <file path="{MODULEPATH}deliveryLimitations/Dummy/">Dummy.delivery.php</file>
        </files>
    </install>

</plugin>
