<?xml version="1.0" encoding="ISO-8859-1" ?>
<?xml-stylesheet type="text/xsl" href=""?>

<plugin>
    <name>demoDeliveryLimitation</name>
    <creationDate>2008-05-30</creationDate>
    <author>Monique Szpak</author>
    <authorEmail>monique.szpak@openx.org</authorEmail>
    <authorUrl>http://www.openx.org</authorUrl>
    <license>license.txt</license>
    <description>Demo Delivery Limitiation for OpenX</description>
    <version>1.0.0</version>
    <oxversion>2.7.5-dev</oxversion>
    <extends>deliveryLimitations</extends>

    <install>
        <files>
            <file path="{MODULEPATH}deliveryLimitations/demoDeliveryLimitation/">demoLimitation.class.php</file>
            <file path="{MODULEPATH}deliveryLimitations/demoDeliveryLimitation/">demoLimitation.delivery.php</file>
        </files>
    </install>

</plugin>
