<?xml version="1.0" encoding="ISO-8859-1" ?>
<?xml-stylesheet type="text/xsl" href=""?>

<plugin>
    <name>demoBannerTypeHtml</name>
    <creationDate>2008-05-30</creationDate>
    <author>Monique Szpak</author>
    <authorEmail>monique.szpak@openx.org</authorEmail>
    <authorUrl>http://www.openx.org</authorUrl>
    <license>license.txt</license>
    <description>Demo HTML Banner Type extension for OpenX</description>
    <version>1.0.0</version>
    <oxversion>2.7.5-dev</oxversion>
    <extends>bannerTypeHtml</extends>

    <install>
        <files>
            <file path="{MODULEPATH}bannerTypeHtml/demoBannerTypeHtml/">demoHtml.class.php</file>
            <file path="{MODULEPATH}bannerTypeHtml/demoBannerTypeHtml/">demoHtml.delivery.php</file>
        </files>

        <!--schema>
            <mdb2schema>tables_demobannertypehtml</mdb2schema>
            <dboschema>db_schema</dboschema>
            <dbolinks>db_schema.links</dbolinks>
            <dataobject>Banners_demo.php</dataobject>
        </schema-->

    </install>

</plugin>
