<?xml version="1.0" encoding="ISO-8859-1" ?>
<?xml-stylesheet type="text/xsl" href="xsl/mdb2_schema.xsl"?>
<database>

 <name>ox_adsense</name>
 <create>false</create>
 <overwrite>false</overwrite>
 <version>001</version>
 <status>final</status>

 <table>

  <name>banners_ox_adsense</name>

  <declaration>

   <field>
    <name>bannerid</name>
    <type>openads_mediumint</type>
    <length>9</length>
    <notnull>true</notnull>
    <default></default>
   </field>

   <field>
    <name>gas_publisher_id</name>
    <type>openads_varchar</type>
    <length>32</length>
    <notnull>true</notnull>
    <default></default>
   </field>

  <field>
    <name>gas_ad_type</name>
    <type>openads_varchar</type>
    <length>32</length>
    <notnull>true</notnull>
    <default></default>
   </field>

  <field>
    <name>gas_ad_subtype</name>
    <type>openads_varchar</type>
    <length>32</length>
    <notnull>true</notnull>
    <default></default>
   </field>

   <index>
    <name>banners_ox_adsense_pkey</name>
    <unique>true</unique>
    <field>
     <name>bannerid</name>
     <sorting>ascending</sorting>
    </field>
   </index>

  </declaration>

 </table>

</database>
