<?xml version="1.0" encoding="ISO-8859-1" ?>
<?xml-stylesheet type="text/xsl" href=""?>

<plugin>
    <name>oxMarket</name>
    <creationDate>2008-11-14</creationDate>
    <author>Bernard Lange</author>
    <authorEmail>bernard.lange@openx.org</authorEmail>
    <authorUrl>http://www.openx.org</authorUrl>
    <license>license.txt</license>
    <description>OpenX Market for OpenX Ad Server (Download) Interface</description>
    <version>0.0.1-dev</version>
    <oxversion>2.7.27-beta-rc10</oxversion>
    <extends>admin</extends>

    <install>

        <syscheck>
            <php>
                <setting name='version'>5.1</setting>;
            </php>
        </syscheck>

        <files>
            <file path="{MODULEPATH}deliveryAdRender/oxMarket/">oxMarket.delivery.php</file>
            
            <file path="{ADMINPATH}/css/">ox.market.css</file>
            <file path="{ADMINPATH}/js/">ox.market.js</file>
            <file path="{ADMINPATH}/images/">icon-marketplace-large.png</file>
            <file path="{ADMINPATH}/templates/">campaign-script.html</file>
            <file path="{ADMINPATH}/templates/">creative-preferences-table.html</file>
            <file path="{ADMINPATH}/templates/">market-confirm.html</file>
            <file path="{ADMINPATH}/templates/">market-inactive.html</file> 
            <file path="{ADMINPATH}/templates/">market-info.html</file>
            <file path="{ADMINPATH}/templates/">market-include.html</file> 
            <file path="{ADMINPATH}/templates/">market-preferences-website.html</file>
            <file path="{ADMINPATH}/templates/">market-signup.html</file>            
            <file path="{ADMINPATH}/templates/">market-stats-website.html</file>
            <file path="{ADMINPATH}/templates/">market-stats-zone.html</file>
            <file path="{ADMINPATH}/templates/">stats-zone-row.html</file>
            <file path="{ADMINPATH}/">market-common.php</file>
            <file path="{ADMINPATH}/">market-confirm.php</file>
            <file path="{ADMINPATH}/">market-inactive.php</file>
            <file path="{ADMINPATH}/">market-include.php</file>
            <file path="{ADMINPATH}/">market-index.php</file>
            <file path="{ADMINPATH}/">market-info.php</file>
            <file path="{ADMINPATH}/">market-preferences-website.php</file>
            <file path="{ADMINPATH}/">market-signup.php</file>
            <file path="{ADMINPATH}/">market-stats.php</file>
            <file path="{ADMINPATH}/">oxMarket.class.php</file>

            <file path="{GROUPPATH}/_lang/">en.mo</file>
            <file path="{GROUPPATH}/_lang/po/">en.po</file>
        </files>

        <components>
           <component>
                <name>oxMarket</name>
                <hook>afterLogin</hook>
           </component>
        </components>

        <navigation>

            <admin>
                <menu addto="account-index" index="openx-market" link="plugins/oxMarket/market-index.php">OpenX Market Beta</menu>
                <menu addto="2" index="openx-market-stats" link="plugins/oxMarket/market-stats.php">OpenX Market Beta</menu>
            </admin>

            <manager>
                <menu addto="website-index" index="market-preferences-website"   link="plugins/oxMarket/market-preferences-website.php?affiliateid={affiliateid}">OpenX Market Beta</menu>
                <menu addto="2" index="openx-market-stats" link="plugins/oxMarket/market-stats.php">OpenX Market Beta</menu>
            </manager>
        </navigation>

        <configuration option="Market API">
            <!-- todo - set proper hosts before final release and set visible ="0" -->
            <setting key="marketHost" type="text" label="Market host" required="1" size="32" visible="1">http://localhost/pubconsole</setting>
	        <setting key="defaultFloorPrice" type="text" label="Default Campaign Floor Price" required="1" size="32" visible="1">0.10</setting>
            <setting key="marketAccountIdParamName" type="text" label="Market Account Param Name" required="1" size="10" visible="1">pa</setting>
            <setting key="marketWelcomeUrl" type="text" label="Market Welcome URL" required="1" size="100" visible="1">http://localhost/pubconsole/market/index/welcome</setting>
            <setting key="marketTermsUrl" type="text" label="Market Terms and Conditions URL" required="1" size="100" visible="1">http://www.openx.org/market/terms</setting>
            <setting key="marketPrivacyUrl" type="text" label="Market Data Privacy Policy URL" required="1" size="100" visible="1">http://www.openx.org/privacy</setting>
            <setting key="publisherSupportEmail" type="text" label="OpenX Market Publisher support email" required="1" size="100" visible="1">publisher-support@to-be-defined.com</setting>
            <setting key="ssoSignupUrl" type="text" label="OpenX Account signup  URL" required="1" size="100" visible="1">https://login.openx.org/account/account/signup</setting>
        </configuration>

        <schema>
            <mdb2schema>tables_oxMarket</mdb2schema>
            <dboschema>db_schema</dboschema>
            <dbolinks>db_schema.links</dbolinks>
            <dataobject>Ext_market_assoc_data.php</dataobject>
            <dataobject>Ext_market_campaign_pref.php</dataobject>
            <dataobject>Ext_market_setting.php</dataobject>
            <dataobject>Ext_market_web_stats.php</dataobject>
            <dataobject>Ext_market_website_pref.php</dataobject>
        </schema>

    </install>

</plugin>
