<?xml version="1.0" encoding="ISO-8859-1" ?>

<plugin>
    <name>openXDeliveryLogCountry</name>
    <creationDate>2008-06-10</creationDate>
    <author>OpenX</author>
    <authorEmail>hello@openx.org</authorEmail>
    <authorUrl>http://www.openx.org</authorUrl>
    <license>GPL</license>
    <description>Delivery Log Country Plugin</description>
    <version>1.0.1-dev</version>
    <type>extension</type>

    <install>

        <files>
            <file path="{PLUGINPATH}">openXDeliveryLogCountry.readme.txt</file>
        </files>

        <contents>
            <group name="oxDeliveryGeo">1</group>
            <group name="oxLogCountry" >2</group>
        </contents>

    </install>

</plugin>
