<?xml version="1.0" encoding="ISO-8859-1" ?>
<?xml-stylesheet type="text/xsl" href=""?>

<plugin>
        <name>openXAuthCAS</name>
    <creationDate>2008-09-02</creationDate>
    <author>Chris nutting</author>
    <authorEmail>chris.nutting@openx.org</authorEmail>
    <authorUrl>http://www.openx.org</authorUrl>
    <license>GPL</license>
    <description>OpenX CAS authentication</description>
    <version>0.0.1-dev</version>
    <oxversion>2.7.15-dev</oxversion>
    <type>package</type>

    <install>

        <files>
            <file path="{PLUGINPATH}">openXAuthCAS.readme.txt</file>
        </files>

        <!-- list the groups that are contained in this plugin -->
        <!-- in the order they should be installed -->
        <contents>
                        <group name="oxAuthCAS">0</group>

        </contents>

    </install>

</plugin>
