<?xml version="1.0" encoding="ISO-8859-1" ?>
<?xml-stylesheet type="text/xsl" href=""?>

<plugin>
    <name>oxDeliveryDataPrepare</name>
    <creationDate>2008-02-19</creationDate>
    <author>Radek Maciaszek</author>
    <authorEmail>radek.maciaszek@openx.org</authorEmail>
    <authorUrl>http://www.openx.org</authorUrl>
    <license>license.txt</license>
    <description>Delivery data preparation component of the standard logging plugin for OpenX</description>
    <version>1.0.1-beta</version>
    <oxversion>2.7.23-beta</oxversion>
    <extends>deliveryDataPrepare</extends>

    <install>
        <files>
            <file path="{MODULEPATH}deliveryDataPrepare/oxDeliveryDataPrepare/">dataCommon.delivery.php</file>
            <file path="{MODULEPATH}deliveryDataPrepare/oxDeliveryDataPrepare/">dataCommon.class.php</file>
            <file path="{MODULEPATH}deliveryDataPrepare/oxDeliveryDataPrepare/">dataPageInfo.delivery.php</file>
            <file path="{MODULEPATH}deliveryDataPrepare/oxDeliveryDataPrepare/">dataPageInfo.class.php</file>
            <file path="{MODULEPATH}deliveryDataPrepare/oxDeliveryDataPrepare/">dataUserAgent.delivery.php</file>
            <file path="{MODULEPATH}deliveryDataPrepare/oxDeliveryDataPrepare/">dataUserAgent.class.php</file>
        </files>

        <schema>
            <mdb2schema>tables_oxDeliveryDataPrepare</mdb2schema>
            <dboschema>db_schema</dboschema>
            <dbolinks>db_schema.links</dbolinks>
            <dataobject>Data_bkt_c.php</dataobject>
            <dataobject>Data_bkt_m_backup.php</dataobject>
            <dataobject>Data_bkt_m.php</dataobject>
            <dataobject>Data_bkt_r.php</dataobject>
            <dataobject>Data_bkt_a.php</dataobject>
            <dataobject>Data_bkt_a_var.php</dataobject>
        </schema>

        <components>
           <component>
                <name>dataCommon</name>
                <hook>preLog</hook>
           </component>
           <component>
                <name>dataPageInfo</name>
                <hook>preLog</hook>
           </component>
           <component>
                <name>dataUserAgent</name>
                <hook>preLog</hook>
           </component>
        </components>

    </install>

</plugin>
