<?xml version="1.0" encoding="ISO-8859-1" ?>
<?xml-stylesheet type="text/xsl" href=""?>

<plugin>
    <name>openXAdditionalBannerTypes</name>
    <creationDate>2008-02-19</creationDate>
    <author>Chris Nutting</author>
    <authorEmail>chris.nutting@openx.org</authorEmail>
    <authorUrl>http://www.openx.org</authorUrl>
    <license>license.txt</license>
    <description>Additional Banner Type Plugins for OpenX</description>
    <version>1.0.0-dev</version>
    <type>package</type>

    <install>

        <contents>
            <group name="openXHtmlAdsense">1</group>
        </contents>

        <register>
            <extension type='bannerTypeHtml' group='openXHtmlAdsense'>adsense</extension>
        </register>

    </install>

</plugin>
