<?xml version="1.0" encoding="ISO-8859-1" ?>
<?xml-stylesheet type="text/xsl" href=""?>

<plugin>
    <name>demoUserInterface</name>
    <creationDate>2008-05-30</creationDate>
    <author>Monique Szpak</author>
    <authorEmail>monique.szpak@openx.org</authorEmail>
    <authorUrl>http://www.openx.org</authorUrl>
    <license>license.txt</license>
    <description>Demo User Interface Plugin for OpenX</description>
    <version>0.0.1</version>
    <oxversion>2.7.5-dev</oxversion>
    <extends>admin</extends>

    <install>

        <syscheck>
            <php>
                <setting name='version'>4.3.11</setting>;
            </php>
        </syscheck>

        <files>
            <file path="{GROUPPATH}/">processSettings.php</file>
            <file path="{GROUPPATH}/">processPreferences.php</file>
            <file path="{ADMINPATH}/templates/">demoUI.html</file>
            <file path="{ADMINPATH}/css/">demoUI.css</file>
            <file path="{ADMINPATH}/images/">demoUI.jpg</file>
            <file path="{ADMINPATH}/">demoUI-common.php</file>
            <file path="{ADMINPATH}/">demoUI-index.php</file>
            <file path="{ADMINPATH}/">demoUI-page.php</file>
        </files>

        <navigation>

            <admin>
                <menu add="demo-menu"   link="plugins/demoUserInterface/demoUI-index.php">Demo Plugin</menu>
                <menu addto="demo-menu" index="demo-menu-i" link="plugins/demoUserInterface/demoUI-index.php">Welcome to the OpenX Demo UI Plugin</menu>
                <menu addto="demo-menu" index="demo-menu-1" link="plugins/demoUserInterface/demoUI-page.php?action=1">Demo Page 1 - All Accounts</menu>
                <menu addto="demo-menu" index="demo-menu-2" link="plugins/demoUserInterface/demoUI-page.php?action=2">Demo Page 2 - Managers and Administrators Only</menu>
                <menu addto="demo-menu" index="demo-menu-4" link="plugins/demoUserInterface/demoUI-page.php?action=4">Demo Page 4 - Administrator Only</menu>
            </admin>

            <manager>
                <menu add="demo-menu"   link="plugins/demoUserInterface/demoUI-index.php">Demo Plugin</menu>
                <menu addto="demo-menu" index="demo-menu-i" link="plugins/demoUserInterface/demoUI-index.php">Welcome to the OpenX Demo UI Plugin</menu>
                <menu addto="demo-menu" index="demo-menu-1" link="plugins/demoUserInterface/demoUI-page.php?action=1">Demo Page 1 - All Accounts</menu>
                <menu addto="demo-menu" index="demo-menu-2" link="plugins/demoUserInterface/demoUI-page.php?action=2">Demo Page 2 - Managers and Administrators Only</menu>
                <menu addto="demo-menu" index="demo-menu-3" link="plugins/demoUserInterface/demoUI-page.php?action=3">Demo Page 3 - Manager Only</menu>
            </manager>

            <advertiser>
                <menu add="demo-menu"   link="plugins/demoUserInterface/demoUI-index.php">Demo Plugin</menu>
                <menu addto="demo-menu" index="demo-menu-i" link="plugins/demoUserInterface/demoUI-index.php">Welcome to the OpenX Demo UI Plugin</menu>
                <menu addto="demo-menu" index="demo-menu-1" link="plugins/demoUserInterface/demoUI-page.php?action=1">Demo Page 1 - All Accounts</menu>
            </advertiser>

            <trafficker>
                <menu add="demo-menu"   link="plugins/demoUserInterface/demoUI-index.php">Demo Plugin</menu>
                <menu addto="demo-menu" index="demo-menu-i" link="plugins/demoUserInterface/demoUI-index.php">Welcome to the OpenX Demo UI Plugin</menu>
                <menu addto="demo-menu" index="demo-menu-1" link="plugins/demoUserInterface/demoUI-page.php?action=1">Demo Page 1 - All Accounts</menu>
            </trafficker>

        </navigation>

        <configuration option="Demo User Interface Plugin">
            <setting key="message1" type="text" label="Message" required="1" size="32" visible="1">Default String All Accounts</setting>
            <setting key="message2" type="text" label="Mgr/Admin Message" required="1" size="32" visible="1">Default String Mgr/Admin</setting>
            <setting key="message3" type="text" label="Manager Message" required="1" size="32" visible="1">Default String Mgr</setting>
            <setting key="message4" type="text" label="Admin Message" required="1" size="32" visible="1">Default String Admin</setting>

            <preference name="demopref_Admin" type="text" label="Admin Colour" required="1" size="7" visible="1" permission="ADMIN" >#000000</preference>
            <preference name="demopref_Manager" type="text" label="Manager Colour" required="1" size="7" visible="1" permission="MANAGER" >#000000</preference>
            <preference name="demopref_Advertiser" type="text" label="Advertiser Colour" required="1" size="7" visible="1" permission="ADVERTISER" >#000000</preference>
            <preference name="demopref_Trafficker" type="text" label="Trafficker Colour" required="1" size="7" visible="1" permission="TRAFFICKER" >#000000</preference>

        </configuration>

    </install>

</plugin>
