INSERT INTO `oa_images` (`filename`, `contents`, `t_stamp`) VALUES('120x120.gif', 0x47494638396178007800f700000000000101010202020303030404040505050606060707070808080909090a0a0a0b0b0b0c0c0c0d0d0d0e0e0e0f0f0f1010101111111212121313131414141515151616161717171818181919191a1a1a1b1b1b1c1c1c1d1d1d1e1e1e1f1f1f2020202121212222222323232424242525252626262727272828282929292a2a2a2b2b2b2c2c2c2d2d2d2e2e2e2f2f2f3030303131313232323333333434343535353636363737373838383939393a3a3a3b3b3b3c3c3c3d3d3d3e3e3e3f3f3f4040404141414242424343434444444545454646464747474848484949494a4a4a4b4b4b4c4c4c4d4d4d4e4e4e4f4f4f5050505151515252525353535454545555555656565757575858585959595a5a5a5b5b5b5c5c5c5d5d5d5e5e5e5f5f5f6060606161616262626363636464646565656666666767676868686969696a6a6a6b6b6b6c6c6c6d6d6d6e6e6e6f6f6f7070707171717272727373737474747575757676767777777878787979797a7a7a7b7b7b7c7c7c7d7d7d7e7e7e7f7f7f8080808181818282828383838484848585858686868787878888888989898a8a8a8b8b8b8c8c8c8d8d8d8e8e8e8f8f8f9090909191919292929393939494949595959696969797979898989999999a9a9a9b9b9b9c9c9c9d9d9d9e9e9e9f9f9fa0a0a0a1a1a1a2a2a2a3a3a3a4a4a4a5a5a5a6a6a6a7a7a7a8a8a8a9a9a9aaaaaaabababacacacadadadaeaeaeafafafb0b0b0b1b1b1b2b2b2b3b3b3b4b4b4b5b5b5b6b6b6b7b7b7b8b8b8b9b9b9babababbbbbbbcbcbcbdbdbdbebebebfbfbfc0c0c0c1c1c1c2c2c2c3c3c3c4c4c4c5c5c5c6c6c6c7c7c7c8c8c8c9c9c9cacacacbcbcbcccccccdcdcdcecececfcfcfd0d0d0d1d1d1d2d2d2d3d3d3d4d4d4d5d5d5d6d6d6d7d7d7d8d8d8d9d9d9dadadadbdbdbdcdcdcdddddddedededfdfdfe0e0e0e1e1e1e2e2e2e3e3e3e4e4e4e5e5e5e6e6e6e7e7e7e8e8e8e9e9e9eaeaeaebebebecececedededeeeeeeefefeff0f0f0f1f1f1f2f2f2f3f3f3f4f4f4f5f5f5f6f6f6f7f7f7f8f8f8f9f9f9fafafafbfbfbfcfcfcfdfdfdfefefeffffff2c00000000780078000008ff004d091c48b0a0c18308132a5cc8b0a1c38710234a9c48b1a2c58b18336adcc8b1a3c78f20438a1c49b2a4c9932853aa5cc9b2a5cb973063ca9c49b3a6cd9b3873eadcc9b3a7cf9f40830a1d4ab4a8d1a348932a5dcab4a9d3a750a34a9d4ab5aad5ab58b36addcab5abd7af60c38a1d4bb6acd9b368d3aa5dcbb6addbb770e3ca9ddb145abe7f047185bbdb8e184156dbee8663d5d02ede817af9fa1d085830e19df3fedd25f86f5eb8bdff169b3af76f5bb57fed18469e3cb0f2e5bb9a397b06cd731b2ece047d21666d8ad8bf6a02a1fd53b6d035ec81b205e2a26d1bb729ddbc79fe3e185960b87fb204cafa77ce54bb7fb804dade4670b9c1e6a69e47ff3735bdbaf2c307f38536352f1fc17cf3c8c367254bfd6381de0baa17d8fe7dfcf30829f30f340255461078db9d934f76dda1579080049a62e040e0ed949f74fb15f81f7fe86df3cf6e065d28df7a126ec89e83395dc84a7be3b1e7de40f00d24207621a268ca8af9b4d81f8c26a688228ec139079d74ff8483e175240e941f90048947a491000e244b7b0c0e545c6e990989cb67112ae9e0940b1674e5715946291f75dba4b9cd78aa7d66de761cb6b8197af5a1a9269b9db9e9d372ba7de8e73fc1b1f25c3edb10c64a3ef93ce60b750d0ed4e79f800a24a86485d265e9a59866aae9a69c76eae9a7a0862aeaa8a4966aeaa9a8a6aaeaaaacb6eaeaabb0c6172aebacb4d66aebadb8e6aaebaebcf6eaebafc0060b5440003b, '2007-11-20 15:06:37');INSERT INTO `oa_preference` (`agencyid`, `config_version`, `my_header`, `my_footer`, `my_logo`, `language`, `name`, `company_name`, `override_gd_imageformat`, `begin_of_week`, `percentage_decimals`, `type_sql_allow`, `type_url_allow`, `type_web_allow`, `type_html_allow`, `type_txt_allow`, `banner_html_auto`, `admin`, `admin_pw`, `admin_fullname`, `admin_email`, `warn_admin`, `warn_agency`, `warn_client`, `warn_limit`, `admin_email_headers`, `admin_novice`, `default_banner_weight`, `default_campaign_weight`, `default_banner_url`, `default_banner_destination`, `client_welcome`, `client_welcome_msg`, `publisher_welcome`, `publisher_welcome_msg`, `content_gzip_compression`, `userlog_email`, `gui_show_campaign_info`, `gui_show_campaign_preview`, `gui_campaign_anonymous`, `gui_show_banner_info`, `gui_show_banner_preview`, `gui_show_banner_html`, `gui_show_matching`, `gui_show_parents`, `gui_hide_inactive`, `gui_link_compact_limit`, `gui_header_background_color`, `gui_header_foreground_color`, `gui_header_active_tab_color`, `gui_header_text_color`, `gui_invocation_3rdparty_default`, `qmail_patch`, `updates_enabled`, `updates_cache`, `updates_timestamp`, `updates_last_seen`, `allow_invocation_plain`, `allow_invocation_plain_nocookies`, `allow_invocation_js`, `allow_invocation_frame`, `allow_invocation_xmlrpc`, `allow_invocation_local`, `allow_invocation_interstitial`, `allow_invocation_popup`, `allow_invocation_clickonly`, `auto_clean_tables`, `auto_clean_tables_interval`, `auto_clean_userlog`, `auto_clean_userlog_interval`, `auto_clean_tables_vacuum`, `autotarget_factor`, `maintenance_timestamp`, `compact_stats`, `statslastday`, `statslasthour`, `default_tracker_status`, `default_tracker_type`, `default_tracker_linkcampaigns`, `publisher_agreement`, `publisher_agreement_text`, `publisher_payment_modes`, `publisher_currencies`, `publisher_categories`, `publisher_help_files`, `publisher_default_tax_id`, `publisher_default_approved`, `more_reports`, `gui_column_id`, `gui_column_requests`, `gui_column_impressions`, `gui_column_clicks`, `gui_column_ctr`, `gui_column_conversions`, `gui_column_conversions_pending`, `gui_column_sr_views`, `gui_column_sr_clicks`, `gui_column_revenue`, `gui_column_cost`, `gui_column_bv`, `gui_column_num_items`, `gui_column_revcpc`, `gui_column_costcpc`, `gui_column_technology_cost`, `gui_column_income`, `gui_column_income_margin`, `gui_column_profit`, `gui_column_margin`, `gui_column_erpm`, `gui_column_erpc`, `gui_column_erps`, `gui_column_eipm`, `gui_column_eipc`, `gui_column_eips`, `gui_column_ecpm`, `gui_column_ecpc`, `gui_column_ecps`, `gui_column_epps`, `maintenance_cron_timestamp`, `warn_limit_days`) VALUES(0, 0.000, NULL, NULL, NULL, 'english', NULL, 'mysite.com', NULL, 1, 2, 't', 't', 'f', 't', 't', 't', 'oap', 'bfc8d5cb8163a46f9a620b2859a82f40', 'Your Name', 'a@a.pl', 't', 't', 't', 100, NULL, 't', 1, 1, NULL, NULL, 't', NULL, 't', NULL, 'f', 't', 't', 'f', 'f', 't', 't', 'f', 't', 'f', 'f', 50, NULL, NULL, NULL, NULL, '0', 'f', 't', 'b:0;', 1196177230, 0.000, 'f', 't', 't', 'f', 'f', 't', 't', 't', 't', 'f', 5, 'f', 5, 't', -1, 1196173630, 't', '0000-00-00', 0, 1, 1, 'f', 'f', NULL, NULL, NULL, NULL, NULL, 'f', 'f', NULL, NULL, NULL, NULL, NULL, NULL, NULL, NULL, NULL, NULL, NULL, NULL, NULL, NULL, NULL, NULL, NULL, NULL, NULL, NULL, NULL, NULL, NULL, NULL, NULL, NULL, NULL, NULL, NULL, NULL, NULL, 1195571495, 1);

INSERT INTO `oa_affiliates` (`affiliateid`, `name`, `contact`, `email`, `website`, `username`, `password`, `permissions`, `language`, `publiczones`, `agencyid`, `mnemonic`, `comments`, `last_accepted_agency_agreement`, `updated`, `oac_country_code`, `oac_language_id`, `oac_category_id`, `an_website_id`, `as_website_id`) VALUES (1, 'http://www.test1.org', NULL, '', 'http://http://www.test1.org', NULL, NULL, NULL, NULL, 'f', 0, '', NULL, NULL, '2007-11-20 15:09:39', 'AQ', 9, 302, 0, 0);

INSERT INTO `oa_clients` (`clientid`, `clientname`, `contact`, `email`, `clientusername`, `clientpassword`, `permissions`, `language`, `report`, `reportinterval`, `reportlastdate`, `reportdeactivate`, `lb_reporting`, `agencyid`, `comments`, `updated`, `an_adnetwork_id`, `as_advertiser_id`) VALUES(1, 'QA', 'qa', 'nobody@example.com', 'adv', '4acedbc1e89475eeeabf43c3088ed4a0', 187, 'english', 't', 7, '2007-11-27', 't', 'f', 0, '', '2007-11-27 12:07:23', NULL, NULL);

INSERT INTO `oa_campaigns` (`campaignid`, `campaignname`, `clientid`, `views`, `clicks`, `conversions`, `expire`, `activate`, `priority`, `weight`, `target_impression`, `target_click`, `target_conversion`, `anonymous`, `companion`, `comments`, `revenue`, `revenue_type`, `updated`, `block`, `capping`, `session_capping`, `an_campaign_id`, `as_campaign_id`, `status`, `an_status`) VALUES(1, 'QA - Default Campaign1', 1, 1000, 1000, 1000, '0000-00-00', '0000-00-00', -1, 1, 0, 0, 0, 'f', 0, '', 1.0000, 2, '2007-11-20 16:09:08', 0, 0, 0, NULL, NULL, 0, 0);
INSERT INTO `oa_zones` (`zoneid`, `affiliateid`, `zonename`, `description`, `delivery`, `zonetype`, `what`, `width`, `height`, `chain`, `prepend`, `append`, `appendtype`, `category`, `ad_selection`, `forceappend`, `inventory_forecast_type`, `comments`, `cost`, `cost_type`, `cost_variable_id`, `technology_cost`, `technology_cost_type`, `updated`, `block`, `capping`, `session_capping`, `as_zone_id`) VALUES(1, 1, 'http://www.test1.org - Default', '', 0, 3, '', 120, 120, '', '', 0x5a6f6e65, 0, '', '', 'f', 0, '', 1.3333, 2, '', NULL, NULL, '2007-11-20 15:10:34', 0, 0, 0, NULL);
INSERT INTO `oa_placement_zone_assoc` (`placement_zone_assoc_id`, `zone_id`, `placement_id`) VALUES(1, 1, 1);

INSERT INTO `oa_banners` (`bannerid`, `contenttype`, `pluginversion`, `storagetype`, `filename`, `imageurl`, `htmltemplate`, `htmlcache`, `width`, `height`, `weight`, `seq`, `target`, `url`, `alt`, `keyword`, `bannertext`, `description`, `autohtml`, `block`, `capping`, `compiledlimitation`, `append`, `appendtype`, `bannertype`, `transparent`, `campaignid`, `adserver`, `session_capping`, `acl_plugins`, `alt_filename`, `alt_imageurl`, `alt_contenttype`, `comments`, `updated`, `parameters`, `acls_updated`, `statustext`, `an_banner_id`, `as_banner_id`, `status`) VALUES(1, 'gif', 0, 'sql', '120x120.gif', '', '', '', 120, 120, 1, 0, '', 'http://www.wp.pl', '', '', '', '', 'f', 0, 0, 0x74727565, 0x48744d6c202d20, 0, 0, 0, 1, '', 0, '', '', '', '', '', '2007-11-20 15:14:41', 'N;', '2007-11-20 15:14:41', '', NULL, NULL, 0);
INSERT INTO `oa_ad_zone_assoc` (`ad_zone_assoc_id`, `zone_id`, `ad_id`, `priority`, `link_type`, `priority_factor`, `to_be_delivered`) VALUES(1, 1, 1, 0, 0, 1, 1);
INSERT INTO `oa_banners` (`bannerid`, `contenttype`, `pluginversion`, `storagetype`, `filename`, `imageurl`, `htmltemplate`, `htmlcache`, `width`, `height`, `weight`, `seq`, `target`, `url`, `alt`, `keyword`, `bannertext`, `description`, `autohtml`, `block`, `capping`, `compiledlimitation`, `append`, `appendtype`, `bannertype`, `transparent`, `campaignid`, `adserver`, `session_capping`, `acl_plugins`, `alt_filename`, `alt_imageurl`, `alt_contenttype`, `comments`, `updated`, `parameters`, `acls_updated`, `statustext`, `an_banner_id`, `as_banner_id`, `status`) VALUES(2, 'gif', 0, 'sql', '120x120.gif', '', '', '', 120, 120, 1, 0, '', 'http://www.wp.pl', '', '', '', '', 'f', 0, 0, 0x74727565, 0x48744d6c202d20, 0, 0, 0, 1, '', 0, '', '', '', '', '', '2007-11-20 15:14:41', 'N;', '2007-11-20 15:14:41', '', NULL, NULL, 0);
INSERT INTO `oa_ad_zone_assoc` (`ad_zone_assoc_id`, `zone_id`, `ad_id`, `priority`, `link_type`, `priority_factor`, `to_be_delivered`) VALUES(2, 1, 2, 0, 0, 1, 1);
INSERT INTO `oa_banners` (`bannerid`, `contenttype`, `pluginversion`, `storagetype`, `filename`, `imageurl`, `htmltemplate`, `htmlcache`, `width`, `height`, `weight`, `seq`, `target`, `url`, `alt`, `keyword`, `bannertext`, `description`, `autohtml`, `block`, `capping`, `compiledlimitation`, `append`, `appendtype`, `bannertype`, `transparent`, `campaignid`, `adserver`, `session_capping`, `acl_plugins`, `alt_filename`, `alt_imageurl`, `alt_contenttype`, `comments`, `updated`, `parameters`, `acls_updated`, `statustext`, `an_banner_id`, `as_banner_id`, `status`) VALUES(3, 'gif', 0, 'sql', '120x120.gif', '', '', '', 120, 120, 1, 0, '', 'http://www.wp.pl', '', '', '', '', 'f', 0, 0, 0x74727565, 0x48744d6c202d20, 0, 0, 0, 1, '', 0, '', '', '', '', '', '2007-11-20 15:14:41', 'N;', '2007-11-20 15:14:41', '', NULL, NULL, 0);
INSERT INTO `oa_ad_zone_assoc` (`ad_zone_assoc_id`, `zone_id`, `ad_id`, `priority`, `link_type`, `priority_factor`, `to_be_delivered`) VALUES(3, 1, 3, 0, 0, 1, 1);
INSERT INTO `oa_banners` (`bannerid`, `contenttype`, `pluginversion`, `storagetype`, `filename`, `imageurl`, `htmltemplate`, `htmlcache`, `width`, `height`, `weight`, `seq`, `target`, `url`, `alt`, `keyword`, `bannertext`, `description`, `autohtml`, `block`, `capping`, `compiledlimitation`, `append`, `appendtype`, `bannertype`, `transparent`, `campaignid`, `adserver`, `session_capping`, `acl_plugins`, `alt_filename`, `alt_imageurl`, `alt_contenttype`, `comments`, `updated`, `parameters`, `acls_updated`, `statustext`, `an_banner_id`, `as_banner_id`, `status`) VALUES(4, 'gif', 0, 'sql', '120x120.gif', '', '', '', 120, 120, 1, 0, '', 'http://www.wp.pl', '', '', '', '', 'f', 0, 0, 0x74727565, 0x48744d6c202d20, 0, 0, 0, 1, '', 0, '', '', '', '', '', '2007-11-20 15:14:41', 'N;', '2007-11-20 15:14:41', '', NULL, NULL, 0);
INSERT INTO `oa_ad_zone_assoc` (`ad_zone_assoc_id`, `zone_id`, `ad_id`, `priority`, `link_type`, `priority_factor`, `to_be_delivered`) VALUES(4, 1, 4, 0, 0, 1, 1);
INSERT INTO `oa_banners` (`bannerid`, `contenttype`, `pluginversion`, `storagetype`, `filename`, `imageurl`, `htmltemplate`, `htmlcache`, `width`, `height`, `weight`, `seq`, `target`, `url`, `alt`, `keyword`, `bannertext`, `description`, `autohtml`, `block`, `capping`, `compiledlimitation`, `append`, `appendtype`, `bannertype`, `transparent`, `campaignid`, `adserver`, `session_capping`, `acl_plugins`, `alt_filename`, `alt_imageurl`, `alt_contenttype`, `comments`, `updated`, `parameters`, `acls_updated`, `statustext`, `an_banner_id`, `as_banner_id`, `status`) VALUES(5, 'gif', 0, 'sql', '120x120.gif', '', '', '', 120, 120, 1, 0, '', 'http://www.wp.pl', '', '', '', '', 'f', 0, 0, 0x74727565, 0x48744d6c202d20, 0, 0, 0, 1, '', 0, '', '', '', '', '', '2007-11-20 15:14:41', 'N;', '2007-11-20 15:14:41', '', NULL, NULL, 0);
INSERT INTO `oa_ad_zone_assoc` (`ad_zone_assoc_id`, `zone_id`, `ad_id`, `priority`, `link_type`, `priority_factor`, `to_be_delivered`) VALUES(5, 1, 5, 0, 0, 1, 1);
INSERT INTO `oa_campaigns` (`campaignid`, `campaignname`, `clientid`, `views`, `clicks`, `conversions`, `expire`, `activate`, `priority`, `weight`, `target_impression`, `target_click`, `target_conversion`, `anonymous`, `companion`, `comments`, `revenue`, `revenue_type`, `updated`, `block`, `capping`, `session_capping`, `an_campaign_id`, `as_campaign_id`, `status`, `an_status`) VALUES(2, 'QA - Default Campaign2', 1, 1000, 1000, 1000, '0000-00-00', '0000-00-00', -1, 1, 0, 0, 0, 'f', 0, '', 1.0000, 2, '2007-11-20 16:09:08', 0, 0, 0, NULL, NULL, 0, 0);
INSERT INTO `oa_zones` (`zoneid`, `affiliateid`, `zonename`, `description`, `delivery`, `zonetype`, `what`, `width`, `height`, `chain`, `prepend`, `append`, `appendtype`, `category`, `ad_selection`, `forceappend`, `inventory_forecast_type`, `comments`, `cost`, `cost_type`, `cost_variable_id`, `technology_cost`, `technology_cost_type`, `updated`, `block`, `capping`, `session_capping`, `as_zone_id`) VALUES(2, 1, 'http://www.test1.org - Default', '', 0, 3, '', 120, 120, '', '', 0x5a6f6e65, 0, '', '', 'f', 0, '', 1.3333, 2, '', NULL, NULL, '2007-11-20 15:10:34', 0, 0, 0, NULL);
INSERT INTO `oa_placement_zone_assoc` (`placement_zone_assoc_id`, `zone_id`, `placement_id`) VALUES(2, 2, 2);

INSERT INTO `oa_banners` (`bannerid`, `contenttype`, `pluginversion`, `storagetype`, `filename`, `imageurl`, `htmltemplate`, `htmlcache`, `width`, `height`, `weight`, `seq`, `target`, `url`, `alt`, `keyword`, `bannertext`, `description`, `autohtml`, `block`, `capping`, `compiledlimitation`, `append`, `appendtype`, `bannertype`, `transparent`, `campaignid`, `adserver`, `session_capping`, `acl_plugins`, `alt_filename`, `alt_imageurl`, `alt_contenttype`, `comments`, `updated`, `parameters`, `acls_updated`, `statustext`, `an_banner_id`, `as_banner_id`, `status`) VALUES(6, 'gif', 0, 'sql', '120x120.gif', '', '', '', 120, 120, 1, 0, '', 'http://www.wp.pl', '', '', '', '', 'f', 0, 0, 0x74727565, 0x48744d6c202d20, 0, 0, 0, 2, '', 0, '', '', '', '', '', '2007-11-20 15:14:41', 'N;', '2007-11-20 15:14:41', '', NULL, NULL, 0);
INSERT INTO `oa_ad_zone_assoc` (`ad_zone_assoc_id`, `zone_id`, `ad_id`, `priority`, `link_type`, `priority_factor`, `to_be_delivered`) VALUES(6, 2, 6, 0, 0, 1, 1);
INSERT INTO `oa_banners` (`bannerid`, `contenttype`, `pluginversion`, `storagetype`, `filename`, `imageurl`, `htmltemplate`, `htmlcache`, `width`, `height`, `weight`, `seq`, `target`, `url`, `alt`, `keyword`, `bannertext`, `description`, `autohtml`, `block`, `capping`, `compiledlimitation`, `append`, `appendtype`, `bannertype`, `transparent`, `campaignid`, `adserver`, `session_capping`, `acl_plugins`, `alt_filename`, `alt_imageurl`, `alt_contenttype`, `comments`, `updated`, `parameters`, `acls_updated`, `statustext`, `an_banner_id`, `as_banner_id`, `status`) VALUES(7, 'gif', 0, 'sql', '120x120.gif', '', '', '', 120, 120, 1, 0, '', 'http://www.wp.pl', '', '', '', '', 'f', 0, 0, 0x74727565, 0x48744d6c202d20, 0, 0, 0, 2, '', 0, '', '', '', '', '', '2007-11-20 15:14:41', 'N;', '2007-11-20 15:14:41', '', NULL, NULL, 0);
INSERT INTO `oa_ad_zone_assoc` (`ad_zone_assoc_id`, `zone_id`, `ad_id`, `priority`, `link_type`, `priority_factor`, `to_be_delivered`) VALUES(7, 2, 7, 0, 0, 1, 1);
INSERT INTO `oa_banners` (`bannerid`, `contenttype`, `pluginversion`, `storagetype`, `filename`, `imageurl`, `htmltemplate`, `htmlcache`, `width`, `height`, `weight`, `seq`, `target`, `url`, `alt`, `keyword`, `bannertext`, `description`, `autohtml`, `block`, `capping`, `compiledlimitation`, `append`, `appendtype`, `bannertype`, `transparent`, `campaignid`, `adserver`, `session_capping`, `acl_plugins`, `alt_filename`, `alt_imageurl`, `alt_contenttype`, `comments`, `updated`, `parameters`, `acls_updated`, `statustext`, `an_banner_id`, `as_banner_id`, `status`) VALUES(8, 'gif', 0, 'sql', '120x120.gif', '', '', '', 120, 120, 1, 0, '', 'http://www.wp.pl', '', '', '', '', 'f', 0, 0, 0x74727565, 0x48744d6c202d20, 0, 0, 0, 2, '', 0, '', '', '', '', '', '2007-11-20 15:14:41', 'N;', '2007-11-20 15:14:41', '', NULL, NULL, 0);
INSERT INTO `oa_ad_zone_assoc` (`ad_zone_assoc_id`, `zone_id`, `ad_id`, `priority`, `link_type`, `priority_factor`, `to_be_delivered`) VALUES(8, 2, 8, 0, 0, 1, 1);
INSERT INTO `oa_banners` (`bannerid`, `contenttype`, `pluginversion`, `storagetype`, `filename`, `imageurl`, `htmltemplate`, `htmlcache`, `width`, `height`, `weight`, `seq`, `target`, `url`, `alt`, `keyword`, `bannertext`, `description`, `autohtml`, `block`, `capping`, `compiledlimitation`, `append`, `appendtype`, `bannertype`, `transparent`, `campaignid`, `adserver`, `session_capping`, `acl_plugins`, `alt_filename`, `alt_imageurl`, `alt_contenttype`, `comments`, `updated`, `parameters`, `acls_updated`, `statustext`, `an_banner_id`, `as_banner_id`, `status`) VALUES(9, 'gif', 0, 'sql', '120x120.gif', '', '', '', 120, 120, 1, 0, '', 'http://www.wp.pl', '', '', '', '', 'f', 0, 0, 0x74727565, 0x48744d6c202d20, 0, 0, 0, 2, '', 0, '', '', '', '', '', '2007-11-20 15:14:41', 'N;', '2007-11-20 15:14:41', '', NULL, NULL, 0);
INSERT INTO `oa_ad_zone_assoc` (`ad_zone_assoc_id`, `zone_id`, `ad_id`, `priority`, `link_type`, `priority_factor`, `to_be_delivered`) VALUES(9, 2, 9, 0, 0, 1, 1);
INSERT INTO `oa_banners` (`bannerid`, `contenttype`, `pluginversion`, `storagetype`, `filename`, `imageurl`, `htmltemplate`, `htmlcache`, `width`, `height`, `weight`, `seq`, `target`, `url`, `alt`, `keyword`, `bannertext`, `description`, `autohtml`, `block`, `capping`, `compiledlimitation`, `append`, `appendtype`, `bannertype`, `transparent`, `campaignid`, `adserver`, `session_capping`, `acl_plugins`, `alt_filename`, `alt_imageurl`, `alt_contenttype`, `comments`, `updated`, `parameters`, `acls_updated`, `statustext`, `an_banner_id`, `as_banner_id`, `status`) VALUES(10, 'gif', 0, 'sql', '120x120.gif', '', '', '', 120, 120, 1, 0, '', 'http://www.wp.pl', '', '', '', '', 'f', 0, 0, 0x74727565, 0x48744d6c202d20, 0, 0, 0, 2, '', 0, '', '', '', '', '', '2007-11-20 15:14:41', 'N;', '2007-11-20 15:14:41', '', NULL, NULL, 0);
INSERT INTO `oa_ad_zone_assoc` (`ad_zone_assoc_id`, `zone_id`, `ad_id`, `priority`, `link_type`, `priority_factor`, `to_be_delivered`) VALUES(10, 2, 10, 0, 0, 1, 1);
INSERT INTO `oa_campaigns` (`campaignid`, `campaignname`, `clientid`, `views`, `clicks`, `conversions`, `expire`, `activate`, `priority`, `weight`, `target_impression`, `target_click`, `target_conversion`, `anonymous`, `companion`, `comments`, `revenue`, `revenue_type`, `updated`, `block`, `capping`, `session_capping`, `an_campaign_id`, `as_campaign_id`, `status`, `an_status`) VALUES(3, 'QA - Default Campaign3', 1, 1000, 1000, 1000, '0000-00-00', '0000-00-00', -1, 1, 0, 0, 0, 'f', 0, '', 1.0000, 2, '2007-11-20 16:09:08', 0, 0, 0, NULL, NULL, 0, 0);
INSERT INTO `oa_zones` (`zoneid`, `affiliateid`, `zonename`, `description`, `delivery`, `zonetype`, `what`, `width`, `height`, `chain`, `prepend`, `append`, `appendtype`, `category`, `ad_selection`, `forceappend`, `inventory_forecast_type`, `comments`, `cost`, `cost_type`, `cost_variable_id`, `technology_cost`, `technology_cost_type`, `updated`, `block`, `capping`, `session_capping`, `as_zone_id`) VALUES(3, 1, 'http://www.test1.org - Default', '', 0, 3, '', 120, 120, '', '', 0x5a6f6e65, 0, '', '', 'f', 0, '', 1.3333, 2, '', NULL, NULL, '2007-11-20 15:10:34', 0, 0, 0, NULL);
INSERT INTO `oa_placement_zone_assoc` (`placement_zone_assoc_id`, `zone_id`, `placement_id`) VALUES(3, 3, 3);

INSERT INTO `oa_banners` (`bannerid`, `contenttype`, `pluginversion`, `storagetype`, `filename`, `imageurl`, `htmltemplate`, `htmlcache`, `width`, `height`, `weight`, `seq`, `target`, `url`, `alt`, `keyword`, `bannertext`, `description`, `autohtml`, `block`, `capping`, `compiledlimitation`, `append`, `appendtype`, `bannertype`, `transparent`, `campaignid`, `adserver`, `session_capping`, `acl_plugins`, `alt_filename`, `alt_imageurl`, `alt_contenttype`, `comments`, `updated`, `parameters`, `acls_updated`, `statustext`, `an_banner_id`, `as_banner_id`, `status`) VALUES(11, 'gif', 0, 'sql', '120x120.gif', '', '', '', 120, 120, 1, 0, '', 'http://www.wp.pl', '', '', '', '', 'f', 0, 0, 0x74727565, 0x48744d6c202d20, 0, 0, 0, 3, '', 0, '', '', '', '', '', '2007-11-20 15:14:41', 'N;', '2007-11-20 15:14:41', '', NULL, NULL, 0);
INSERT INTO `oa_ad_zone_assoc` (`ad_zone_assoc_id`, `zone_id`, `ad_id`, `priority`, `link_type`, `priority_factor`, `to_be_delivered`) VALUES(11, 3, 11, 0, 0, 1, 1);
INSERT INTO `oa_banners` (`bannerid`, `contenttype`, `pluginversion`, `storagetype`, `filename`, `imageurl`, `htmltemplate`, `htmlcache`, `width`, `height`, `weight`, `seq`, `target`, `url`, `alt`, `keyword`, `bannertext`, `description`, `autohtml`, `block`, `capping`, `compiledlimitation`, `append`, `appendtype`, `bannertype`, `transparent`, `campaignid`, `adserver`, `session_capping`, `acl_plugins`, `alt_filename`, `alt_imageurl`, `alt_contenttype`, `comments`, `updated`, `parameters`, `acls_updated`, `statustext`, `an_banner_id`, `as_banner_id`, `status`) VALUES(12, 'gif', 0, 'sql', '120x120.gif', '', '', '', 120, 120, 1, 0, '', 'http://www.wp.pl', '', '', '', '', 'f', 0, 0, 0x74727565, 0x48744d6c202d20, 0, 0, 0, 3, '', 0, '', '', '', '', '', '2007-11-20 15:14:41', 'N;', '2007-11-20 15:14:41', '', NULL, NULL, 0);
INSERT INTO `oa_ad_zone_assoc` (`ad_zone_assoc_id`, `zone_id`, `ad_id`, `priority`, `link_type`, `priority_factor`, `to_be_delivered`) VALUES(12, 3, 12, 0, 0, 1, 1);
INSERT INTO `oa_banners` (`bannerid`, `contenttype`, `pluginversion`, `storagetype`, `filename`, `imageurl`, `htmltemplate`, `htmlcache`, `width`, `height`, `weight`, `seq`, `target`, `url`, `alt`, `keyword`, `bannertext`, `description`, `autohtml`, `block`, `capping`, `compiledlimitation`, `append`, `appendtype`, `bannertype`, `transparent`, `campaignid`, `adserver`, `session_capping`, `acl_plugins`, `alt_filename`, `alt_imageurl`, `alt_contenttype`, `comments`, `updated`, `parameters`, `acls_updated`, `statustext`, `an_banner_id`, `as_banner_id`, `status`) VALUES(13, 'gif', 0, 'sql', '120x120.gif', '', '', '', 120, 120, 1, 0, '', 'http://www.wp.pl', '', '', '', '', 'f', 0, 0, 0x74727565, 0x48744d6c202d20, 0, 0, 0, 3, '', 0, '', '', '', '', '', '2007-11-20 15:14:41', 'N;', '2007-11-20 15:14:41', '', NULL, NULL, 0);
INSERT INTO `oa_ad_zone_assoc` (`ad_zone_assoc_id`, `zone_id`, `ad_id`, `priority`, `link_type`, `priority_factor`, `to_be_delivered`) VALUES(13, 3, 13, 0, 0, 1, 1);
INSERT INTO `oa_banners` (`bannerid`, `contenttype`, `pluginversion`, `storagetype`, `filename`, `imageurl`, `htmltemplate`, `htmlcache`, `width`, `height`, `weight`, `seq`, `target`, `url`, `alt`, `keyword`, `bannertext`, `description`, `autohtml`, `block`, `capping`, `compiledlimitation`, `append`, `appendtype`, `bannertype`, `transparent`, `campaignid`, `adserver`, `session_capping`, `acl_plugins`, `alt_filename`, `alt_imageurl`, `alt_contenttype`, `comments`, `updated`, `parameters`, `acls_updated`, `statustext`, `an_banner_id`, `as_banner_id`, `status`) VALUES(14, 'gif', 0, 'sql', '120x120.gif', '', '', '', 120, 120, 1, 0, '', 'http://www.wp.pl', '', '', '', '', 'f', 0, 0, 0x74727565, 0x48744d6c202d20, 0, 0, 0, 3, '', 0, '', '', '', '', '', '2007-11-20 15:14:41', 'N;', '2007-11-20 15:14:41', '', NULL, NULL, 0);
INSERT INTO `oa_ad_zone_assoc` (`ad_zone_assoc_id`, `zone_id`, `ad_id`, `priority`, `link_type`, `priority_factor`, `to_be_delivered`) VALUES(14, 3, 14, 0, 0, 1, 1);
INSERT INTO `oa_banners` (`bannerid`, `contenttype`, `pluginversion`, `storagetype`, `filename`, `imageurl`, `htmltemplate`, `htmlcache`, `width`, `height`, `weight`, `seq`, `target`, `url`, `alt`, `keyword`, `bannertext`, `description`, `autohtml`, `block`, `capping`, `compiledlimitation`, `append`, `appendtype`, `bannertype`, `transparent`, `campaignid`, `adserver`, `session_capping`, `acl_plugins`, `alt_filename`, `alt_imageurl`, `alt_contenttype`, `comments`, `updated`, `parameters`, `acls_updated`, `statustext`, `an_banner_id`, `as_banner_id`, `status`) VALUES(15, 'gif', 0, 'sql', '120x120.gif', '', '', '', 120, 120, 1, 0, '', 'http://www.wp.pl', '', '', '', '', 'f', 0, 0, 0x74727565, 0x48744d6c202d20, 0, 0, 0, 3, '', 0, '', '', '', '', '', '2007-11-20 15:14:41', 'N;', '2007-11-20 15:14:41', '', NULL, NULL, 0);
INSERT INTO `oa_ad_zone_assoc` (`ad_zone_assoc_id`, `zone_id`, `ad_id`, `priority`, `link_type`, `priority_factor`, `to_be_delivered`) VALUES(15, 3, 15, 0, 0, 1, 1);
INSERT INTO `oa_campaigns` (`campaignid`, `campaignname`, `clientid`, `views`, `clicks`, `conversions`, `expire`, `activate`, `priority`, `weight`, `target_impression`, `target_click`, `target_conversion`, `anonymous`, `companion`, `comments`, `revenue`, `revenue_type`, `updated`, `block`, `capping`, `session_capping`, `an_campaign_id`, `as_campaign_id`, `status`, `an_status`) VALUES(4, 'QA - Default Campaign4', 1, 1000, 1000, 1000, '0000-00-00', '0000-00-00', -1, 1, 0, 0, 0, 'f', 0, '', 1.0000, 2, '2007-11-20 16:09:08', 0, 0, 0, NULL, NULL, 0, 0);
INSERT INTO `oa_zones` (`zoneid`, `affiliateid`, `zonename`, `description`, `delivery`, `zonetype`, `what`, `width`, `height`, `chain`, `prepend`, `append`, `appendtype`, `category`, `ad_selection`, `forceappend`, `inventory_forecast_type`, `comments`, `cost`, `cost_type`, `cost_variable_id`, `technology_cost`, `technology_cost_type`, `updated`, `block`, `capping`, `session_capping`, `as_zone_id`) VALUES(4, 1, 'http://www.test1.org - Default', '', 0, 3, '', 120, 120, '', '', 0x5a6f6e65, 0, '', '', 'f', 0, '', 1.3333, 2, '', NULL, NULL, '2007-11-20 15:10:34', 0, 0, 0, NULL);
INSERT INTO `oa_placement_zone_assoc` (`placement_zone_assoc_id`, `zone_id`, `placement_id`) VALUES(4, 4, 4);

INSERT INTO `oa_banners` (`bannerid`, `contenttype`, `pluginversion`, `storagetype`, `filename`, `imageurl`, `htmltemplate`, `htmlcache`, `width`, `height`, `weight`, `seq`, `target`, `url`, `alt`, `keyword`, `bannertext`, `description`, `autohtml`, `block`, `capping`, `compiledlimitation`, `append`, `appendtype`, `bannertype`, `transparent`, `campaignid`, `adserver`, `session_capping`, `acl_plugins`, `alt_filename`, `alt_imageurl`, `alt_contenttype`, `comments`, `updated`, `parameters`, `acls_updated`, `statustext`, `an_banner_id`, `as_banner_id`, `status`) VALUES(16, 'gif', 0, 'sql', '120x120.gif', '', '', '', 120, 120, 1, 0, '', 'http://www.wp.pl', '', '', '', '', 'f', 0, 0, 0x74727565, 0x48744d6c202d20, 0, 0, 0, 4, '', 0, '', '', '', '', '', '2007-11-20 15:14:41', 'N;', '2007-11-20 15:14:41', '', NULL, NULL, 0);
INSERT INTO `oa_ad_zone_assoc` (`ad_zone_assoc_id`, `zone_id`, `ad_id`, `priority`, `link_type`, `priority_factor`, `to_be_delivered`) VALUES(16, 4, 16, 0, 0, 1, 1);
INSERT INTO `oa_banners` (`bannerid`, `contenttype`, `pluginversion`, `storagetype`, `filename`, `imageurl`, `htmltemplate`, `htmlcache`, `width`, `height`, `weight`, `seq`, `target`, `url`, `alt`, `keyword`, `bannertext`, `description`, `autohtml`, `block`, `capping`, `compiledlimitation`, `append`, `appendtype`, `bannertype`, `transparent`, `campaignid`, `adserver`, `session_capping`, `acl_plugins`, `alt_filename`, `alt_imageurl`, `alt_contenttype`, `comments`, `updated`, `parameters`, `acls_updated`, `statustext`, `an_banner_id`, `as_banner_id`, `status`) VALUES(17, 'gif', 0, 'sql', '120x120.gif', '', '', '', 120, 120, 1, 0, '', 'http://www.wp.pl', '', '', '', '', 'f', 0, 0, 0x74727565, 0x48744d6c202d20, 0, 0, 0, 4, '', 0, '', '', '', '', '', '2007-11-20 15:14:41', 'N;', '2007-11-20 15:14:41', '', NULL, NULL, 0);
INSERT INTO `oa_ad_zone_assoc` (`ad_zone_assoc_id`, `zone_id`, `ad_id`, `priority`, `link_type`, `priority_factor`, `to_be_delivered`) VALUES(17, 4, 17, 0, 0, 1, 1);
INSERT INTO `oa_banners` (`bannerid`, `contenttype`, `pluginversion`, `storagetype`, `filename`, `imageurl`, `htmltemplate`, `htmlcache`, `width`, `height`, `weight`, `seq`, `target`, `url`, `alt`, `keyword`, `bannertext`, `description`, `autohtml`, `block`, `capping`, `compiledlimitation`, `append`, `appendtype`, `bannertype`, `transparent`, `campaignid`, `adserver`, `session_capping`, `acl_plugins`, `alt_filename`, `alt_imageurl`, `alt_contenttype`, `comments`, `updated`, `parameters`, `acls_updated`, `statustext`, `an_banner_id`, `as_banner_id`, `status`) VALUES(18, 'gif', 0, 'sql', '120x120.gif', '', '', '', 120, 120, 1, 0, '', 'http://www.wp.pl', '', '', '', '', 'f', 0, 0, 0x74727565, 0x48744d6c202d20, 0, 0, 0, 4, '', 0, '', '', '', '', '', '2007-11-20 15:14:41', 'N;', '2007-11-20 15:14:41', '', NULL, NULL, 0);
INSERT INTO `oa_ad_zone_assoc` (`ad_zone_assoc_id`, `zone_id`, `ad_id`, `priority`, `link_type`, `priority_factor`, `to_be_delivered`) VALUES(18, 4, 18, 0, 0, 1, 1);
INSERT INTO `oa_banners` (`bannerid`, `contenttype`, `pluginversion`, `storagetype`, `filename`, `imageurl`, `htmltemplate`, `htmlcache`, `width`, `height`, `weight`, `seq`, `target`, `url`, `alt`, `keyword`, `bannertext`, `description`, `autohtml`, `block`, `capping`, `compiledlimitation`, `append`, `appendtype`, `bannertype`, `transparent`, `campaignid`, `adserver`, `session_capping`, `acl_plugins`, `alt_filename`, `alt_imageurl`, `alt_contenttype`, `comments`, `updated`, `parameters`, `acls_updated`, `statustext`, `an_banner_id`, `as_banner_id`, `status`) VALUES(19, 'gif', 0, 'sql', '120x120.gif', '', '', '', 120, 120, 1, 0, '', 'http://www.wp.pl', '', '', '', '', 'f', 0, 0, 0x74727565, 0x48744d6c202d20, 0, 0, 0, 4, '', 0, '', '', '', '', '', '2007-11-20 15:14:41', 'N;', '2007-11-20 15:14:41', '', NULL, NULL, 0);
INSERT INTO `oa_ad_zone_assoc` (`ad_zone_assoc_id`, `zone_id`, `ad_id`, `priority`, `link_type`, `priority_factor`, `to_be_delivered`) VALUES(19, 4, 19, 0, 0, 1, 1);
INSERT INTO `oa_banners` (`bannerid`, `contenttype`, `pluginversion`, `storagetype`, `filename`, `imageurl`, `htmltemplate`, `htmlcache`, `width`, `height`, `weight`, `seq`, `target`, `url`, `alt`, `keyword`, `bannertext`, `description`, `autohtml`, `block`, `capping`, `compiledlimitation`, `append`, `appendtype`, `bannertype`, `transparent`, `campaignid`, `adserver`, `session_capping`, `acl_plugins`, `alt_filename`, `alt_imageurl`, `alt_contenttype`, `comments`, `updated`, `parameters`, `acls_updated`, `statustext`, `an_banner_id`, `as_banner_id`, `status`) VALUES(20, 'gif', 0, 'sql', '120x120.gif', '', '', '', 120, 120, 1, 0, '', 'http://www.wp.pl', '', '', '', '', 'f', 0, 0, 0x74727565, 0x48744d6c202d20, 0, 0, 0, 4, '', 0, '', '', '', '', '', '2007-11-20 15:14:41', 'N;', '2007-11-20 15:14:41', '', NULL, NULL, 0);
INSERT INTO `oa_ad_zone_assoc` (`ad_zone_assoc_id`, `zone_id`, `ad_id`, `priority`, `link_type`, `priority_factor`, `to_be_delivered`) VALUES(20, 4, 20, 0, 0, 1, 1);
INSERT INTO `oa_campaigns` (`campaignid`, `campaignname`, `clientid`, `views`, `clicks`, `conversions`, `expire`, `activate`, `priority`, `weight`, `target_impression`, `target_click`, `target_conversion`, `anonymous`, `companion`, `comments`, `revenue`, `revenue_type`, `updated`, `block`, `capping`, `session_capping`, `an_campaign_id`, `as_campaign_id`, `status`, `an_status`) VALUES(5, 'QA - Default Campaign5', 1, 1000, 1000, 1000, '0000-00-00', '0000-00-00', -1, 1, 0, 0, 0, 'f', 0, '', 1.0000, 2, '2007-11-20 16:09:08', 0, 0, 0, NULL, NULL, 0, 0);
INSERT INTO `oa_zones` (`zoneid`, `affiliateid`, `zonename`, `description`, `delivery`, `zonetype`, `what`, `width`, `height`, `chain`, `prepend`, `append`, `appendtype`, `category`, `ad_selection`, `forceappend`, `inventory_forecast_type`, `comments`, `cost`, `cost_type`, `cost_variable_id`, `technology_cost`, `technology_cost_type`, `updated`, `block`, `capping`, `session_capping`, `as_zone_id`) VALUES(5, 1, 'http://www.test1.org - Default', '', 0, 3, '', 120, 120, '', '', 0x5a6f6e65, 0, '', '', 'f', 0, '', 1.3333, 2, '', NULL, NULL, '2007-11-20 15:10:34', 0, 0, 0, NULL);
INSERT INTO `oa_placement_zone_assoc` (`placement_zone_assoc_id`, `zone_id`, `placement_id`) VALUES(5, 5, 5);

INSERT INTO `oa_banners` (`bannerid`, `contenttype`, `pluginversion`, `storagetype`, `filename`, `imageurl`, `htmltemplate`, `htmlcache`, `width`, `height`, `weight`, `seq`, `target`, `url`, `alt`, `keyword`, `bannertext`, `description`, `autohtml`, `block`, `capping`, `compiledlimitation`, `append`, `appendtype`, `bannertype`, `transparent`, `campaignid`, `adserver`, `session_capping`, `acl_plugins`, `alt_filename`, `alt_imageurl`, `alt_contenttype`, `comments`, `updated`, `parameters`, `acls_updated`, `statustext`, `an_banner_id`, `as_banner_id`, `status`) VALUES(21, 'gif', 0, 'sql', '120x120.gif', '', '', '', 120, 120, 1, 0, '', 'http://www.wp.pl', '', '', '', '', 'f', 0, 0, 0x74727565, 0x48744d6c202d20, 0, 0, 0, 5, '', 0, '', '', '', '', '', '2007-11-20 15:14:41', 'N;', '2007-11-20 15:14:41', '', NULL, NULL, 0);
INSERT INTO `oa_ad_zone_assoc` (`ad_zone_assoc_id`, `zone_id`, `ad_id`, `priority`, `link_type`, `priority_factor`, `to_be_delivered`) VALUES(21, 5, 21, 0, 0, 1, 1);
INSERT INTO `oa_banners` (`bannerid`, `contenttype`, `pluginversion`, `storagetype`, `filename`, `imageurl`, `htmltemplate`, `htmlcache`, `width`, `height`, `weight`, `seq`, `target`, `url`, `alt`, `keyword`, `bannertext`, `description`, `autohtml`, `block`, `capping`, `compiledlimitation`, `append`, `appendtype`, `bannertype`, `transparent`, `campaignid`, `adserver`, `session_capping`, `acl_plugins`, `alt_filename`, `alt_imageurl`, `alt_contenttype`, `comments`, `updated`, `parameters`, `acls_updated`, `statustext`, `an_banner_id`, `as_banner_id`, `status`) VALUES(22, 'gif', 0, 'sql', '120x120.gif', '', '', '', 120, 120, 1, 0, '', 'http://www.wp.pl', '', '', '', '', 'f', 0, 0, 0x74727565, 0x48744d6c202d20, 0, 0, 0, 5, '', 0, '', '', '', '', '', '2007-11-20 15:14:41', 'N;', '2007-11-20 15:14:41', '', NULL, NULL, 0);
INSERT INTO `oa_ad_zone_assoc` (`ad_zone_assoc_id`, `zone_id`, `ad_id`, `priority`, `link_type`, `priority_factor`, `to_be_delivered`) VALUES(22, 5, 22, 0, 0, 1, 1);
INSERT INTO `oa_banners` (`bannerid`, `contenttype`, `pluginversion`, `storagetype`, `filename`, `imageurl`, `htmltemplate`, `htmlcache`, `width`, `height`, `weight`, `seq`, `target`, `url`, `alt`, `keyword`, `bannertext`, `description`, `autohtml`, `block`, `capping`, `compiledlimitation`, `append`, `appendtype`, `bannertype`, `transparent`, `campaignid`, `adserver`, `session_capping`, `acl_plugins`, `alt_filename`, `alt_imageurl`, `alt_contenttype`, `comments`, `updated`, `parameters`, `acls_updated`, `statustext`, `an_banner_id`, `as_banner_id`, `status`) VALUES(23, 'gif', 0, 'sql', '120x120.gif', '', '', '', 120, 120, 1, 0, '', 'http://www.wp.pl', '', '', '', '', 'f', 0, 0, 0x74727565, 0x48744d6c202d20, 0, 0, 0, 5, '', 0, '', '', '', '', '', '2007-11-20 15:14:41', 'N;', '2007-11-20 15:14:41', '', NULL, NULL, 0);
INSERT INTO `oa_ad_zone_assoc` (`ad_zone_assoc_id`, `zone_id`, `ad_id`, `priority`, `link_type`, `priority_factor`, `to_be_delivered`) VALUES(23, 5, 23, 0, 0, 1, 1);
INSERT INTO `oa_banners` (`bannerid`, `contenttype`, `pluginversion`, `storagetype`, `filename`, `imageurl`, `htmltemplate`, `htmlcache`, `width`, `height`, `weight`, `seq`, `target`, `url`, `alt`, `keyword`, `bannertext`, `description`, `autohtml`, `block`, `capping`, `compiledlimitation`, `append`, `appendtype`, `bannertype`, `transparent`, `campaignid`, `adserver`, `session_capping`, `acl_plugins`, `alt_filename`, `alt_imageurl`, `alt_contenttype`, `comments`, `updated`, `parameters`, `acls_updated`, `statustext`, `an_banner_id`, `as_banner_id`, `status`) VALUES(24, 'gif', 0, 'sql', '120x120.gif', '', '', '', 120, 120, 1, 0, '', 'http://www.wp.pl', '', '', '', '', 'f', 0, 0, 0x74727565, 0x48744d6c202d20, 0, 0, 0, 5, '', 0, '', '', '', '', '', '2007-11-20 15:14:41', 'N;', '2007-11-20 15:14:41', '', NULL, NULL, 0);
INSERT INTO `oa_ad_zone_assoc` (`ad_zone_assoc_id`, `zone_id`, `ad_id`, `priority`, `link_type`, `priority_factor`, `to_be_delivered`) VALUES(24, 5, 24, 0, 0, 1, 1);
INSERT INTO `oa_banners` (`bannerid`, `contenttype`, `pluginversion`, `storagetype`, `filename`, `imageurl`, `htmltemplate`, `htmlcache`, `width`, `height`, `weight`, `seq`, `target`, `url`, `alt`, `keyword`, `bannertext`, `description`, `autohtml`, `block`, `capping`, `compiledlimitation`, `append`, `appendtype`, `bannertype`, `transparent`, `campaignid`, `adserver`, `session_capping`, `acl_plugins`, `alt_filename`, `alt_imageurl`, `alt_contenttype`, `comments`, `updated`, `parameters`, `acls_updated`, `statustext`, `an_banner_id`, `as_banner_id`, `status`) VALUES(25, 'gif', 0, 'sql', '120x120.gif', '', '', '', 120, 120, 1, 0, '', 'http://www.wp.pl', '', '', '', '', 'f', 0, 0, 0x74727565, 0x48744d6c202d20, 0, 0, 0, 5, '', 0, '', '', '', '', '', '2007-11-20 15:14:41', 'N;', '2007-11-20 15:14:41', '', NULL, NULL, 0);
INSERT INTO `oa_ad_zone_assoc` (`ad_zone_assoc_id`, `zone_id`, `ad_id`, `priority`, `link_type`, `priority_factor`, `to_be_delivered`) VALUES(25, 5, 25, 0, 0, 1, 1);
INSERT INTO `oa_campaigns` (`campaignid`, `campaignname`, `clientid`, `views`, `clicks`, `conversions`, `expire`, `activate`, `priority`, `weight`, `target_impression`, `target_click`, `target_conversion`, `anonymous`, `companion`, `comments`, `revenue`, `revenue_type`, `updated`, `block`, `capping`, `session_capping`, `an_campaign_id`, `as_campaign_id`, `status`, `an_status`) VALUES(6, 'QA - Default Campaign6', 1, 1000, 1000, 1000, '0000-00-00', '0000-00-00', -1, 1, 0, 0, 0, 'f', 0, '', 1.0000, 2, '2007-11-20 16:09:08', 0, 0, 0, NULL, NULL, 0, 0);
INSERT INTO `oa_zones` (`zoneid`, `affiliateid`, `zonename`, `description`, `delivery`, `zonetype`, `what`, `width`, `height`, `chain`, `prepend`, `append`, `appendtype`, `category`, `ad_selection`, `forceappend`, `inventory_forecast_type`, `comments`, `cost`, `cost_type`, `cost_variable_id`, `technology_cost`, `technology_cost_type`, `updated`, `block`, `capping`, `session_capping`, `as_zone_id`) VALUES(6, 1, 'http://www.test1.org - Default', '', 0, 3, '', 120, 120, '', '', 0x5a6f6e65, 0, '', '', 'f', 0, '', 1.3333, 2, '', NULL, NULL, '2007-11-20 15:10:34', 0, 0, 0, NULL);
INSERT INTO `oa_placement_zone_assoc` (`placement_zone_assoc_id`, `zone_id`, `placement_id`) VALUES(6, 6, 6);

INSERT INTO `oa_banners` (`bannerid`, `contenttype`, `pluginversion`, `storagetype`, `filename`, `imageurl`, `htmltemplate`, `htmlcache`, `width`, `height`, `weight`, `seq`, `target`, `url`, `alt`, `keyword`, `bannertext`, `description`, `autohtml`, `block`, `capping`, `compiledlimitation`, `append`, `appendtype`, `bannertype`, `transparent`, `campaignid`, `adserver`, `session_capping`, `acl_plugins`, `alt_filename`, `alt_imageurl`, `alt_contenttype`, `comments`, `updated`, `parameters`, `acls_updated`, `statustext`, `an_banner_id`, `as_banner_id`, `status`) VALUES(26, 'gif', 0, 'sql', '120x120.gif', '', '', '', 120, 120, 1, 0, '', 'http://www.wp.pl', '', '', '', '', 'f', 0, 0, 0x74727565, 0x48744d6c202d20, 0, 0, 0, 6, '', 0, '', '', '', '', '', '2007-11-20 15:14:41', 'N;', '2007-11-20 15:14:41', '', NULL, NULL, 0);
INSERT INTO `oa_ad_zone_assoc` (`ad_zone_assoc_id`, `zone_id`, `ad_id`, `priority`, `link_type`, `priority_factor`, `to_be_delivered`) VALUES(26, 6, 26, 0, 0, 1, 1);
INSERT INTO `oa_banners` (`bannerid`, `contenttype`, `pluginversion`, `storagetype`, `filename`, `imageurl`, `htmltemplate`, `htmlcache`, `width`, `height`, `weight`, `seq`, `target`, `url`, `alt`, `keyword`, `bannertext`, `description`, `autohtml`, `block`, `capping`, `compiledlimitation`, `append`, `appendtype`, `bannertype`, `transparent`, `campaignid`, `adserver`, `session_capping`, `acl_plugins`, `alt_filename`, `alt_imageurl`, `alt_contenttype`, `comments`, `updated`, `parameters`, `acls_updated`, `statustext`, `an_banner_id`, `as_banner_id`, `status`) VALUES(27, 'gif', 0, 'sql', '120x120.gif', '', '', '', 120, 120, 1, 0, '', 'http://www.wp.pl', '', '', '', '', 'f', 0, 0, 0x74727565, 0x48744d6c202d20, 0, 0, 0, 6, '', 0, '', '', '', '', '', '2007-11-20 15:14:41', 'N;', '2007-11-20 15:14:41', '', NULL, NULL, 0);
INSERT INTO `oa_ad_zone_assoc` (`ad_zone_assoc_id`, `zone_id`, `ad_id`, `priority`, `link_type`, `priority_factor`, `to_be_delivered`) VALUES(27, 6, 27, 0, 0, 1, 1);
INSERT INTO `oa_banners` (`bannerid`, `contenttype`, `pluginversion`, `storagetype`, `filename`, `imageurl`, `htmltemplate`, `htmlcache`, `width`, `height`, `weight`, `seq`, `target`, `url`, `alt`, `keyword`, `bannertext`, `description`, `autohtml`, `block`, `capping`, `compiledlimitation`, `append`, `appendtype`, `bannertype`, `transparent`, `campaignid`, `adserver`, `session_capping`, `acl_plugins`, `alt_filename`, `alt_imageurl`, `alt_contenttype`, `comments`, `updated`, `parameters`, `acls_updated`, `statustext`, `an_banner_id`, `as_banner_id`, `status`) VALUES(28, 'gif', 0, 'sql', '120x120.gif', '', '', '', 120, 120, 1, 0, '', 'http://www.wp.pl', '', '', '', '', 'f', 0, 0, 0x74727565, 0x48744d6c202d20, 0, 0, 0, 6, '', 0, '', '', '', '', '', '2007-11-20 15:14:41', 'N;', '2007-11-20 15:14:41', '', NULL, NULL, 0);
INSERT INTO `oa_ad_zone_assoc` (`ad_zone_assoc_id`, `zone_id`, `ad_id`, `priority`, `link_type`, `priority_factor`, `to_be_delivered`) VALUES(28, 6, 28, 0, 0, 1, 1);
INSERT INTO `oa_banners` (`bannerid`, `contenttype`, `pluginversion`, `storagetype`, `filename`, `imageurl`, `htmltemplate`, `htmlcache`, `width`, `height`, `weight`, `seq`, `target`, `url`, `alt`, `keyword`, `bannertext`, `description`, `autohtml`, `block`, `capping`, `compiledlimitation`, `append`, `appendtype`, `bannertype`, `transparent`, `campaignid`, `adserver`, `session_capping`, `acl_plugins`, `alt_filename`, `alt_imageurl`, `alt_contenttype`, `comments`, `updated`, `parameters`, `acls_updated`, `statustext`, `an_banner_id`, `as_banner_id`, `status`) VALUES(29, 'gif', 0, 'sql', '120x120.gif', '', '', '', 120, 120, 1, 0, '', 'http://www.wp.pl', '', '', '', '', 'f', 0, 0, 0x74727565, 0x48744d6c202d20, 0, 0, 0, 6, '', 0, '', '', '', '', '', '2007-11-20 15:14:41', 'N;', '2007-11-20 15:14:41', '', NULL, NULL, 0);
INSERT INTO `oa_ad_zone_assoc` (`ad_zone_assoc_id`, `zone_id`, `ad_id`, `priority`, `link_type`, `priority_factor`, `to_be_delivered`) VALUES(29, 6, 29, 0, 0, 1, 1);
INSERT INTO `oa_banners` (`bannerid`, `contenttype`, `pluginversion`, `storagetype`, `filename`, `imageurl`, `htmltemplate`, `htmlcache`, `width`, `height`, `weight`, `seq`, `target`, `url`, `alt`, `keyword`, `bannertext`, `description`, `autohtml`, `block`, `capping`, `compiledlimitation`, `append`, `appendtype`, `bannertype`, `transparent`, `campaignid`, `adserver`, `session_capping`, `acl_plugins`, `alt_filename`, `alt_imageurl`, `alt_contenttype`, `comments`, `updated`, `parameters`, `acls_updated`, `statustext`, `an_banner_id`, `as_banner_id`, `status`) VALUES(30, 'gif', 0, 'sql', '120x120.gif', '', '', '', 120, 120, 1, 0, '', 'http://www.wp.pl', '', '', '', '', 'f', 0, 0, 0x74727565, 0x48744d6c202d20, 0, 0, 0, 6, '', 0, '', '', '', '', '', '2007-11-20 15:14:41', 'N;', '2007-11-20 15:14:41', '', NULL, NULL, 0);
INSERT INTO `oa_ad_zone_assoc` (`ad_zone_assoc_id`, `zone_id`, `ad_id`, `priority`, `link_type`, `priority_factor`, `to_be_delivered`) VALUES(30, 6, 30, 0, 0, 1, 1);
INSERT INTO `oa_campaigns` (`campaignid`, `campaignname`, `clientid`, `views`, `clicks`, `conversions`, `expire`, `activate`, `priority`, `weight`, `target_impression`, `target_click`, `target_conversion`, `anonymous`, `companion`, `comments`, `revenue`, `revenue_type`, `updated`, `block`, `capping`, `session_capping`, `an_campaign_id`, `as_campaign_id`, `status`, `an_status`) VALUES(7, 'QA - Default Campaign7', 1, 1000, 1000, 1000, '0000-00-00', '0000-00-00', -1, 1, 0, 0, 0, 'f', 0, '', 1.0000, 2, '2007-11-20 16:09:08', 0, 0, 0, NULL, NULL, 0, 0);
INSERT INTO `oa_zones` (`zoneid`, `affiliateid`, `zonename`, `description`, `delivery`, `zonetype`, `what`, `width`, `height`, `chain`, `prepend`, `append`, `appendtype`, `category`, `ad_selection`, `forceappend`, `inventory_forecast_type`, `comments`, `cost`, `cost_type`, `cost_variable_id`, `technology_cost`, `technology_cost_type`, `updated`, `block`, `capping`, `session_capping`, `as_zone_id`) VALUES(7, 1, 'http://www.test1.org - Default', '', 0, 3, '', 120, 120, '', '', 0x5a6f6e65, 0, '', '', 'f', 0, '', 1.3333, 2, '', NULL, NULL, '2007-11-20 15:10:34', 0, 0, 0, NULL);
INSERT INTO `oa_placement_zone_assoc` (`placement_zone_assoc_id`, `zone_id`, `placement_id`) VALUES(7, 7, 7);

INSERT INTO `oa_banners` (`bannerid`, `contenttype`, `pluginversion`, `storagetype`, `filename`, `imageurl`, `htmltemplate`, `htmlcache`, `width`, `height`, `weight`, `seq`, `target`, `url`, `alt`, `keyword`, `bannertext`, `description`, `autohtml`, `block`, `capping`, `compiledlimitation`, `append`, `appendtype`, `bannertype`, `transparent`, `campaignid`, `adserver`, `session_capping`, `acl_plugins`, `alt_filename`, `alt_imageurl`, `alt_contenttype`, `comments`, `updated`, `parameters`, `acls_updated`, `statustext`, `an_banner_id`, `as_banner_id`, `status`) VALUES(31, 'gif', 0, 'sql', '120x120.gif', '', '', '', 120, 120, 1, 0, '', 'http://www.wp.pl', '', '', '', '', 'f', 0, 0, 0x74727565, 0x48744d6c202d20, 0, 0, 0, 7, '', 0, '', '', '', '', '', '2007-11-20 15:14:41', 'N;', '2007-11-20 15:14:41', '', NULL, NULL, 0);
INSERT INTO `oa_ad_zone_assoc` (`ad_zone_assoc_id`, `zone_id`, `ad_id`, `priority`, `link_type`, `priority_factor`, `to_be_delivered`) VALUES(31, 7, 31, 0, 0, 1, 1);
INSERT INTO `oa_banners` (`bannerid`, `contenttype`, `pluginversion`, `storagetype`, `filename`, `imageurl`, `htmltemplate`, `htmlcache`, `width`, `height`, `weight`, `seq`, `target`, `url`, `alt`, `keyword`, `bannertext`, `description`, `autohtml`, `block`, `capping`, `compiledlimitation`, `append`, `appendtype`, `bannertype`, `transparent`, `campaignid`, `adserver`, `session_capping`, `acl_plugins`, `alt_filename`, `alt_imageurl`, `alt_contenttype`, `comments`, `updated`, `parameters`, `acls_updated`, `statustext`, `an_banner_id`, `as_banner_id`, `status`) VALUES(32, 'gif', 0, 'sql', '120x120.gif', '', '', '', 120, 120, 1, 0, '', 'http://www.wp.pl', '', '', '', '', 'f', 0, 0, 0x74727565, 0x48744d6c202d20, 0, 0, 0, 7, '', 0, '', '', '', '', '', '2007-11-20 15:14:41', 'N;', '2007-11-20 15:14:41', '', NULL, NULL, 0);
INSERT INTO `oa_ad_zone_assoc` (`ad_zone_assoc_id`, `zone_id`, `ad_id`, `priority`, `link_type`, `priority_factor`, `to_be_delivered`) VALUES(32, 7, 32, 0, 0, 1, 1);
INSERT INTO `oa_banners` (`bannerid`, `contenttype`, `pluginversion`, `storagetype`, `filename`, `imageurl`, `htmltemplate`, `htmlcache`, `width`, `height`, `weight`, `seq`, `target`, `url`, `alt`, `keyword`, `bannertext`, `description`, `autohtml`, `block`, `capping`, `compiledlimitation`, `append`, `appendtype`, `bannertype`, `transparent`, `campaignid`, `adserver`, `session_capping`, `acl_plugins`, `alt_filename`, `alt_imageurl`, `alt_contenttype`, `comments`, `updated`, `parameters`, `acls_updated`, `statustext`, `an_banner_id`, `as_banner_id`, `status`) VALUES(33, 'gif', 0, 'sql', '120x120.gif', '', '', '', 120, 120, 1, 0, '', 'http://www.wp.pl', '', '', '', '', 'f', 0, 0, 0x74727565, 0x48744d6c202d20, 0, 0, 0, 7, '', 0, '', '', '', '', '', '2007-11-20 15:14:41', 'N;', '2007-11-20 15:14:41', '', NULL, NULL, 0);
INSERT INTO `oa_ad_zone_assoc` (`ad_zone_assoc_id`, `zone_id`, `ad_id`, `priority`, `link_type`, `priority_factor`, `to_be_delivered`) VALUES(33, 7, 33, 0, 0, 1, 1);
INSERT INTO `oa_banners` (`bannerid`, `contenttype`, `pluginversion`, `storagetype`, `filename`, `imageurl`, `htmltemplate`, `htmlcache`, `width`, `height`, `weight`, `seq`, `target`, `url`, `alt`, `keyword`, `bannertext`, `description`, `autohtml`, `block`, `capping`, `compiledlimitation`, `append`, `appendtype`, `bannertype`, `transparent`, `campaignid`, `adserver`, `session_capping`, `acl_plugins`, `alt_filename`, `alt_imageurl`, `alt_contenttype`, `comments`, `updated`, `parameters`, `acls_updated`, `statustext`, `an_banner_id`, `as_banner_id`, `status`) VALUES(34, 'gif', 0, 'sql', '120x120.gif', '', '', '', 120, 120, 1, 0, '', 'http://www.wp.pl', '', '', '', '', 'f', 0, 0, 0x74727565, 0x48744d6c202d20, 0, 0, 0, 7, '', 0, '', '', '', '', '', '2007-11-20 15:14:41', 'N;', '2007-11-20 15:14:41', '', NULL, NULL, 0);
INSERT INTO `oa_ad_zone_assoc` (`ad_zone_assoc_id`, `zone_id`, `ad_id`, `priority`, `link_type`, `priority_factor`, `to_be_delivered`) VALUES(34, 7, 34, 0, 0, 1, 1);
INSERT INTO `oa_banners` (`bannerid`, `contenttype`, `pluginversion`, `storagetype`, `filename`, `imageurl`, `htmltemplate`, `htmlcache`, `width`, `height`, `weight`, `seq`, `target`, `url`, `alt`, `keyword`, `bannertext`, `description`, `autohtml`, `block`, `capping`, `compiledlimitation`, `append`, `appendtype`, `bannertype`, `transparent`, `campaignid`, `adserver`, `session_capping`, `acl_plugins`, `alt_filename`, `alt_imageurl`, `alt_contenttype`, `comments`, `updated`, `parameters`, `acls_updated`, `statustext`, `an_banner_id`, `as_banner_id`, `status`) VALUES(35, 'gif', 0, 'sql', '120x120.gif', '', '', '', 120, 120, 1, 0, '', 'http://www.wp.pl', '', '', '', '', 'f', 0, 0, 0x74727565, 0x48744d6c202d20, 0, 0, 0, 7, '', 0, '', '', '', '', '', '2007-11-20 15:14:41', 'N;', '2007-11-20 15:14:41', '', NULL, NULL, 0);
INSERT INTO `oa_ad_zone_assoc` (`ad_zone_assoc_id`, `zone_id`, `ad_id`, `priority`, `link_type`, `priority_factor`, `to_be_delivered`) VALUES(35, 7, 35, 0, 0, 1, 1);
INSERT INTO `oa_campaigns` (`campaignid`, `campaignname`, `clientid`, `views`, `clicks`, `conversions`, `expire`, `activate`, `priority`, `weight`, `target_impression`, `target_click`, `target_conversion`, `anonymous`, `companion`, `comments`, `revenue`, `revenue_type`, `updated`, `block`, `capping`, `session_capping`, `an_campaign_id`, `as_campaign_id`, `status`, `an_status`) VALUES(8, 'QA - Default Campaign8', 1, 1000, 1000, 1000, '0000-00-00', '0000-00-00', -1, 1, 0, 0, 0, 'f', 0, '', 1.0000, 2, '2007-11-20 16:09:08', 0, 0, 0, NULL, NULL, 0, 0);
INSERT INTO `oa_zones` (`zoneid`, `affiliateid`, `zonename`, `description`, `delivery`, `zonetype`, `what`, `width`, `height`, `chain`, `prepend`, `append`, `appendtype`, `category`, `ad_selection`, `forceappend`, `inventory_forecast_type`, `comments`, `cost`, `cost_type`, `cost_variable_id`, `technology_cost`, `technology_cost_type`, `updated`, `block`, `capping`, `session_capping`, `as_zone_id`) VALUES(8, 1, 'http://www.test1.org - Default', '', 0, 3, '', 120, 120, '', '', 0x5a6f6e65, 0, '', '', 'f', 0, '', 1.3333, 2, '', NULL, NULL, '2007-11-20 15:10:34', 0, 0, 0, NULL);
INSERT INTO `oa_placement_zone_assoc` (`placement_zone_assoc_id`, `zone_id`, `placement_id`) VALUES(8, 8, 8);

INSERT INTO `oa_banners` (`bannerid`, `contenttype`, `pluginversion`, `storagetype`, `filename`, `imageurl`, `htmltemplate`, `htmlcache`, `width`, `height`, `weight`, `seq`, `target`, `url`, `alt`, `keyword`, `bannertext`, `description`, `autohtml`, `block`, `capping`, `compiledlimitation`, `append`, `appendtype`, `bannertype`, `transparent`, `campaignid`, `adserver`, `session_capping`, `acl_plugins`, `alt_filename`, `alt_imageurl`, `alt_contenttype`, `comments`, `updated`, `parameters`, `acls_updated`, `statustext`, `an_banner_id`, `as_banner_id`, `status`) VALUES(36, 'gif', 0, 'sql', '120x120.gif', '', '', '', 120, 120, 1, 0, '', 'http://www.wp.pl', '', '', '', '', 'f', 0, 0, 0x74727565, 0x48744d6c202d20, 0, 0, 0, 8, '', 0, '', '', '', '', '', '2007-11-20 15:14:41', 'N;', '2007-11-20 15:14:41', '', NULL, NULL, 0);
INSERT INTO `oa_ad_zone_assoc` (`ad_zone_assoc_id`, `zone_id`, `ad_id`, `priority`, `link_type`, `priority_factor`, `to_be_delivered`) VALUES(36, 8, 36, 0, 0, 1, 1);
INSERT INTO `oa_banners` (`bannerid`, `contenttype`, `pluginversion`, `storagetype`, `filename`, `imageurl`, `htmltemplate`, `htmlcache`, `width`, `height`, `weight`, `seq`, `target`, `url`, `alt`, `keyword`, `bannertext`, `description`, `autohtml`, `block`, `capping`, `compiledlimitation`, `append`, `appendtype`, `bannertype`, `transparent`, `campaignid`, `adserver`, `session_capping`, `acl_plugins`, `alt_filename`, `alt_imageurl`, `alt_contenttype`, `comments`, `updated`, `parameters`, `acls_updated`, `statustext`, `an_banner_id`, `as_banner_id`, `status`) VALUES(37, 'gif', 0, 'sql', '120x120.gif', '', '', '', 120, 120, 1, 0, '', 'http://www.wp.pl', '', '', '', '', 'f', 0, 0, 0x74727565, 0x48744d6c202d20, 0, 0, 0, 8, '', 0, '', '', '', '', '', '2007-11-20 15:14:41', 'N;', '2007-11-20 15:14:41', '', NULL, NULL, 0);
INSERT INTO `oa_ad_zone_assoc` (`ad_zone_assoc_id`, `zone_id`, `ad_id`, `priority`, `link_type`, `priority_factor`, `to_be_delivered`) VALUES(37, 8, 37, 0, 0, 1, 1);
INSERT INTO `oa_banners` (`bannerid`, `contenttype`, `pluginversion`, `storagetype`, `filename`, `imageurl`, `htmltemplate`, `htmlcache`, `width`, `height`, `weight`, `seq`, `target`, `url`, `alt`, `keyword`, `bannertext`, `description`, `autohtml`, `block`, `capping`, `compiledlimitation`, `append`, `appendtype`, `bannertype`, `transparent`, `campaignid`, `adserver`, `session_capping`, `acl_plugins`, `alt_filename`, `alt_imageurl`, `alt_contenttype`, `comments`, `updated`, `parameters`, `acls_updated`, `statustext`, `an_banner_id`, `as_banner_id`, `status`) VALUES(38, 'gif', 0, 'sql', '120x120.gif', '', '', '', 120, 120, 1, 0, '', 'http://www.wp.pl', '', '', '', '', 'f', 0, 0, 0x74727565, 0x48744d6c202d20, 0, 0, 0, 8, '', 0, '', '', '', '', '', '2007-11-20 15:14:41', 'N;', '2007-11-20 15:14:41', '', NULL, NULL, 0);
INSERT INTO `oa_ad_zone_assoc` (`ad_zone_assoc_id`, `zone_id`, `ad_id`, `priority`, `link_type`, `priority_factor`, `to_be_delivered`) VALUES(38, 8, 38, 0, 0, 1, 1);
INSERT INTO `oa_banners` (`bannerid`, `contenttype`, `pluginversion`, `storagetype`, `filename`, `imageurl`, `htmltemplate`, `htmlcache`, `width`, `height`, `weight`, `seq`, `target`, `url`, `alt`, `keyword`, `bannertext`, `description`, `autohtml`, `block`, `capping`, `compiledlimitation`, `append`, `appendtype`, `bannertype`, `transparent`, `campaignid`, `adserver`, `session_capping`, `acl_plugins`, `alt_filename`, `alt_imageurl`, `alt_contenttype`, `comments`, `updated`, `parameters`, `acls_updated`, `statustext`, `an_banner_id`, `as_banner_id`, `status`) VALUES(39, 'gif', 0, 'sql', '120x120.gif', '', '', '', 120, 120, 1, 0, '', 'http://www.wp.pl', '', '', '', '', 'f', 0, 0, 0x74727565, 0x48744d6c202d20, 0, 0, 0, 8, '', 0, '', '', '', '', '', '2007-11-20 15:14:41', 'N;', '2007-11-20 15:14:41', '', NULL, NULL, 0);
INSERT INTO `oa_ad_zone_assoc` (`ad_zone_assoc_id`, `zone_id`, `ad_id`, `priority`, `link_type`, `priority_factor`, `to_be_delivered`) VALUES(39, 8, 39, 0, 0, 1, 1);
INSERT INTO `oa_banners` (`bannerid`, `contenttype`, `pluginversion`, `storagetype`, `filename`, `imageurl`, `htmltemplate`, `htmlcache`, `width`, `height`, `weight`, `seq`, `target`, `url`, `alt`, `keyword`, `bannertext`, `description`, `autohtml`, `block`, `capping`, `compiledlimitation`, `append`, `appendtype`, `bannertype`, `transparent`, `campaignid`, `adserver`, `session_capping`, `acl_plugins`, `alt_filename`, `alt_imageurl`, `alt_contenttype`, `comments`, `updated`, `parameters`, `acls_updated`, `statustext`, `an_banner_id`, `as_banner_id`, `status`) VALUES(40, 'gif', 0, 'sql', '120x120.gif', '', '', '', 120, 120, 1, 0, '', 'http://www.wp.pl', '', '', '', '', 'f', 0, 0, 0x74727565, 0x48744d6c202d20, 0, 0, 0, 8, '', 0, '', '', '', '', '', '2007-11-20 15:14:41', 'N;', '2007-11-20 15:14:41', '', NULL, NULL, 0);
INSERT INTO `oa_ad_zone_assoc` (`ad_zone_assoc_id`, `zone_id`, `ad_id`, `priority`, `link_type`, `priority_factor`, `to_be_delivered`) VALUES(40, 8, 40, 0, 0, 1, 1);
INSERT INTO `oa_campaigns` (`campaignid`, `campaignname`, `clientid`, `views`, `clicks`, `conversions`, `expire`, `activate`, `priority`, `weight`, `target_impression`, `target_click`, `target_conversion`, `anonymous`, `companion`, `comments`, `revenue`, `revenue_type`, `updated`, `block`, `capping`, `session_capping`, `an_campaign_id`, `as_campaign_id`, `status`, `an_status`) VALUES(9, 'QA - Default Campaign9', 1, 1000, 1000, 1000, '0000-00-00', '0000-00-00', -1, 1, 0, 0, 0, 'f', 0, '', 1.0000, 2, '2007-11-20 16:09:08', 0, 0, 0, NULL, NULL, 0, 0);
INSERT INTO `oa_zones` (`zoneid`, `affiliateid`, `zonename`, `description`, `delivery`, `zonetype`, `what`, `width`, `height`, `chain`, `prepend`, `append`, `appendtype`, `category`, `ad_selection`, `forceappend`, `inventory_forecast_type`, `comments`, `cost`, `cost_type`, `cost_variable_id`, `technology_cost`, `technology_cost_type`, `updated`, `block`, `capping`, `session_capping`, `as_zone_id`) VALUES(9, 1, 'http://www.test1.org - Default', '', 0, 3, '', 120, 120, '', '', 0x5a6f6e65, 0, '', '', 'f', 0, '', 1.3333, 2, '', NULL, NULL, '2007-11-20 15:10:34', 0, 0, 0, NULL);
INSERT INTO `oa_placement_zone_assoc` (`placement_zone_assoc_id`, `zone_id`, `placement_id`) VALUES(9, 9, 9);

INSERT INTO `oa_banners` (`bannerid`, `contenttype`, `pluginversion`, `storagetype`, `filename`, `imageurl`, `htmltemplate`, `htmlcache`, `width`, `height`, `weight`, `seq`, `target`, `url`, `alt`, `keyword`, `bannertext`, `description`, `autohtml`, `block`, `capping`, `compiledlimitation`, `append`, `appendtype`, `bannertype`, `transparent`, `campaignid`, `adserver`, `session_capping`, `acl_plugins`, `alt_filename`, `alt_imageurl`, `alt_contenttype`, `comments`, `updated`, `parameters`, `acls_updated`, `statustext`, `an_banner_id`, `as_banner_id`, `status`) VALUES(41, 'gif', 0, 'sql', '120x120.gif', '', '', '', 120, 120, 1, 0, '', 'http://www.wp.pl', '', '', '', '', 'f', 0, 0, 0x74727565, 0x48744d6c202d20, 0, 0, 0, 9, '', 0, '', '', '', '', '', '2007-11-20 15:14:41', 'N;', '2007-11-20 15:14:41', '', NULL, NULL, 0);
INSERT INTO `oa_ad_zone_assoc` (`ad_zone_assoc_id`, `zone_id`, `ad_id`, `priority`, `link_type`, `priority_factor`, `to_be_delivered`) VALUES(41, 9, 41, 0, 0, 1, 1);
INSERT INTO `oa_banners` (`bannerid`, `contenttype`, `pluginversion`, `storagetype`, `filename`, `imageurl`, `htmltemplate`, `htmlcache`, `width`, `height`, `weight`, `seq`, `target`, `url`, `alt`, `keyword`, `bannertext`, `description`, `autohtml`, `block`, `capping`, `compiledlimitation`, `append`, `appendtype`, `bannertype`, `transparent`, `campaignid`, `adserver`, `session_capping`, `acl_plugins`, `alt_filename`, `alt_imageurl`, `alt_contenttype`, `comments`, `updated`, `parameters`, `acls_updated`, `statustext`, `an_banner_id`, `as_banner_id`, `status`) VALUES(42, 'gif', 0, 'sql', '120x120.gif', '', '', '', 120, 120, 1, 0, '', 'http://www.wp.pl', '', '', '', '', 'f', 0, 0, 0x74727565, 0x48744d6c202d20, 0, 0, 0, 9, '', 0, '', '', '', '', '', '2007-11-20 15:14:41', 'N;', '2007-11-20 15:14:41', '', NULL, NULL, 0);
INSERT INTO `oa_ad_zone_assoc` (`ad_zone_assoc_id`, `zone_id`, `ad_id`, `priority`, `link_type`, `priority_factor`, `to_be_delivered`) VALUES(42, 9, 42, 0, 0, 1, 1);
INSERT INTO `oa_banners` (`bannerid`, `contenttype`, `pluginversion`, `storagetype`, `filename`, `imageurl`, `htmltemplate`, `htmlcache`, `width`, `height`, `weight`, `seq`, `target`, `url`, `alt`, `keyword`, `bannertext`, `description`, `autohtml`, `block`, `capping`, `compiledlimitation`, `append`, `appendtype`, `bannertype`, `transparent`, `campaignid`, `adserver`, `session_capping`, `acl_plugins`, `alt_filename`, `alt_imageurl`, `alt_contenttype`, `comments`, `updated`, `parameters`, `acls_updated`, `statustext`, `an_banner_id`, `as_banner_id`, `status`) VALUES(43, 'gif', 0, 'sql', '120x120.gif', '', '', '', 120, 120, 1, 0, '', 'http://www.wp.pl', '', '', '', '', 'f', 0, 0, 0x74727565, 0x48744d6c202d20, 0, 0, 0, 9, '', 0, '', '', '', '', '', '2007-11-20 15:14:41', 'N;', '2007-11-20 15:14:41', '', NULL, NULL, 0);
INSERT INTO `oa_ad_zone_assoc` (`ad_zone_assoc_id`, `zone_id`, `ad_id`, `priority`, `link_type`, `priority_factor`, `to_be_delivered`) VALUES(43, 9, 43, 0, 0, 1, 1);
INSERT INTO `oa_banners` (`bannerid`, `contenttype`, `pluginversion`, `storagetype`, `filename`, `imageurl`, `htmltemplate`, `htmlcache`, `width`, `height`, `weight`, `seq`, `target`, `url`, `alt`, `keyword`, `bannertext`, `description`, `autohtml`, `block`, `capping`, `compiledlimitation`, `append`, `appendtype`, `bannertype`, `transparent`, `campaignid`, `adserver`, `session_capping`, `acl_plugins`, `alt_filename`, `alt_imageurl`, `alt_contenttype`, `comments`, `updated`, `parameters`, `acls_updated`, `statustext`, `an_banner_id`, `as_banner_id`, `status`) VALUES(44, 'gif', 0, 'sql', '120x120.gif', '', '', '', 120, 120, 1, 0, '', 'http://www.wp.pl', '', '', '', '', 'f', 0, 0, 0x74727565, 0x48744d6c202d20, 0, 0, 0, 9, '', 0, '', '', '', '', '', '2007-11-20 15:14:41', 'N;', '2007-11-20 15:14:41', '', NULL, NULL, 0);
INSERT INTO `oa_ad_zone_assoc` (`ad_zone_assoc_id`, `zone_id`, `ad_id`, `priority`, `link_type`, `priority_factor`, `to_be_delivered`) VALUES(44, 9, 44, 0, 0, 1, 1);
INSERT INTO `oa_banners` (`bannerid`, `contenttype`, `pluginversion`, `storagetype`, `filename`, `imageurl`, `htmltemplate`, `htmlcache`, `width`, `height`, `weight`, `seq`, `target`, `url`, `alt`, `keyword`, `bannertext`, `description`, `autohtml`, `block`, `capping`, `compiledlimitation`, `append`, `appendtype`, `bannertype`, `transparent`, `campaignid`, `adserver`, `session_capping`, `acl_plugins`, `alt_filename`, `alt_imageurl`, `alt_contenttype`, `comments`, `updated`, `parameters`, `acls_updated`, `statustext`, `an_banner_id`, `as_banner_id`, `status`) VALUES(45, 'gif', 0, 'sql', '120x120.gif', '', '', '', 120, 120, 1, 0, '', 'http://www.wp.pl', '', '', '', '', 'f', 0, 0, 0x74727565, 0x48744d6c202d20, 0, 0, 0, 9, '', 0, '', '', '', '', '', '2007-11-20 15:14:41', 'N;', '2007-11-20 15:14:41', '', NULL, NULL, 0);
INSERT INTO `oa_ad_zone_assoc` (`ad_zone_assoc_id`, `zone_id`, `ad_id`, `priority`, `link_type`, `priority_factor`, `to_be_delivered`) VALUES(45, 9, 45, 0, 0, 1, 1);
INSERT INTO `oa_campaigns` (`campaignid`, `campaignname`, `clientid`, `views`, `clicks`, `conversions`, `expire`, `activate`, `priority`, `weight`, `target_impression`, `target_click`, `target_conversion`, `anonymous`, `companion`, `comments`, `revenue`, `revenue_type`, `updated`, `block`, `capping`, `session_capping`, `an_campaign_id`, `as_campaign_id`, `status`, `an_status`) VALUES(10, 'QA - Default Campaign10', 1, 1000, 1000, 1000, '0000-00-00', '0000-00-00', -1, 1, 0, 0, 0, 'f', 0, '', 1.0000, 2, '2007-11-20 16:09:08', 0, 0, 0, NULL, NULL, 0, 0);
INSERT INTO `oa_zones` (`zoneid`, `affiliateid`, `zonename`, `description`, `delivery`, `zonetype`, `what`, `width`, `height`, `chain`, `prepend`, `append`, `appendtype`, `category`, `ad_selection`, `forceappend`, `inventory_forecast_type`, `comments`, `cost`, `cost_type`, `cost_variable_id`, `technology_cost`, `technology_cost_type`, `updated`, `block`, `capping`, `session_capping`, `as_zone_id`) VALUES(10, 1, 'http://www.test1.org - Default', '', 0, 3, '', 120, 120, '', '', 0x5a6f6e65, 0, '', '', 'f', 0, '', 1.3333, 2, '', NULL, NULL, '2007-11-20 15:10:34', 0, 0, 0, NULL);
INSERT INTO `oa_placement_zone_assoc` (`placement_zone_assoc_id`, `zone_id`, `placement_id`) VALUES(10, 10, 10);

INSERT INTO `oa_banners` (`bannerid`, `contenttype`, `pluginversion`, `storagetype`, `filename`, `imageurl`, `htmltemplate`, `htmlcache`, `width`, `height`, `weight`, `seq`, `target`, `url`, `alt`, `keyword`, `bannertext`, `description`, `autohtml`, `block`, `capping`, `compiledlimitation`, `append`, `appendtype`, `bannertype`, `transparent`, `campaignid`, `adserver`, `session_capping`, `acl_plugins`, `alt_filename`, `alt_imageurl`, `alt_contenttype`, `comments`, `updated`, `parameters`, `acls_updated`, `statustext`, `an_banner_id`, `as_banner_id`, `status`) VALUES(46, 'gif', 0, 'sql', '120x120.gif', '', '', '', 120, 120, 1, 0, '', 'http://www.wp.pl', '', '', '', '', 'f', 0, 0, 0x74727565, 0x48744d6c202d20, 0, 0, 0, 10, '', 0, '', '', '', '', '', '2007-11-20 15:14:41', 'N;', '2007-11-20 15:14:41', '', NULL, NULL, 0);
INSERT INTO `oa_ad_zone_assoc` (`ad_zone_assoc_id`, `zone_id`, `ad_id`, `priority`, `link_type`, `priority_factor`, `to_be_delivered`) VALUES(46, 10, 46, 0, 0, 1, 1);
INSERT INTO `oa_banners` (`bannerid`, `contenttype`, `pluginversion`, `storagetype`, `filename`, `imageurl`, `htmltemplate`, `htmlcache`, `width`, `height`, `weight`, `seq`, `target`, `url`, `alt`, `keyword`, `bannertext`, `description`, `autohtml`, `block`, `capping`, `compiledlimitation`, `append`, `appendtype`, `bannertype`, `transparent`, `campaignid`, `adserver`, `session_capping`, `acl_plugins`, `alt_filename`, `alt_imageurl`, `alt_contenttype`, `comments`, `updated`, `parameters`, `acls_updated`, `statustext`, `an_banner_id`, `as_banner_id`, `status`) VALUES(47, 'gif', 0, 'sql', '120x120.gif', '', '', '', 120, 120, 1, 0, '', 'http://www.wp.pl', '', '', '', '', 'f', 0, 0, 0x74727565, 0x48744d6c202d20, 0, 0, 0, 10, '', 0, '', '', '', '', '', '2007-11-20 15:14:41', 'N;', '2007-11-20 15:14:41', '', NULL, NULL, 0);
INSERT INTO `oa_ad_zone_assoc` (`ad_zone_assoc_id`, `zone_id`, `ad_id`, `priority`, `link_type`, `priority_factor`, `to_be_delivered`) VALUES(47, 10, 47, 0, 0, 1, 1);
INSERT INTO `oa_banners` (`bannerid`, `contenttype`, `pluginversion`, `storagetype`, `filename`, `imageurl`, `htmltemplate`, `htmlcache`, `width`, `height`, `weight`, `seq`, `target`, `url`, `alt`, `keyword`, `bannertext`, `description`, `autohtml`, `block`, `capping`, `compiledlimitation`, `append`, `appendtype`, `bannertype`, `transparent`, `campaignid`, `adserver`, `session_capping`, `acl_plugins`, `alt_filename`, `alt_imageurl`, `alt_contenttype`, `comments`, `updated`, `parameters`, `acls_updated`, `statustext`, `an_banner_id`, `as_banner_id`, `status`) VALUES(48, 'gif', 0, 'sql', '120x120.gif', '', '', '', 120, 120, 1, 0, '', 'http://www.wp.pl', '', '', '', '', 'f', 0, 0, 0x74727565, 0x48744d6c202d20, 0, 0, 0, 10, '', 0, '', '', '', '', '', '2007-11-20 15:14:41', 'N;', '2007-11-20 15:14:41', '', NULL, NULL, 0);
INSERT INTO `oa_ad_zone_assoc` (`ad_zone_assoc_id`, `zone_id`, `ad_id`, `priority`, `link_type`, `priority_factor`, `to_be_delivered`) VALUES(48, 10, 48, 0, 0, 1, 1);
INSERT INTO `oa_banners` (`bannerid`, `contenttype`, `pluginversion`, `storagetype`, `filename`, `imageurl`, `htmltemplate`, `htmlcache`, `width`, `height`, `weight`, `seq`, `target`, `url`, `alt`, `keyword`, `bannertext`, `description`, `autohtml`, `block`, `capping`, `compiledlimitation`, `append`, `appendtype`, `bannertype`, `transparent`, `campaignid`, `adserver`, `session_capping`, `acl_plugins`, `alt_filename`, `alt_imageurl`, `alt_contenttype`, `comments`, `updated`, `parameters`, `acls_updated`, `statustext`, `an_banner_id`, `as_banner_id`, `status`) VALUES(49, 'gif', 0, 'sql', '120x120.gif', '', '', '', 120, 120, 1, 0, '', 'http://www.wp.pl', '', '', '', '', 'f', 0, 0, 0x74727565, 0x48744d6c202d20, 0, 0, 0, 10, '', 0, '', '', '', '', '', '2007-11-20 15:14:41', 'N;', '2007-11-20 15:14:41', '', NULL, NULL, 0);
INSERT INTO `oa_ad_zone_assoc` (`ad_zone_assoc_id`, `zone_id`, `ad_id`, `priority`, `link_type`, `priority_factor`, `to_be_delivered`) VALUES(49, 10, 49, 0, 0, 1, 1);
INSERT INTO `oa_banners` (`bannerid`, `contenttype`, `pluginversion`, `storagetype`, `filename`, `imageurl`, `htmltemplate`, `htmlcache`, `width`, `height`, `weight`, `seq`, `target`, `url`, `alt`, `keyword`, `bannertext`, `description`, `autohtml`, `block`, `capping`, `compiledlimitation`, `append`, `appendtype`, `bannertype`, `transparent`, `campaignid`, `adserver`, `session_capping`, `acl_plugins`, `alt_filename`, `alt_imageurl`, `alt_contenttype`, `comments`, `updated`, `parameters`, `acls_updated`, `statustext`, `an_banner_id`, `as_banner_id`, `status`) VALUES(50, 'gif', 0, 'sql', '120x120.gif', '', '', '', 120, 120, 1, 0, '', 'http://www.wp.pl', '', '', '', '', 'f', 0, 0, 0x74727565, 0x48744d6c202d20, 0, 0, 0, 10, '', 0, '', '', '', '', '', '2007-11-20 15:14:41', 'N;', '2007-11-20 15:14:41', '', NULL, NULL, 0);
INSERT INTO `oa_ad_zone_assoc` (`ad_zone_assoc_id`, `zone_id`, `ad_id`, `priority`, `link_type`, `priority_factor`, `to_be_delivered`) VALUES(50, 10, 50, 0, 0, 1, 1);
INSERT INTO `oa_campaigns` (`campaignid`, `campaignname`, `clientid`, `views`, `clicks`, `conversions`, `expire`, `activate`, `priority`, `weight`, `target_impression`, `target_click`, `target_conversion`, `anonymous`, `companion`, `comments`, `revenue`, `revenue_type`, `updated`, `block`, `capping`, `session_capping`, `an_campaign_id`, `as_campaign_id`, `status`, `an_status`) VALUES(11, 'QA - Default Campaign11', 1, 1000, 1000, 1000, '0000-00-00', '0000-00-00', -1, 1, 0, 0, 0, 'f', 0, '', 1.0000, 2, '2007-11-20 16:09:08', 0, 0, 0, NULL, NULL, 0, 0);
INSERT INTO `oa_zones` (`zoneid`, `affiliateid`, `zonename`, `description`, `delivery`, `zonetype`, `what`, `width`, `height`, `chain`, `prepend`, `append`, `appendtype`, `category`, `ad_selection`, `forceappend`, `inventory_forecast_type`, `comments`, `cost`, `cost_type`, `cost_variable_id`, `technology_cost`, `technology_cost_type`, `updated`, `block`, `capping`, `session_capping`, `as_zone_id`) VALUES(11, 1, 'http://www.test1.org - Default', '', 0, 3, '', 120, 120, '', '', 0x5a6f6e65, 0, '', '', 'f', 0, '', 1.3333, 2, '', NULL, NULL, '2007-11-20 15:10:34', 0, 0, 0, NULL);
INSERT INTO `oa_placement_zone_assoc` (`placement_zone_assoc_id`, `zone_id`, `placement_id`) VALUES(11, 11, 11);

INSERT INTO `oa_banners` (`bannerid`, `contenttype`, `pluginversion`, `storagetype`, `filename`, `imageurl`, `htmltemplate`, `htmlcache`, `width`, `height`, `weight`, `seq`, `target`, `url`, `alt`, `keyword`, `bannertext`, `description`, `autohtml`, `block`, `capping`, `compiledlimitation`, `append`, `appendtype`, `bannertype`, `transparent`, `campaignid`, `adserver`, `session_capping`, `acl_plugins`, `alt_filename`, `alt_imageurl`, `alt_contenttype`, `comments`, `updated`, `parameters`, `acls_updated`, `statustext`, `an_banner_id`, `as_banner_id`, `status`) VALUES(51, 'gif', 0, 'sql', '120x120.gif', '', '', '', 120, 120, 1, 0, '', 'http://www.wp.pl', '', '', '', '', 'f', 0, 0, 0x74727565, 0x48744d6c202d20, 0, 0, 0, 11, '', 0, '', '', '', '', '', '2007-11-20 15:14:41', 'N;', '2007-11-20 15:14:41', '', NULL, NULL, 0);
INSERT INTO `oa_ad_zone_assoc` (`ad_zone_assoc_id`, `zone_id`, `ad_id`, `priority`, `link_type`, `priority_factor`, `to_be_delivered`) VALUES(51, 11, 51, 0, 0, 1, 1);
INSERT INTO `oa_banners` (`bannerid`, `contenttype`, `pluginversion`, `storagetype`, `filename`, `imageurl`, `htmltemplate`, `htmlcache`, `width`, `height`, `weight`, `seq`, `target`, `url`, `alt`, `keyword`, `bannertext`, `description`, `autohtml`, `block`, `capping`, `compiledlimitation`, `append`, `appendtype`, `bannertype`, `transparent`, `campaignid`, `adserver`, `session_capping`, `acl_plugins`, `alt_filename`, `alt_imageurl`, `alt_contenttype`, `comments`, `updated`, `parameters`, `acls_updated`, `statustext`, `an_banner_id`, `as_banner_id`, `status`) VALUES(52, 'gif', 0, 'sql', '120x120.gif', '', '', '', 120, 120, 1, 0, '', 'http://www.wp.pl', '', '', '', '', 'f', 0, 0, 0x74727565, 0x48744d6c202d20, 0, 0, 0, 11, '', 0, '', '', '', '', '', '2007-11-20 15:14:41', 'N;', '2007-11-20 15:14:41', '', NULL, NULL, 0);
INSERT INTO `oa_ad_zone_assoc` (`ad_zone_assoc_id`, `zone_id`, `ad_id`, `priority`, `link_type`, `priority_factor`, `to_be_delivered`) VALUES(52, 11, 52, 0, 0, 1, 1);
INSERT INTO `oa_banners` (`bannerid`, `contenttype`, `pluginversion`, `storagetype`, `filename`, `imageurl`, `htmltemplate`, `htmlcache`, `width`, `height`, `weight`, `seq`, `target`, `url`, `alt`, `keyword`, `bannertext`, `description`, `autohtml`, `block`, `capping`, `compiledlimitation`, `append`, `appendtype`, `bannertype`, `transparent`, `campaignid`, `adserver`, `session_capping`, `acl_plugins`, `alt_filename`, `alt_imageurl`, `alt_contenttype`, `comments`, `updated`, `parameters`, `acls_updated`, `statustext`, `an_banner_id`, `as_banner_id`, `status`) VALUES(53, 'gif', 0, 'sql', '120x120.gif', '', '', '', 120, 120, 1, 0, '', 'http://www.wp.pl', '', '', '', '', 'f', 0, 0, 0x74727565, 0x48744d6c202d20, 0, 0, 0, 11, '', 0, '', '', '', '', '', '2007-11-20 15:14:41', 'N;', '2007-11-20 15:14:41', '', NULL, NULL, 0);
INSERT INTO `oa_ad_zone_assoc` (`ad_zone_assoc_id`, `zone_id`, `ad_id`, `priority`, `link_type`, `priority_factor`, `to_be_delivered`) VALUES(53, 11, 53, 0, 0, 1, 1);
INSERT INTO `oa_banners` (`bannerid`, `contenttype`, `pluginversion`, `storagetype`, `filename`, `imageurl`, `htmltemplate`, `htmlcache`, `width`, `height`, `weight`, `seq`, `target`, `url`, `alt`, `keyword`, `bannertext`, `description`, `autohtml`, `block`, `capping`, `compiledlimitation`, `append`, `appendtype`, `bannertype`, `transparent`, `campaignid`, `adserver`, `session_capping`, `acl_plugins`, `alt_filename`, `alt_imageurl`, `alt_contenttype`, `comments`, `updated`, `parameters`, `acls_updated`, `statustext`, `an_banner_id`, `as_banner_id`, `status`) VALUES(54, 'gif', 0, 'sql', '120x120.gif', '', '', '', 120, 120, 1, 0, '', 'http://www.wp.pl', '', '', '', '', 'f', 0, 0, 0x74727565, 0x48744d6c202d20, 0, 0, 0, 11, '', 0, '', '', '', '', '', '2007-11-20 15:14:41', 'N;', '2007-11-20 15:14:41', '', NULL, NULL, 0);
INSERT INTO `oa_ad_zone_assoc` (`ad_zone_assoc_id`, `zone_id`, `ad_id`, `priority`, `link_type`, `priority_factor`, `to_be_delivered`) VALUES(54, 11, 54, 0, 0, 1, 1);
INSERT INTO `oa_banners` (`bannerid`, `contenttype`, `pluginversion`, `storagetype`, `filename`, `imageurl`, `htmltemplate`, `htmlcache`, `width`, `height`, `weight`, `seq`, `target`, `url`, `alt`, `keyword`, `bannertext`, `description`, `autohtml`, `block`, `capping`, `compiledlimitation`, `append`, `appendtype`, `bannertype`, `transparent`, `campaignid`, `adserver`, `session_capping`, `acl_plugins`, `alt_filename`, `alt_imageurl`, `alt_contenttype`, `comments`, `updated`, `parameters`, `acls_updated`, `statustext`, `an_banner_id`, `as_banner_id`, `status`) VALUES(55, 'gif', 0, 'sql', '120x120.gif', '', '', '', 120, 120, 1, 0, '', 'http://www.wp.pl', '', '', '', '', 'f', 0, 0, 0x74727565, 0x48744d6c202d20, 0, 0, 0, 11, '', 0, '', '', '', '', '', '2007-11-20 15:14:41', 'N;', '2007-11-20 15:14:41', '', NULL, NULL, 0);
INSERT INTO `oa_ad_zone_assoc` (`ad_zone_assoc_id`, `zone_id`, `ad_id`, `priority`, `link_type`, `priority_factor`, `to_be_delivered`) VALUES(55, 11, 55, 0, 0, 1, 1);
INSERT INTO `oa_campaigns` (`campaignid`, `campaignname`, `clientid`, `views`, `clicks`, `conversions`, `expire`, `activate`, `priority`, `weight`, `target_impression`, `target_click`, `target_conversion`, `anonymous`, `companion`, `comments`, `revenue`, `revenue_type`, `updated`, `block`, `capping`, `session_capping`, `an_campaign_id`, `as_campaign_id`, `status`, `an_status`) VALUES(12, 'QA - Default Campaign12', 1, 1000, 1000, 1000, '0000-00-00', '0000-00-00', -1, 1, 0, 0, 0, 'f', 0, '', 1.0000, 2, '2007-11-20 16:09:08', 0, 0, 0, NULL, NULL, 0, 0);
INSERT INTO `oa_zones` (`zoneid`, `affiliateid`, `zonename`, `description`, `delivery`, `zonetype`, `what`, `width`, `height`, `chain`, `prepend`, `append`, `appendtype`, `category`, `ad_selection`, `forceappend`, `inventory_forecast_type`, `comments`, `cost`, `cost_type`, `cost_variable_id`, `technology_cost`, `technology_cost_type`, `updated`, `block`, `capping`, `session_capping`, `as_zone_id`) VALUES(12, 1, 'http://www.test1.org - Default', '', 0, 3, '', 120, 120, '', '', 0x5a6f6e65, 0, '', '', 'f', 0, '', 1.3333, 2, '', NULL, NULL, '2007-11-20 15:10:34', 0, 0, 0, NULL);
INSERT INTO `oa_placement_zone_assoc` (`placement_zone_assoc_id`, `zone_id`, `placement_id`) VALUES(12, 12, 12);

INSERT INTO `oa_banners` (`bannerid`, `contenttype`, `pluginversion`, `storagetype`, `filename`, `imageurl`, `htmltemplate`, `htmlcache`, `width`, `height`, `weight`, `seq`, `target`, `url`, `alt`, `keyword`, `bannertext`, `description`, `autohtml`, `block`, `capping`, `compiledlimitation`, `append`, `appendtype`, `bannertype`, `transparent`, `campaignid`, `adserver`, `session_capping`, `acl_plugins`, `alt_filename`, `alt_imageurl`, `alt_contenttype`, `comments`, `updated`, `parameters`, `acls_updated`, `statustext`, `an_banner_id`, `as_banner_id`, `status`) VALUES(56, 'gif', 0, 'sql', '120x120.gif', '', '', '', 120, 120, 1, 0, '', 'http://www.wp.pl', '', '', '', '', 'f', 0, 0, 0x74727565, 0x48744d6c202d20, 0, 0, 0, 12, '', 0, '', '', '', '', '', '2007-11-20 15:14:41', 'N;', '2007-11-20 15:14:41', '', NULL, NULL, 0);
INSERT INTO `oa_ad_zone_assoc` (`ad_zone_assoc_id`, `zone_id`, `ad_id`, `priority`, `link_type`, `priority_factor`, `to_be_delivered`) VALUES(56, 12, 56, 0, 0, 1, 1);
INSERT INTO `oa_banners` (`bannerid`, `contenttype`, `pluginversion`, `storagetype`, `filename`, `imageurl`, `htmltemplate`, `htmlcache`, `width`, `height`, `weight`, `seq`, `target`, `url`, `alt`, `keyword`, `bannertext`, `description`, `autohtml`, `block`, `capping`, `compiledlimitation`, `append`, `appendtype`, `bannertype`, `transparent`, `campaignid`, `adserver`, `session_capping`, `acl_plugins`, `alt_filename`, `alt_imageurl`, `alt_contenttype`, `comments`, `updated`, `parameters`, `acls_updated`, `statustext`, `an_banner_id`, `as_banner_id`, `status`) VALUES(57, 'gif', 0, 'sql', '120x120.gif', '', '', '', 120, 120, 1, 0, '', 'http://www.wp.pl', '', '', '', '', 'f', 0, 0, 0x74727565, 0x48744d6c202d20, 0, 0, 0, 12, '', 0, '', '', '', '', '', '2007-11-20 15:14:41', 'N;', '2007-11-20 15:14:41', '', NULL, NULL, 0);
INSERT INTO `oa_ad_zone_assoc` (`ad_zone_assoc_id`, `zone_id`, `ad_id`, `priority`, `link_type`, `priority_factor`, `to_be_delivered`) VALUES(57, 12, 57, 0, 0, 1, 1);
INSERT INTO `oa_banners` (`bannerid`, `contenttype`, `pluginversion`, `storagetype`, `filename`, `imageurl`, `htmltemplate`, `htmlcache`, `width`, `height`, `weight`, `seq`, `target`, `url`, `alt`, `keyword`, `bannertext`, `description`, `autohtml`, `block`, `capping`, `compiledlimitation`, `append`, `appendtype`, `bannertype`, `transparent`, `campaignid`, `adserver`, `session_capping`, `acl_plugins`, `alt_filename`, `alt_imageurl`, `alt_contenttype`, `comments`, `updated`, `parameters`, `acls_updated`, `statustext`, `an_banner_id`, `as_banner_id`, `status`) VALUES(58, 'gif', 0, 'sql', '120x120.gif', '', '', '', 120, 120, 1, 0, '', 'http://www.wp.pl', '', '', '', '', 'f', 0, 0, 0x74727565, 0x48744d6c202d20, 0, 0, 0, 12, '', 0, '', '', '', '', '', '2007-11-20 15:14:41', 'N;', '2007-11-20 15:14:41', '', NULL, NULL, 0);
INSERT INTO `oa_ad_zone_assoc` (`ad_zone_assoc_id`, `zone_id`, `ad_id`, `priority`, `link_type`, `priority_factor`, `to_be_delivered`) VALUES(58, 12, 58, 0, 0, 1, 1);
INSERT INTO `oa_banners` (`bannerid`, `contenttype`, `pluginversion`, `storagetype`, `filename`, `imageurl`, `htmltemplate`, `htmlcache`, `width`, `height`, `weight`, `seq`, `target`, `url`, `alt`, `keyword`, `bannertext`, `description`, `autohtml`, `block`, `capping`, `compiledlimitation`, `append`, `appendtype`, `bannertype`, `transparent`, `campaignid`, `adserver`, `session_capping`, `acl_plugins`, `alt_filename`, `alt_imageurl`, `alt_contenttype`, `comments`, `updated`, `parameters`, `acls_updated`, `statustext`, `an_banner_id`, `as_banner_id`, `status`) VALUES(59, 'gif', 0, 'sql', '120x120.gif', '', '', '', 120, 120, 1, 0, '', 'http://www.wp.pl', '', '', '', '', 'f', 0, 0, 0x74727565, 0x48744d6c202d20, 0, 0, 0, 12, '', 0, '', '', '', '', '', '2007-11-20 15:14:41', 'N;', '2007-11-20 15:14:41', '', NULL, NULL, 0);
INSERT INTO `oa_ad_zone_assoc` (`ad_zone_assoc_id`, `zone_id`, `ad_id`, `priority`, `link_type`, `priority_factor`, `to_be_delivered`) VALUES(59, 12, 59, 0, 0, 1, 1);
INSERT INTO `oa_banners` (`bannerid`, `contenttype`, `pluginversion`, `storagetype`, `filename`, `imageurl`, `htmltemplate`, `htmlcache`, `width`, `height`, `weight`, `seq`, `target`, `url`, `alt`, `keyword`, `bannertext`, `description`, `autohtml`, `block`, `capping`, `compiledlimitation`, `append`, `appendtype`, `bannertype`, `transparent`, `campaignid`, `adserver`, `session_capping`, `acl_plugins`, `alt_filename`, `alt_imageurl`, `alt_contenttype`, `comments`, `updated`, `parameters`, `acls_updated`, `statustext`, `an_banner_id`, `as_banner_id`, `status`) VALUES(60, 'gif', 0, 'sql', '120x120.gif', '', '', '', 120, 120, 1, 0, '', 'http://www.wp.pl', '', '', '', '', 'f', 0, 0, 0x74727565, 0x48744d6c202d20, 0, 0, 0, 12, '', 0, '', '', '', '', '', '2007-11-20 15:14:41', 'N;', '2007-11-20 15:14:41', '', NULL, NULL, 0);
INSERT INTO `oa_ad_zone_assoc` (`ad_zone_assoc_id`, `zone_id`, `ad_id`, `priority`, `link_type`, `priority_factor`, `to_be_delivered`) VALUES(60, 12, 60, 0, 0, 1, 1);
INSERT INTO `oa_campaigns` (`campaignid`, `campaignname`, `clientid`, `views`, `clicks`, `conversions`, `expire`, `activate`, `priority`, `weight`, `target_impression`, `target_click`, `target_conversion`, `anonymous`, `companion`, `comments`, `revenue`, `revenue_type`, `updated`, `block`, `capping`, `session_capping`, `an_campaign_id`, `as_campaign_id`, `status`, `an_status`) VALUES(13, 'QA - Default Campaign13', 1, 1000, 1000, 1000, '0000-00-00', '0000-00-00', -1, 1, 0, 0, 0, 'f', 0, '', 1.0000, 2, '2007-11-20 16:09:08', 0, 0, 0, NULL, NULL, 0, 0);
INSERT INTO `oa_zones` (`zoneid`, `affiliateid`, `zonename`, `description`, `delivery`, `zonetype`, `what`, `width`, `height`, `chain`, `prepend`, `append`, `appendtype`, `category`, `ad_selection`, `forceappend`, `inventory_forecast_type`, `comments`, `cost`, `cost_type`, `cost_variable_id`, `technology_cost`, `technology_cost_type`, `updated`, `block`, `capping`, `session_capping`, `as_zone_id`) VALUES(13, 1, 'http://www.test1.org - Default', '', 0, 3, '', 120, 120, '', '', 0x5a6f6e65, 0, '', '', 'f', 0, '', 1.3333, 2, '', NULL, NULL, '2007-11-20 15:10:34', 0, 0, 0, NULL);
INSERT INTO `oa_placement_zone_assoc` (`placement_zone_assoc_id`, `zone_id`, `placement_id`) VALUES(13, 13, 13);

INSERT INTO `oa_banners` (`bannerid`, `contenttype`, `pluginversion`, `storagetype`, `filename`, `imageurl`, `htmltemplate`, `htmlcache`, `width`, `height`, `weight`, `seq`, `target`, `url`, `alt`, `keyword`, `bannertext`, `description`, `autohtml`, `block`, `capping`, `compiledlimitation`, `append`, `appendtype`, `bannertype`, `transparent`, `campaignid`, `adserver`, `session_capping`, `acl_plugins`, `alt_filename`, `alt_imageurl`, `alt_contenttype`, `comments`, `updated`, `parameters`, `acls_updated`, `statustext`, `an_banner_id`, `as_banner_id`, `status`) VALUES(61, 'gif', 0, 'sql', '120x120.gif', '', '', '', 120, 120, 1, 0, '', 'http://www.wp.pl', '', '', '', '', 'f', 0, 0, 0x74727565, 0x48744d6c202d20, 0, 0, 0, 13, '', 0, '', '', '', '', '', '2007-11-20 15:14:41', 'N;', '2007-11-20 15:14:41', '', NULL, NULL, 0);
INSERT INTO `oa_ad_zone_assoc` (`ad_zone_assoc_id`, `zone_id`, `ad_id`, `priority`, `link_type`, `priority_factor`, `to_be_delivered`) VALUES(61, 13, 61, 0, 0, 1, 1);
INSERT INTO `oa_banners` (`bannerid`, `contenttype`, `pluginversion`, `storagetype`, `filename`, `imageurl`, `htmltemplate`, `htmlcache`, `width`, `height`, `weight`, `seq`, `target`, `url`, `alt`, `keyword`, `bannertext`, `description`, `autohtml`, `block`, `capping`, `compiledlimitation`, `append`, `appendtype`, `bannertype`, `transparent`, `campaignid`, `adserver`, `session_capping`, `acl_plugins`, `alt_filename`, `alt_imageurl`, `alt_contenttype`, `comments`, `updated`, `parameters`, `acls_updated`, `statustext`, `an_banner_id`, `as_banner_id`, `status`) VALUES(62, 'gif', 0, 'sql', '120x120.gif', '', '', '', 120, 120, 1, 0, '', 'http://www.wp.pl', '', '', '', '', 'f', 0, 0, 0x74727565, 0x48744d6c202d20, 0, 0, 0, 13, '', 0, '', '', '', '', '', '2007-11-20 15:14:41', 'N;', '2007-11-20 15:14:41', '', NULL, NULL, 0);
INSERT INTO `oa_ad_zone_assoc` (`ad_zone_assoc_id`, `zone_id`, `ad_id`, `priority`, `link_type`, `priority_factor`, `to_be_delivered`) VALUES(62, 13, 62, 0, 0, 1, 1);
INSERT INTO `oa_banners` (`bannerid`, `contenttype`, `pluginversion`, `storagetype`, `filename`, `imageurl`, `htmltemplate`, `htmlcache`, `width`, `height`, `weight`, `seq`, `target`, `url`, `alt`, `keyword`, `bannertext`, `description`, `autohtml`, `block`, `capping`, `compiledlimitation`, `append`, `appendtype`, `bannertype`, `transparent`, `campaignid`, `adserver`, `session_capping`, `acl_plugins`, `alt_filename`, `alt_imageurl`, `alt_contenttype`, `comments`, `updated`, `parameters`, `acls_updated`, `statustext`, `an_banner_id`, `as_banner_id`, `status`) VALUES(63, 'gif', 0, 'sql', '120x120.gif', '', '', '', 120, 120, 1, 0, '', 'http://www.wp.pl', '', '', '', '', 'f', 0, 0, 0x74727565, 0x48744d6c202d20, 0, 0, 0, 13, '', 0, '', '', '', '', '', '2007-11-20 15:14:41', 'N;', '2007-11-20 15:14:41', '', NULL, NULL, 0);
INSERT INTO `oa_ad_zone_assoc` (`ad_zone_assoc_id`, `zone_id`, `ad_id`, `priority`, `link_type`, `priority_factor`, `to_be_delivered`) VALUES(63, 13, 63, 0, 0, 1, 1);
INSERT INTO `oa_banners` (`bannerid`, `contenttype`, `pluginversion`, `storagetype`, `filename`, `imageurl`, `htmltemplate`, `htmlcache`, `width`, `height`, `weight`, `seq`, `target`, `url`, `alt`, `keyword`, `bannertext`, `description`, `autohtml`, `block`, `capping`, `compiledlimitation`, `append`, `appendtype`, `bannertype`, `transparent`, `campaignid`, `adserver`, `session_capping`, `acl_plugins`, `alt_filename`, `alt_imageurl`, `alt_contenttype`, `comments`, `updated`, `parameters`, `acls_updated`, `statustext`, `an_banner_id`, `as_banner_id`, `status`) VALUES(64, 'gif', 0, 'sql', '120x120.gif', '', '', '', 120, 120, 1, 0, '', 'http://www.wp.pl', '', '', '', '', 'f', 0, 0, 0x74727565, 0x48744d6c202d20, 0, 0, 0, 13, '', 0, '', '', '', '', '', '2007-11-20 15:14:41', 'N;', '2007-11-20 15:14:41', '', NULL, NULL, 0);
INSERT INTO `oa_ad_zone_assoc` (`ad_zone_assoc_id`, `zone_id`, `ad_id`, `priority`, `link_type`, `priority_factor`, `to_be_delivered`) VALUES(64, 13, 64, 0, 0, 1, 1);
INSERT INTO `oa_banners` (`bannerid`, `contenttype`, `pluginversion`, `storagetype`, `filename`, `imageurl`, `htmltemplate`, `htmlcache`, `width`, `height`, `weight`, `seq`, `target`, `url`, `alt`, `keyword`, `bannertext`, `description`, `autohtml`, `block`, `capping`, `compiledlimitation`, `append`, `appendtype`, `bannertype`, `transparent`, `campaignid`, `adserver`, `session_capping`, `acl_plugins`, `alt_filename`, `alt_imageurl`, `alt_contenttype`, `comments`, `updated`, `parameters`, `acls_updated`, `statustext`, `an_banner_id`, `as_banner_id`, `status`) VALUES(65, 'gif', 0, 'sql', '120x120.gif', '', '', '', 120, 120, 1, 0, '', 'http://www.wp.pl', '', '', '', '', 'f', 0, 0, 0x74727565, 0x48744d6c202d20, 0, 0, 0, 13, '', 0, '', '', '', '', '', '2007-11-20 15:14:41', 'N;', '2007-11-20 15:14:41', '', NULL, NULL, 0);
INSERT INTO `oa_ad_zone_assoc` (`ad_zone_assoc_id`, `zone_id`, `ad_id`, `priority`, `link_type`, `priority_factor`, `to_be_delivered`) VALUES(65, 13, 65, 0, 0, 1, 1);
INSERT INTO `oa_campaigns` (`campaignid`, `campaignname`, `clientid`, `views`, `clicks`, `conversions`, `expire`, `activate`, `priority`, `weight`, `target_impression`, `target_click`, `target_conversion`, `anonymous`, `companion`, `comments`, `revenue`, `revenue_type`, `updated`, `block`, `capping`, `session_capping`, `an_campaign_id`, `as_campaign_id`, `status`, `an_status`) VALUES(14, 'QA - Default Campaign14', 1, 1000, 1000, 1000, '0000-00-00', '0000-00-00', -1, 1, 0, 0, 0, 'f', 0, '', 1.0000, 2, '2007-11-20 16:09:08', 0, 0, 0, NULL, NULL, 0, 0);
INSERT INTO `oa_zones` (`zoneid`, `affiliateid`, `zonename`, `description`, `delivery`, `zonetype`, `what`, `width`, `height`, `chain`, `prepend`, `append`, `appendtype`, `category`, `ad_selection`, `forceappend`, `inventory_forecast_type`, `comments`, `cost`, `cost_type`, `cost_variable_id`, `technology_cost`, `technology_cost_type`, `updated`, `block`, `capping`, `session_capping`, `as_zone_id`) VALUES(14, 1, 'http://www.test1.org - Default', '', 0, 3, '', 120, 120, '', '', 0x5a6f6e65, 0, '', '', 'f', 0, '', 1.3333, 2, '', NULL, NULL, '2007-11-20 15:10:34', 0, 0, 0, NULL);
INSERT INTO `oa_placement_zone_assoc` (`placement_zone_assoc_id`, `zone_id`, `placement_id`) VALUES(14, 14, 14);

INSERT INTO `oa_banners` (`bannerid`, `contenttype`, `pluginversion`, `storagetype`, `filename`, `imageurl`, `htmltemplate`, `htmlcache`, `width`, `height`, `weight`, `seq`, `target`, `url`, `alt`, `keyword`, `bannertext`, `description`, `autohtml`, `block`, `capping`, `compiledlimitation`, `append`, `appendtype`, `bannertype`, `transparent`, `campaignid`, `adserver`, `session_capping`, `acl_plugins`, `alt_filename`, `alt_imageurl`, `alt_contenttype`, `comments`, `updated`, `parameters`, `acls_updated`, `statustext`, `an_banner_id`, `as_banner_id`, `status`) VALUES(66, 'gif', 0, 'sql', '120x120.gif', '', '', '', 120, 120, 1, 0, '', 'http://www.wp.pl', '', '', '', '', 'f', 0, 0, 0x74727565, 0x48744d6c202d20, 0, 0, 0, 14, '', 0, '', '', '', '', '', '2007-11-20 15:14:41', 'N;', '2007-11-20 15:14:41', '', NULL, NULL, 0);
INSERT INTO `oa_ad_zone_assoc` (`ad_zone_assoc_id`, `zone_id`, `ad_id`, `priority`, `link_type`, `priority_factor`, `to_be_delivered`) VALUES(66, 14, 66, 0, 0, 1, 1);
INSERT INTO `oa_banners` (`bannerid`, `contenttype`, `pluginversion`, `storagetype`, `filename`, `imageurl`, `htmltemplate`, `htmlcache`, `width`, `height`, `weight`, `seq`, `target`, `url`, `alt`, `keyword`, `bannertext`, `description`, `autohtml`, `block`, `capping`, `compiledlimitation`, `append`, `appendtype`, `bannertype`, `transparent`, `campaignid`, `adserver`, `session_capping`, `acl_plugins`, `alt_filename`, `alt_imageurl`, `alt_contenttype`, `comments`, `updated`, `parameters`, `acls_updated`, `statustext`, `an_banner_id`, `as_banner_id`, `status`) VALUES(67, 'gif', 0, 'sql', '120x120.gif', '', '', '', 120, 120, 1, 0, '', 'http://www.wp.pl', '', '', '', '', 'f', 0, 0, 0x74727565, 0x48744d6c202d20, 0, 0, 0, 14, '', 0, '', '', '', '', '', '2007-11-20 15:14:41', 'N;', '2007-11-20 15:14:41', '', NULL, NULL, 0);
INSERT INTO `oa_ad_zone_assoc` (`ad_zone_assoc_id`, `zone_id`, `ad_id`, `priority`, `link_type`, `priority_factor`, `to_be_delivered`) VALUES(67, 14, 67, 0, 0, 1, 1);
INSERT INTO `oa_banners` (`bannerid`, `contenttype`, `pluginversion`, `storagetype`, `filename`, `imageurl`, `htmltemplate`, `htmlcache`, `width`, `height`, `weight`, `seq`, `target`, `url`, `alt`, `keyword`, `bannertext`, `description`, `autohtml`, `block`, `capping`, `compiledlimitation`, `append`, `appendtype`, `bannertype`, `transparent`, `campaignid`, `adserver`, `session_capping`, `acl_plugins`, `alt_filename`, `alt_imageurl`, `alt_contenttype`, `comments`, `updated`, `parameters`, `acls_updated`, `statustext`, `an_banner_id`, `as_banner_id`, `status`) VALUES(68, 'gif', 0, 'sql', '120x120.gif', '', '', '', 120, 120, 1, 0, '', 'http://www.wp.pl', '', '', '', '', 'f', 0, 0, 0x74727565, 0x48744d6c202d20, 0, 0, 0, 14, '', 0, '', '', '', '', '', '2007-11-20 15:14:41', 'N;', '2007-11-20 15:14:41', '', NULL, NULL, 0);
INSERT INTO `oa_ad_zone_assoc` (`ad_zone_assoc_id`, `zone_id`, `ad_id`, `priority`, `link_type`, `priority_factor`, `to_be_delivered`) VALUES(68, 14, 68, 0, 0, 1, 1);
INSERT INTO `oa_banners` (`bannerid`, `contenttype`, `pluginversion`, `storagetype`, `filename`, `imageurl`, `htmltemplate`, `htmlcache`, `width`, `height`, `weight`, `seq`, `target`, `url`, `alt`, `keyword`, `bannertext`, `description`, `autohtml`, `block`, `capping`, `compiledlimitation`, `append`, `appendtype`, `bannertype`, `transparent`, `campaignid`, `adserver`, `session_capping`, `acl_plugins`, `alt_filename`, `alt_imageurl`, `alt_contenttype`, `comments`, `updated`, `parameters`, `acls_updated`, `statustext`, `an_banner_id`, `as_banner_id`, `status`) VALUES(69, 'gif', 0, 'sql', '120x120.gif', '', '', '', 120, 120, 1, 0, '', 'http://www.wp.pl', '', '', '', '', 'f', 0, 0, 0x74727565, 0x48744d6c202d20, 0, 0, 0, 14, '', 0, '', '', '', '', '', '2007-11-20 15:14:41', 'N;', '2007-11-20 15:14:41', '', NULL, NULL, 0);
INSERT INTO `oa_ad_zone_assoc` (`ad_zone_assoc_id`, `zone_id`, `ad_id`, `priority`, `link_type`, `priority_factor`, `to_be_delivered`) VALUES(69, 14, 69, 0, 0, 1, 1);
INSERT INTO `oa_banners` (`bannerid`, `contenttype`, `pluginversion`, `storagetype`, `filename`, `imageurl`, `htmltemplate`, `htmlcache`, `width`, `height`, `weight`, `seq`, `target`, `url`, `alt`, `keyword`, `bannertext`, `description`, `autohtml`, `block`, `capping`, `compiledlimitation`, `append`, `appendtype`, `bannertype`, `transparent`, `campaignid`, `adserver`, `session_capping`, `acl_plugins`, `alt_filename`, `alt_imageurl`, `alt_contenttype`, `comments`, `updated`, `parameters`, `acls_updated`, `statustext`, `an_banner_id`, `as_banner_id`, `status`) VALUES(70, 'gif', 0, 'sql', '120x120.gif', '', '', '', 120, 120, 1, 0, '', 'http://www.wp.pl', '', '', '', '', 'f', 0, 0, 0x74727565, 0x48744d6c202d20, 0, 0, 0, 14, '', 0, '', '', '', '', '', '2007-11-20 15:14:41', 'N;', '2007-11-20 15:14:41', '', NULL, NULL, 0);
INSERT INTO `oa_ad_zone_assoc` (`ad_zone_assoc_id`, `zone_id`, `ad_id`, `priority`, `link_type`, `priority_factor`, `to_be_delivered`) VALUES(70, 14, 70, 0, 0, 1, 1);
INSERT INTO `oa_campaigns` (`campaignid`, `campaignname`, `clientid`, `views`, `clicks`, `conversions`, `expire`, `activate`, `priority`, `weight`, `target_impression`, `target_click`, `target_conversion`, `anonymous`, `companion`, `comments`, `revenue`, `revenue_type`, `updated`, `block`, `capping`, `session_capping`, `an_campaign_id`, `as_campaign_id`, `status`, `an_status`) VALUES(15, 'QA - Default Campaign15', 1, 1000, 1000, 1000, '0000-00-00', '0000-00-00', -1, 1, 0, 0, 0, 'f', 0, '', 1.0000, 2, '2007-11-20 16:09:08', 0, 0, 0, NULL, NULL, 0, 0);
INSERT INTO `oa_zones` (`zoneid`, `affiliateid`, `zonename`, `description`, `delivery`, `zonetype`, `what`, `width`, `height`, `chain`, `prepend`, `append`, `appendtype`, `category`, `ad_selection`, `forceappend`, `inventory_forecast_type`, `comments`, `cost`, `cost_type`, `cost_variable_id`, `technology_cost`, `technology_cost_type`, `updated`, `block`, `capping`, `session_capping`, `as_zone_id`) VALUES(15, 1, 'http://www.test1.org - Default', '', 0, 3, '', 120, 120, '', '', 0x5a6f6e65, 0, '', '', 'f', 0, '', 1.3333, 2, '', NULL, NULL, '2007-11-20 15:10:34', 0, 0, 0, NULL);
INSERT INTO `oa_placement_zone_assoc` (`placement_zone_assoc_id`, `zone_id`, `placement_id`) VALUES(15, 15, 15);

INSERT INTO `oa_banners` (`bannerid`, `contenttype`, `pluginversion`, `storagetype`, `filename`, `imageurl`, `htmltemplate`, `htmlcache`, `width`, `height`, `weight`, `seq`, `target`, `url`, `alt`, `keyword`, `bannertext`, `description`, `autohtml`, `block`, `capping`, `compiledlimitation`, `append`, `appendtype`, `bannertype`, `transparent`, `campaignid`, `adserver`, `session_capping`, `acl_plugins`, `alt_filename`, `alt_imageurl`, `alt_contenttype`, `comments`, `updated`, `parameters`, `acls_updated`, `statustext`, `an_banner_id`, `as_banner_id`, `status`) VALUES(71, 'gif', 0, 'sql', '120x120.gif', '', '', '', 120, 120, 1, 0, '', 'http://www.wp.pl', '', '', '', '', 'f', 0, 0, 0x74727565, 0x48744d6c202d20, 0, 0, 0, 15, '', 0, '', '', '', '', '', '2007-11-20 15:14:41', 'N;', '2007-11-20 15:14:41', '', NULL, NULL, 0);
INSERT INTO `oa_ad_zone_assoc` (`ad_zone_assoc_id`, `zone_id`, `ad_id`, `priority`, `link_type`, `priority_factor`, `to_be_delivered`) VALUES(71, 15, 71, 0, 0, 1, 1);
INSERT INTO `oa_banners` (`bannerid`, `contenttype`, `pluginversion`, `storagetype`, `filename`, `imageurl`, `htmltemplate`, `htmlcache`, `width`, `height`, `weight`, `seq`, `target`, `url`, `alt`, `keyword`, `bannertext`, `description`, `autohtml`, `block`, `capping`, `compiledlimitation`, `append`, `appendtype`, `bannertype`, `transparent`, `campaignid`, `adserver`, `session_capping`, `acl_plugins`, `alt_filename`, `alt_imageurl`, `alt_contenttype`, `comments`, `updated`, `parameters`, `acls_updated`, `statustext`, `an_banner_id`, `as_banner_id`, `status`) VALUES(72, 'gif', 0, 'sql', '120x120.gif', '', '', '', 120, 120, 1, 0, '', 'http://www.wp.pl', '', '', '', '', 'f', 0, 0, 0x74727565, 0x48744d6c202d20, 0, 0, 0, 15, '', 0, '', '', '', '', '', '2007-11-20 15:14:41', 'N;', '2007-11-20 15:14:41', '', NULL, NULL, 0);
INSERT INTO `oa_ad_zone_assoc` (`ad_zone_assoc_id`, `zone_id`, `ad_id`, `priority`, `link_type`, `priority_factor`, `to_be_delivered`) VALUES(72, 15, 72, 0, 0, 1, 1);
INSERT INTO `oa_banners` (`bannerid`, `contenttype`, `pluginversion`, `storagetype`, `filename`, `imageurl`, `htmltemplate`, `htmlcache`, `width`, `height`, `weight`, `seq`, `target`, `url`, `alt`, `keyword`, `bannertext`, `description`, `autohtml`, `block`, `capping`, `compiledlimitation`, `append`, `appendtype`, `bannertype`, `transparent`, `campaignid`, `adserver`, `session_capping`, `acl_plugins`, `alt_filename`, `alt_imageurl`, `alt_contenttype`, `comments`, `updated`, `parameters`, `acls_updated`, `statustext`, `an_banner_id`, `as_banner_id`, `status`) VALUES(73, 'gif', 0, 'sql', '120x120.gif', '', '', '', 120, 120, 1, 0, '', 'http://www.wp.pl', '', '', '', '', 'f', 0, 0, 0x74727565, 0x48744d6c202d20, 0, 0, 0, 15, '', 0, '', '', '', '', '', '2007-11-20 15:14:41', 'N;', '2007-11-20 15:14:41', '', NULL, NULL, 0);
INSERT INTO `oa_ad_zone_assoc` (`ad_zone_assoc_id`, `zone_id`, `ad_id`, `priority`, `link_type`, `priority_factor`, `to_be_delivered`) VALUES(73, 15, 73, 0, 0, 1, 1);
INSERT INTO `oa_banners` (`bannerid`, `contenttype`, `pluginversion`, `storagetype`, `filename`, `imageurl`, `htmltemplate`, `htmlcache`, `width`, `height`, `weight`, `seq`, `target`, `url`, `alt`, `keyword`, `bannertext`, `description`, `autohtml`, `block`, `capping`, `compiledlimitation`, `append`, `appendtype`, `bannertype`, `transparent`, `campaignid`, `adserver`, `session_capping`, `acl_plugins`, `alt_filename`, `alt_imageurl`, `alt_contenttype`, `comments`, `updated`, `parameters`, `acls_updated`, `statustext`, `an_banner_id`, `as_banner_id`, `status`) VALUES(74, 'gif', 0, 'sql', '120x120.gif', '', '', '', 120, 120, 1, 0, '', 'http://www.wp.pl', '', '', '', '', 'f', 0, 0, 0x74727565, 0x48744d6c202d20, 0, 0, 0, 15, '', 0, '', '', '', '', '', '2007-11-20 15:14:41', 'N;', '2007-11-20 15:14:41', '', NULL, NULL, 0);
INSERT INTO `oa_ad_zone_assoc` (`ad_zone_assoc_id`, `zone_id`, `ad_id`, `priority`, `link_type`, `priority_factor`, `to_be_delivered`) VALUES(74, 15, 74, 0, 0, 1, 1);
INSERT INTO `oa_banners` (`bannerid`, `contenttype`, `pluginversion`, `storagetype`, `filename`, `imageurl`, `htmltemplate`, `htmlcache`, `width`, `height`, `weight`, `seq`, `target`, `url`, `alt`, `keyword`, `bannertext`, `description`, `autohtml`, `block`, `capping`, `compiledlimitation`, `append`, `appendtype`, `bannertype`, `transparent`, `campaignid`, `adserver`, `session_capping`, `acl_plugins`, `alt_filename`, `alt_imageurl`, `alt_contenttype`, `comments`, `updated`, `parameters`, `acls_updated`, `statustext`, `an_banner_id`, `as_banner_id`, `status`) VALUES(75, 'gif', 0, 'sql', '120x120.gif', '', '', '', 120, 120, 1, 0, '', 'http://www.wp.pl', '', '', '', '', 'f', 0, 0, 0x74727565, 0x48744d6c202d20, 0, 0, 0, 15, '', 0, '', '', '', '', '', '2007-11-20 15:14:41', 'N;', '2007-11-20 15:14:41', '', NULL, NULL, 0);
INSERT INTO `oa_ad_zone_assoc` (`ad_zone_assoc_id`, `zone_id`, `ad_id`, `priority`, `link_type`, `priority_factor`, `to_be_delivered`) VALUES(75, 15, 75, 0, 0, 1, 1);
INSERT INTO `oa_campaigns` (`campaignid`, `campaignname`, `clientid`, `views`, `clicks`, `conversions`, `expire`, `activate`, `priority`, `weight`, `target_impression`, `target_click`, `target_conversion`, `anonymous`, `companion`, `comments`, `revenue`, `revenue_type`, `updated`, `block`, `capping`, `session_capping`, `an_campaign_id`, `as_campaign_id`, `status`, `an_status`) VALUES(16, 'QA - Default Campaign16', 1, 1000, 1000, 1000, '0000-00-00', '0000-00-00', -1, 1, 0, 0, 0, 'f', 0, '', 1.0000, 2, '2007-11-20 16:09:08', 0, 0, 0, NULL, NULL, 0, 0);
INSERT INTO `oa_zones` (`zoneid`, `affiliateid`, `zonename`, `description`, `delivery`, `zonetype`, `what`, `width`, `height`, `chain`, `prepend`, `append`, `appendtype`, `category`, `ad_selection`, `forceappend`, `inventory_forecast_type`, `comments`, `cost`, `cost_type`, `cost_variable_id`, `technology_cost`, `technology_cost_type`, `updated`, `block`, `capping`, `session_capping`, `as_zone_id`) VALUES(16, 1, 'http://www.test1.org - Default', '', 0, 3, '', 120, 120, '', '', 0x5a6f6e65, 0, '', '', 'f', 0, '', 1.3333, 2, '', NULL, NULL, '2007-11-20 15:10:34', 0, 0, 0, NULL);
INSERT INTO `oa_placement_zone_assoc` (`placement_zone_assoc_id`, `zone_id`, `placement_id`) VALUES(16, 16, 16);

INSERT INTO `oa_banners` (`bannerid`, `contenttype`, `pluginversion`, `storagetype`, `filename`, `imageurl`, `htmltemplate`, `htmlcache`, `width`, `height`, `weight`, `seq`, `target`, `url`, `alt`, `keyword`, `bannertext`, `description`, `autohtml`, `block`, `capping`, `compiledlimitation`, `append`, `appendtype`, `bannertype`, `transparent`, `campaignid`, `adserver`, `session_capping`, `acl_plugins`, `alt_filename`, `alt_imageurl`, `alt_contenttype`, `comments`, `updated`, `parameters`, `acls_updated`, `statustext`, `an_banner_id`, `as_banner_id`, `status`) VALUES(76, 'gif', 0, 'sql', '120x120.gif', '', '', '', 120, 120, 1, 0, '', 'http://www.wp.pl', '', '', '', '', 'f', 0, 0, 0x74727565, 0x48744d6c202d20, 0, 0, 0, 16, '', 0, '', '', '', '', '', '2007-11-20 15:14:41', 'N;', '2007-11-20 15:14:41', '', NULL, NULL, 0);
INSERT INTO `oa_ad_zone_assoc` (`ad_zone_assoc_id`, `zone_id`, `ad_id`, `priority`, `link_type`, `priority_factor`, `to_be_delivered`) VALUES(76, 16, 76, 0, 0, 1, 1);
INSERT INTO `oa_banners` (`bannerid`, `contenttype`, `pluginversion`, `storagetype`, `filename`, `imageurl`, `htmltemplate`, `htmlcache`, `width`, `height`, `weight`, `seq`, `target`, `url`, `alt`, `keyword`, `bannertext`, `description`, `autohtml`, `block`, `capping`, `compiledlimitation`, `append`, `appendtype`, `bannertype`, `transparent`, `campaignid`, `adserver`, `session_capping`, `acl_plugins`, `alt_filename`, `alt_imageurl`, `alt_contenttype`, `comments`, `updated`, `parameters`, `acls_updated`, `statustext`, `an_banner_id`, `as_banner_id`, `status`) VALUES(77, 'gif', 0, 'sql', '120x120.gif', '', '', '', 120, 120, 1, 0, '', 'http://www.wp.pl', '', '', '', '', 'f', 0, 0, 0x74727565, 0x48744d6c202d20, 0, 0, 0, 16, '', 0, '', '', '', '', '', '2007-11-20 15:14:41', 'N;', '2007-11-20 15:14:41', '', NULL, NULL, 0);
INSERT INTO `oa_ad_zone_assoc` (`ad_zone_assoc_id`, `zone_id`, `ad_id`, `priority`, `link_type`, `priority_factor`, `to_be_delivered`) VALUES(77, 16, 77, 0, 0, 1, 1);
INSERT INTO `oa_banners` (`bannerid`, `contenttype`, `pluginversion`, `storagetype`, `filename`, `imageurl`, `htmltemplate`, `htmlcache`, `width`, `height`, `weight`, `seq`, `target`, `url`, `alt`, `keyword`, `bannertext`, `description`, `autohtml`, `block`, `capping`, `compiledlimitation`, `append`, `appendtype`, `bannertype`, `transparent`, `campaignid`, `adserver`, `session_capping`, `acl_plugins`, `alt_filename`, `alt_imageurl`, `alt_contenttype`, `comments`, `updated`, `parameters`, `acls_updated`, `statustext`, `an_banner_id`, `as_banner_id`, `status`) VALUES(78, 'gif', 0, 'sql', '120x120.gif', '', '', '', 120, 120, 1, 0, '', 'http://www.wp.pl', '', '', '', '', 'f', 0, 0, 0x74727565, 0x48744d6c202d20, 0, 0, 0, 16, '', 0, '', '', '', '', '', '2007-11-20 15:14:41', 'N;', '2007-11-20 15:14:41', '', NULL, NULL, 0);
INSERT INTO `oa_ad_zone_assoc` (`ad_zone_assoc_id`, `zone_id`, `ad_id`, `priority`, `link_type`, `priority_factor`, `to_be_delivered`) VALUES(78, 16, 78, 0, 0, 1, 1);
INSERT INTO `oa_banners` (`bannerid`, `contenttype`, `pluginversion`, `storagetype`, `filename`, `imageurl`, `htmltemplate`, `htmlcache`, `width`, `height`, `weight`, `seq`, `target`, `url`, `alt`, `keyword`, `bannertext`, `description`, `autohtml`, `block`, `capping`, `compiledlimitation`, `append`, `appendtype`, `bannertype`, `transparent`, `campaignid`, `adserver`, `session_capping`, `acl_plugins`, `alt_filename`, `alt_imageurl`, `alt_contenttype`, `comments`, `updated`, `parameters`, `acls_updated`, `statustext`, `an_banner_id`, `as_banner_id`, `status`) VALUES(79, 'gif', 0, 'sql', '120x120.gif', '', '', '', 120, 120, 1, 0, '', 'http://www.wp.pl', '', '', '', '', 'f', 0, 0, 0x74727565, 0x48744d6c202d20, 0, 0, 0, 16, '', 0, '', '', '', '', '', '2007-11-20 15:14:41', 'N;', '2007-11-20 15:14:41', '', NULL, NULL, 0);
INSERT INTO `oa_ad_zone_assoc` (`ad_zone_assoc_id`, `zone_id`, `ad_id`, `priority`, `link_type`, `priority_factor`, `to_be_delivered`) VALUES(79, 16, 79, 0, 0, 1, 1);
INSERT INTO `oa_banners` (`bannerid`, `contenttype`, `pluginversion`, `storagetype`, `filename`, `imageurl`, `htmltemplate`, `htmlcache`, `width`, `height`, `weight`, `seq`, `target`, `url`, `alt`, `keyword`, `bannertext`, `description`, `autohtml`, `block`, `capping`, `compiledlimitation`, `append`, `appendtype`, `bannertype`, `transparent`, `campaignid`, `adserver`, `session_capping`, `acl_plugins`, `alt_filename`, `alt_imageurl`, `alt_contenttype`, `comments`, `updated`, `parameters`, `acls_updated`, `statustext`, `an_banner_id`, `as_banner_id`, `status`) VALUES(80, 'gif', 0, 'sql', '120x120.gif', '', '', '', 120, 120, 1, 0, '', 'http://www.wp.pl', '', '', '', '', 'f', 0, 0, 0x74727565, 0x48744d6c202d20, 0, 0, 0, 16, '', 0, '', '', '', '', '', '2007-11-20 15:14:41', 'N;', '2007-11-20 15:14:41', '', NULL, NULL, 0);
INSERT INTO `oa_ad_zone_assoc` (`ad_zone_assoc_id`, `zone_id`, `ad_id`, `priority`, `link_type`, `priority_factor`, `to_be_delivered`) VALUES(80, 16, 80, 0, 0, 1, 1);
INSERT INTO `oa_campaigns` (`campaignid`, `campaignname`, `clientid`, `views`, `clicks`, `conversions`, `expire`, `activate`, `priority`, `weight`, `target_impression`, `target_click`, `target_conversion`, `anonymous`, `companion`, `comments`, `revenue`, `revenue_type`, `updated`, `block`, `capping`, `session_capping`, `an_campaign_id`, `as_campaign_id`, `status`, `an_status`) VALUES(17, 'QA - Default Campaign17', 1, 1000, 1000, 1000, '0000-00-00', '0000-00-00', -1, 1, 0, 0, 0, 'f', 0, '', 1.0000, 2, '2007-11-20 16:09:08', 0, 0, 0, NULL, NULL, 0, 0);
INSERT INTO `oa_zones` (`zoneid`, `affiliateid`, `zonename`, `description`, `delivery`, `zonetype`, `what`, `width`, `height`, `chain`, `prepend`, `append`, `appendtype`, `category`, `ad_selection`, `forceappend`, `inventory_forecast_type`, `comments`, `cost`, `cost_type`, `cost_variable_id`, `technology_cost`, `technology_cost_type`, `updated`, `block`, `capping`, `session_capping`, `as_zone_id`) VALUES(17, 1, 'http://www.test1.org - Default', '', 0, 3, '', 120, 120, '', '', 0x5a6f6e65, 0, '', '', 'f', 0, '', 1.3333, 2, '', NULL, NULL, '2007-11-20 15:10:34', 0, 0, 0, NULL);
INSERT INTO `oa_placement_zone_assoc` (`placement_zone_assoc_id`, `zone_id`, `placement_id`) VALUES(17, 17, 17);

INSERT INTO `oa_banners` (`bannerid`, `contenttype`, `pluginversion`, `storagetype`, `filename`, `imageurl`, `htmltemplate`, `htmlcache`, `width`, `height`, `weight`, `seq`, `target`, `url`, `alt`, `keyword`, `bannertext`, `description`, `autohtml`, `block`, `capping`, `compiledlimitation`, `append`, `appendtype`, `bannertype`, `transparent`, `campaignid`, `adserver`, `session_capping`, `acl_plugins`, `alt_filename`, `alt_imageurl`, `alt_contenttype`, `comments`, `updated`, `parameters`, `acls_updated`, `statustext`, `an_banner_id`, `as_banner_id`, `status`) VALUES(81, 'gif', 0, 'sql', '120x120.gif', '', '', '', 120, 120, 1, 0, '', 'http://www.wp.pl', '', '', '', '', 'f', 0, 0, 0x74727565, 0x48744d6c202d20, 0, 0, 0, 17, '', 0, '', '', '', '', '', '2007-11-20 15:14:41', 'N;', '2007-11-20 15:14:41', '', NULL, NULL, 0);
INSERT INTO `oa_ad_zone_assoc` (`ad_zone_assoc_id`, `zone_id`, `ad_id`, `priority`, `link_type`, `priority_factor`, `to_be_delivered`) VALUES(81, 17, 81, 0, 0, 1, 1);
INSERT INTO `oa_banners` (`bannerid`, `contenttype`, `pluginversion`, `storagetype`, `filename`, `imageurl`, `htmltemplate`, `htmlcache`, `width`, `height`, `weight`, `seq`, `target`, `url`, `alt`, `keyword`, `bannertext`, `description`, `autohtml`, `block`, `capping`, `compiledlimitation`, `append`, `appendtype`, `bannertype`, `transparent`, `campaignid`, `adserver`, `session_capping`, `acl_plugins`, `alt_filename`, `alt_imageurl`, `alt_contenttype`, `comments`, `updated`, `parameters`, `acls_updated`, `statustext`, `an_banner_id`, `as_banner_id`, `status`) VALUES(82, 'gif', 0, 'sql', '120x120.gif', '', '', '', 120, 120, 1, 0, '', 'http://www.wp.pl', '', '', '', '', 'f', 0, 0, 0x74727565, 0x48744d6c202d20, 0, 0, 0, 17, '', 0, '', '', '', '', '', '2007-11-20 15:14:41', 'N;', '2007-11-20 15:14:41', '', NULL, NULL, 0);
INSERT INTO `oa_ad_zone_assoc` (`ad_zone_assoc_id`, `zone_id`, `ad_id`, `priority`, `link_type`, `priority_factor`, `to_be_delivered`) VALUES(82, 17, 82, 0, 0, 1, 1);
INSERT INTO `oa_banners` (`bannerid`, `contenttype`, `pluginversion`, `storagetype`, `filename`, `imageurl`, `htmltemplate`, `htmlcache`, `width`, `height`, `weight`, `seq`, `target`, `url`, `alt`, `keyword`, `bannertext`, `description`, `autohtml`, `block`, `capping`, `compiledlimitation`, `append`, `appendtype`, `bannertype`, `transparent`, `campaignid`, `adserver`, `session_capping`, `acl_plugins`, `alt_filename`, `alt_imageurl`, `alt_contenttype`, `comments`, `updated`, `parameters`, `acls_updated`, `statustext`, `an_banner_id`, `as_banner_id`, `status`) VALUES(83, 'gif', 0, 'sql', '120x120.gif', '', '', '', 120, 120, 1, 0, '', 'http://www.wp.pl', '', '', '', '', 'f', 0, 0, 0x74727565, 0x48744d6c202d20, 0, 0, 0, 17, '', 0, '', '', '', '', '', '2007-11-20 15:14:41', 'N;', '2007-11-20 15:14:41', '', NULL, NULL, 0);
INSERT INTO `oa_ad_zone_assoc` (`ad_zone_assoc_id`, `zone_id`, `ad_id`, `priority`, `link_type`, `priority_factor`, `to_be_delivered`) VALUES(83, 17, 83, 0, 0, 1, 1);
INSERT INTO `oa_banners` (`bannerid`, `contenttype`, `pluginversion`, `storagetype`, `filename`, `imageurl`, `htmltemplate`, `htmlcache`, `width`, `height`, `weight`, `seq`, `target`, `url`, `alt`, `keyword`, `bannertext`, `description`, `autohtml`, `block`, `capping`, `compiledlimitation`, `append`, `appendtype`, `bannertype`, `transparent`, `campaignid`, `adserver`, `session_capping`, `acl_plugins`, `alt_filename`, `alt_imageurl`, `alt_contenttype`, `comments`, `updated`, `parameters`, `acls_updated`, `statustext`, `an_banner_id`, `as_banner_id`, `status`) VALUES(84, 'gif', 0, 'sql', '120x120.gif', '', '', '', 120, 120, 1, 0, '', 'http://www.wp.pl', '', '', '', '', 'f', 0, 0, 0x74727565, 0x48744d6c202d20, 0, 0, 0, 17, '', 0, '', '', '', '', '', '2007-11-20 15:14:41', 'N;', '2007-11-20 15:14:41', '', NULL, NULL, 0);
INSERT INTO `oa_ad_zone_assoc` (`ad_zone_assoc_id`, `zone_id`, `ad_id`, `priority`, `link_type`, `priority_factor`, `to_be_delivered`) VALUES(84, 17, 84, 0, 0, 1, 1);
INSERT INTO `oa_banners` (`bannerid`, `contenttype`, `pluginversion`, `storagetype`, `filename`, `imageurl`, `htmltemplate`, `htmlcache`, `width`, `height`, `weight`, `seq`, `target`, `url`, `alt`, `keyword`, `bannertext`, `description`, `autohtml`, `block`, `capping`, `compiledlimitation`, `append`, `appendtype`, `bannertype`, `transparent`, `campaignid`, `adserver`, `session_capping`, `acl_plugins`, `alt_filename`, `alt_imageurl`, `alt_contenttype`, `comments`, `updated`, `parameters`, `acls_updated`, `statustext`, `an_banner_id`, `as_banner_id`, `status`) VALUES(85, 'gif', 0, 'sql', '120x120.gif', '', '', '', 120, 120, 1, 0, '', 'http://www.wp.pl', '', '', '', '', 'f', 0, 0, 0x74727565, 0x48744d6c202d20, 0, 0, 0, 17, '', 0, '', '', '', '', '', '2007-11-20 15:14:41', 'N;', '2007-11-20 15:14:41', '', NULL, NULL, 0);
INSERT INTO `oa_ad_zone_assoc` (`ad_zone_assoc_id`, `zone_id`, `ad_id`, `priority`, `link_type`, `priority_factor`, `to_be_delivered`) VALUES(85, 17, 85, 0, 0, 1, 1);
INSERT INTO `oa_campaigns` (`campaignid`, `campaignname`, `clientid`, `views`, `clicks`, `conversions`, `expire`, `activate`, `priority`, `weight`, `target_impression`, `target_click`, `target_conversion`, `anonymous`, `companion`, `comments`, `revenue`, `revenue_type`, `updated`, `block`, `capping`, `session_capping`, `an_campaign_id`, `as_campaign_id`, `status`, `an_status`) VALUES(18, 'QA - Default Campaign18', 1, 1000, 1000, 1000, '0000-00-00', '0000-00-00', -1, 1, 0, 0, 0, 'f', 0, '', 1.0000, 2, '2007-11-20 16:09:08', 0, 0, 0, NULL, NULL, 0, 0);
INSERT INTO `oa_zones` (`zoneid`, `affiliateid`, `zonename`, `description`, `delivery`, `zonetype`, `what`, `width`, `height`, `chain`, `prepend`, `append`, `appendtype`, `category`, `ad_selection`, `forceappend`, `inventory_forecast_type`, `comments`, `cost`, `cost_type`, `cost_variable_id`, `technology_cost`, `technology_cost_type`, `updated`, `block`, `capping`, `session_capping`, `as_zone_id`) VALUES(18, 1, 'http://www.test1.org - Default', '', 0, 3, '', 120, 120, '', '', 0x5a6f6e65, 0, '', '', 'f', 0, '', 1.3333, 2, '', NULL, NULL, '2007-11-20 15:10:34', 0, 0, 0, NULL);
INSERT INTO `oa_placement_zone_assoc` (`placement_zone_assoc_id`, `zone_id`, `placement_id`) VALUES(18, 18, 18);

INSERT INTO `oa_banners` (`bannerid`, `contenttype`, `pluginversion`, `storagetype`, `filename`, `imageurl`, `htmltemplate`, `htmlcache`, `width`, `height`, `weight`, `seq`, `target`, `url`, `alt`, `keyword`, `bannertext`, `description`, `autohtml`, `block`, `capping`, `compiledlimitation`, `append`, `appendtype`, `bannertype`, `transparent`, `campaignid`, `adserver`, `session_capping`, `acl_plugins`, `alt_filename`, `alt_imageurl`, `alt_contenttype`, `comments`, `updated`, `parameters`, `acls_updated`, `statustext`, `an_banner_id`, `as_banner_id`, `status`) VALUES(86, 'gif', 0, 'sql', '120x120.gif', '', '', '', 120, 120, 1, 0, '', 'http://www.wp.pl', '', '', '', '', 'f', 0, 0, 0x74727565, 0x48744d6c202d20, 0, 0, 0, 18, '', 0, '', '', '', '', '', '2007-11-20 15:14:41', 'N;', '2007-11-20 15:14:41', '', NULL, NULL, 0);
INSERT INTO `oa_ad_zone_assoc` (`ad_zone_assoc_id`, `zone_id`, `ad_id`, `priority`, `link_type`, `priority_factor`, `to_be_delivered`) VALUES(86, 18, 86, 0, 0, 1, 1);
INSERT INTO `oa_banners` (`bannerid`, `contenttype`, `pluginversion`, `storagetype`, `filename`, `imageurl`, `htmltemplate`, `htmlcache`, `width`, `height`, `weight`, `seq`, `target`, `url`, `alt`, `keyword`, `bannertext`, `description`, `autohtml`, `block`, `capping`, `compiledlimitation`, `append`, `appendtype`, `bannertype`, `transparent`, `campaignid`, `adserver`, `session_capping`, `acl_plugins`, `alt_filename`, `alt_imageurl`, `alt_contenttype`, `comments`, `updated`, `parameters`, `acls_updated`, `statustext`, `an_banner_id`, `as_banner_id`, `status`) VALUES(87, 'gif', 0, 'sql', '120x120.gif', '', '', '', 120, 120, 1, 0, '', 'http://www.wp.pl', '', '', '', '', 'f', 0, 0, 0x74727565, 0x48744d6c202d20, 0, 0, 0, 18, '', 0, '', '', '', '', '', '2007-11-20 15:14:41', 'N;', '2007-11-20 15:14:41', '', NULL, NULL, 0);
INSERT INTO `oa_ad_zone_assoc` (`ad_zone_assoc_id`, `zone_id`, `ad_id`, `priority`, `link_type`, `priority_factor`, `to_be_delivered`) VALUES(87, 18, 87, 0, 0, 1, 1);
INSERT INTO `oa_banners` (`bannerid`, `contenttype`, `pluginversion`, `storagetype`, `filename`, `imageurl`, `htmltemplate`, `htmlcache`, `width`, `height`, `weight`, `seq`, `target`, `url`, `alt`, `keyword`, `bannertext`, `description`, `autohtml`, `block`, `capping`, `compiledlimitation`, `append`, `appendtype`, `bannertype`, `transparent`, `campaignid`, `adserver`, `session_capping`, `acl_plugins`, `alt_filename`, `alt_imageurl`, `alt_contenttype`, `comments`, `updated`, `parameters`, `acls_updated`, `statustext`, `an_banner_id`, `as_banner_id`, `status`) VALUES(88, 'gif', 0, 'sql', '120x120.gif', '', '', '', 120, 120, 1, 0, '', 'http://www.wp.pl', '', '', '', '', 'f', 0, 0, 0x74727565, 0x48744d6c202d20, 0, 0, 0, 18, '', 0, '', '', '', '', '', '2007-11-20 15:14:41', 'N;', '2007-11-20 15:14:41', '', NULL, NULL, 0);
INSERT INTO `oa_ad_zone_assoc` (`ad_zone_assoc_id`, `zone_id`, `ad_id`, `priority`, `link_type`, `priority_factor`, `to_be_delivered`) VALUES(88, 18, 88, 0, 0, 1, 1);
INSERT INTO `oa_banners` (`bannerid`, `contenttype`, `pluginversion`, `storagetype`, `filename`, `imageurl`, `htmltemplate`, `htmlcache`, `width`, `height`, `weight`, `seq`, `target`, `url`, `alt`, `keyword`, `bannertext`, `description`, `autohtml`, `block`, `capping`, `compiledlimitation`, `append`, `appendtype`, `bannertype`, `transparent`, `campaignid`, `adserver`, `session_capping`, `acl_plugins`, `alt_filename`, `alt_imageurl`, `alt_contenttype`, `comments`, `updated`, `parameters`, `acls_updated`, `statustext`, `an_banner_id`, `as_banner_id`, `status`) VALUES(89, 'gif', 0, 'sql', '120x120.gif', '', '', '', 120, 120, 1, 0, '', 'http://www.wp.pl', '', '', '', '', 'f', 0, 0, 0x74727565, 0x48744d6c202d20, 0, 0, 0, 18, '', 0, '', '', '', '', '', '2007-11-20 15:14:41', 'N;', '2007-11-20 15:14:41', '', NULL, NULL, 0);
INSERT INTO `oa_ad_zone_assoc` (`ad_zone_assoc_id`, `zone_id`, `ad_id`, `priority`, `link_type`, `priority_factor`, `to_be_delivered`) VALUES(89, 18, 89, 0, 0, 1, 1);
INSERT INTO `oa_banners` (`bannerid`, `contenttype`, `pluginversion`, `storagetype`, `filename`, `imageurl`, `htmltemplate`, `htmlcache`, `width`, `height`, `weight`, `seq`, `target`, `url`, `alt`, `keyword`, `bannertext`, `description`, `autohtml`, `block`, `capping`, `compiledlimitation`, `append`, `appendtype`, `bannertype`, `transparent`, `campaignid`, `adserver`, `session_capping`, `acl_plugins`, `alt_filename`, `alt_imageurl`, `alt_contenttype`, `comments`, `updated`, `parameters`, `acls_updated`, `statustext`, `an_banner_id`, `as_banner_id`, `status`) VALUES(90, 'gif', 0, 'sql', '120x120.gif', '', '', '', 120, 120, 1, 0, '', 'http://www.wp.pl', '', '', '', '', 'f', 0, 0, 0x74727565, 0x48744d6c202d20, 0, 0, 0, 18, '', 0, '', '', '', '', '', '2007-11-20 15:14:41', 'N;', '2007-11-20 15:14:41', '', NULL, NULL, 0);
INSERT INTO `oa_ad_zone_assoc` (`ad_zone_assoc_id`, `zone_id`, `ad_id`, `priority`, `link_type`, `priority_factor`, `to_be_delivered`) VALUES(90, 18, 90, 0, 0, 1, 1);
INSERT INTO `oa_campaigns` (`campaignid`, `campaignname`, `clientid`, `views`, `clicks`, `conversions`, `expire`, `activate`, `priority`, `weight`, `target_impression`, `target_click`, `target_conversion`, `anonymous`, `companion`, `comments`, `revenue`, `revenue_type`, `updated`, `block`, `capping`, `session_capping`, `an_campaign_id`, `as_campaign_id`, `status`, `an_status`) VALUES(19, 'QA - Default Campaign19', 1, 1000, 1000, 1000, '0000-00-00', '0000-00-00', -1, 1, 0, 0, 0, 'f', 0, '', 1.0000, 2, '2007-11-20 16:09:08', 0, 0, 0, NULL, NULL, 0, 0);
INSERT INTO `oa_zones` (`zoneid`, `affiliateid`, `zonename`, `description`, `delivery`, `zonetype`, `what`, `width`, `height`, `chain`, `prepend`, `append`, `appendtype`, `category`, `ad_selection`, `forceappend`, `inventory_forecast_type`, `comments`, `cost`, `cost_type`, `cost_variable_id`, `technology_cost`, `technology_cost_type`, `updated`, `block`, `capping`, `session_capping`, `as_zone_id`) VALUES(19, 1, 'http://www.test1.org - Default', '', 0, 3, '', 120, 120, '', '', 0x5a6f6e65, 0, '', '', 'f', 0, '', 1.3333, 2, '', NULL, NULL, '2007-11-20 15:10:34', 0, 0, 0, NULL);
INSERT INTO `oa_placement_zone_assoc` (`placement_zone_assoc_id`, `zone_id`, `placement_id`) VALUES(19, 19, 19);

INSERT INTO `oa_banners` (`bannerid`, `contenttype`, `pluginversion`, `storagetype`, `filename`, `imageurl`, `htmltemplate`, `htmlcache`, `width`, `height`, `weight`, `seq`, `target`, `url`, `alt`, `keyword`, `bannertext`, `description`, `autohtml`, `block`, `capping`, `compiledlimitation`, `append`, `appendtype`, `bannertype`, `transparent`, `campaignid`, `adserver`, `session_capping`, `acl_plugins`, `alt_filename`, `alt_imageurl`, `alt_contenttype`, `comments`, `updated`, `parameters`, `acls_updated`, `statustext`, `an_banner_id`, `as_banner_id`, `status`) VALUES(91, 'gif', 0, 'sql', '120x120.gif', '', '', '', 120, 120, 1, 0, '', 'http://www.wp.pl', '', '', '', '', 'f', 0, 0, 0x74727565, 0x48744d6c202d20, 0, 0, 0, 19, '', 0, '', '', '', '', '', '2007-11-20 15:14:41', 'N;', '2007-11-20 15:14:41', '', NULL, NULL, 0);
INSERT INTO `oa_ad_zone_assoc` (`ad_zone_assoc_id`, `zone_id`, `ad_id`, `priority`, `link_type`, `priority_factor`, `to_be_delivered`) VALUES(91, 19, 91, 0, 0, 1, 1);
INSERT INTO `oa_banners` (`bannerid`, `contenttype`, `pluginversion`, `storagetype`, `filename`, `imageurl`, `htmltemplate`, `htmlcache`, `width`, `height`, `weight`, `seq`, `target`, `url`, `alt`, `keyword`, `bannertext`, `description`, `autohtml`, `block`, `capping`, `compiledlimitation`, `append`, `appendtype`, `bannertype`, `transparent`, `campaignid`, `adserver`, `session_capping`, `acl_plugins`, `alt_filename`, `alt_imageurl`, `alt_contenttype`, `comments`, `updated`, `parameters`, `acls_updated`, `statustext`, `an_banner_id`, `as_banner_id`, `status`) VALUES(92, 'gif', 0, 'sql', '120x120.gif', '', '', '', 120, 120, 1, 0, '', 'http://www.wp.pl', '', '', '', '', 'f', 0, 0, 0x74727565, 0x48744d6c202d20, 0, 0, 0, 19, '', 0, '', '', '', '', '', '2007-11-20 15:14:41', 'N;', '2007-11-20 15:14:41', '', NULL, NULL, 0);
INSERT INTO `oa_ad_zone_assoc` (`ad_zone_assoc_id`, `zone_id`, `ad_id`, `priority`, `link_type`, `priority_factor`, `to_be_delivered`) VALUES(92, 19, 92, 0, 0, 1, 1);
INSERT INTO `oa_banners` (`bannerid`, `contenttype`, `pluginversion`, `storagetype`, `filename`, `imageurl`, `htmltemplate`, `htmlcache`, `width`, `height`, `weight`, `seq`, `target`, `url`, `alt`, `keyword`, `bannertext`, `description`, `autohtml`, `block`, `capping`, `compiledlimitation`, `append`, `appendtype`, `bannertype`, `transparent`, `campaignid`, `adserver`, `session_capping`, `acl_plugins`, `alt_filename`, `alt_imageurl`, `alt_contenttype`, `comments`, `updated`, `parameters`, `acls_updated`, `statustext`, `an_banner_id`, `as_banner_id`, `status`) VALUES(93, 'gif', 0, 'sql', '120x120.gif', '', '', '', 120, 120, 1, 0, '', 'http://www.wp.pl', '', '', '', '', 'f', 0, 0, 0x74727565, 0x48744d6c202d20, 0, 0, 0, 19, '', 0, '', '', '', '', '', '2007-11-20 15:14:41', 'N;', '2007-11-20 15:14:41', '', NULL, NULL, 0);
INSERT INTO `oa_ad_zone_assoc` (`ad_zone_assoc_id`, `zone_id`, `ad_id`, `priority`, `link_type`, `priority_factor`, `to_be_delivered`) VALUES(93, 19, 93, 0, 0, 1, 1);
INSERT INTO `oa_banners` (`bannerid`, `contenttype`, `pluginversion`, `storagetype`, `filename`, `imageurl`, `htmltemplate`, `htmlcache`, `width`, `height`, `weight`, `seq`, `target`, `url`, `alt`, `keyword`, `bannertext`, `description`, `autohtml`, `block`, `capping`, `compiledlimitation`, `append`, `appendtype`, `bannertype`, `transparent`, `campaignid`, `adserver`, `session_capping`, `acl_plugins`, `alt_filename`, `alt_imageurl`, `alt_contenttype`, `comments`, `updated`, `parameters`, `acls_updated`, `statustext`, `an_banner_id`, `as_banner_id`, `status`) VALUES(94, 'gif', 0, 'sql', '120x120.gif', '', '', '', 120, 120, 1, 0, '', 'http://www.wp.pl', '', '', '', '', 'f', 0, 0, 0x74727565, 0x48744d6c202d20, 0, 0, 0, 19, '', 0, '', '', '', '', '', '2007-11-20 15:14:41', 'N;', '2007-11-20 15:14:41', '', NULL, NULL, 0);
INSERT INTO `oa_ad_zone_assoc` (`ad_zone_assoc_id`, `zone_id`, `ad_id`, `priority`, `link_type`, `priority_factor`, `to_be_delivered`) VALUES(94, 19, 94, 0, 0, 1, 1);
INSERT INTO `oa_banners` (`bannerid`, `contenttype`, `pluginversion`, `storagetype`, `filename`, `imageurl`, `htmltemplate`, `htmlcache`, `width`, `height`, `weight`, `seq`, `target`, `url`, `alt`, `keyword`, `bannertext`, `description`, `autohtml`, `block`, `capping`, `compiledlimitation`, `append`, `appendtype`, `bannertype`, `transparent`, `campaignid`, `adserver`, `session_capping`, `acl_plugins`, `alt_filename`, `alt_imageurl`, `alt_contenttype`, `comments`, `updated`, `parameters`, `acls_updated`, `statustext`, `an_banner_id`, `as_banner_id`, `status`) VALUES(95, 'gif', 0, 'sql', '120x120.gif', '', '', '', 120, 120, 1, 0, '', 'http://www.wp.pl', '', '', '', '', 'f', 0, 0, 0x74727565, 0x48744d6c202d20, 0, 0, 0, 19, '', 0, '', '', '', '', '', '2007-11-20 15:14:41', 'N;', '2007-11-20 15:14:41', '', NULL, NULL, 0);
INSERT INTO `oa_ad_zone_assoc` (`ad_zone_assoc_id`, `zone_id`, `ad_id`, `priority`, `link_type`, `priority_factor`, `to_be_delivered`) VALUES(95, 19, 95, 0, 0, 1, 1);
INSERT INTO `oa_campaigns` (`campaignid`, `campaignname`, `clientid`, `views`, `clicks`, `conversions`, `expire`, `activate`, `priority`, `weight`, `target_impression`, `target_click`, `target_conversion`, `anonymous`, `companion`, `comments`, `revenue`, `revenue_type`, `updated`, `block`, `capping`, `session_capping`, `an_campaign_id`, `as_campaign_id`, `status`, `an_status`) VALUES(20, 'QA - Default Campaign20', 1, 1000, 1000, 1000, '0000-00-00', '0000-00-00', -1, 1, 0, 0, 0, 'f', 0, '', 1.0000, 2, '2007-11-20 16:09:08', 0, 0, 0, NULL, NULL, 0, 0);
INSERT INTO `oa_zones` (`zoneid`, `affiliateid`, `zonename`, `description`, `delivery`, `zonetype`, `what`, `width`, `height`, `chain`, `prepend`, `append`, `appendtype`, `category`, `ad_selection`, `forceappend`, `inventory_forecast_type`, `comments`, `cost`, `cost_type`, `cost_variable_id`, `technology_cost`, `technology_cost_type`, `updated`, `block`, `capping`, `session_capping`, `as_zone_id`) VALUES(20, 1, 'http://www.test1.org - Default', '', 0, 3, '', 120, 120, '', '', 0x5a6f6e65, 0, '', '', 'f', 0, '', 1.3333, 2, '', NULL, NULL, '2007-11-20 15:10:34', 0, 0, 0, NULL);
INSERT INTO `oa_placement_zone_assoc` (`placement_zone_assoc_id`, `zone_id`, `placement_id`) VALUES(20, 20, 20);

INSERT INTO `oa_banners` (`bannerid`, `contenttype`, `pluginversion`, `storagetype`, `filename`, `imageurl`, `htmltemplate`, `htmlcache`, `width`, `height`, `weight`, `seq`, `target`, `url`, `alt`, `keyword`, `bannertext`, `description`, `autohtml`, `block`, `capping`, `compiledlimitation`, `append`, `appendtype`, `bannertype`, `transparent`, `campaignid`, `adserver`, `session_capping`, `acl_plugins`, `alt_filename`, `alt_imageurl`, `alt_contenttype`, `comments`, `updated`, `parameters`, `acls_updated`, `statustext`, `an_banner_id`, `as_banner_id`, `status`) VALUES(96, 'gif', 0, 'sql', '120x120.gif', '', '', '', 120, 120, 1, 0, '', 'http://www.wp.pl', '', '', '', '', 'f', 0, 0, 0x74727565, 0x48744d6c202d20, 0, 0, 0, 20, '', 0, '', '', '', '', '', '2007-11-20 15:14:41', 'N;', '2007-11-20 15:14:41', '', NULL, NULL, 0);
INSERT INTO `oa_ad_zone_assoc` (`ad_zone_assoc_id`, `zone_id`, `ad_id`, `priority`, `link_type`, `priority_factor`, `to_be_delivered`) VALUES(96, 20, 96, 0, 0, 1, 1);
INSERT INTO `oa_banners` (`bannerid`, `contenttype`, `pluginversion`, `storagetype`, `filename`, `imageurl`, `htmltemplate`, `htmlcache`, `width`, `height`, `weight`, `seq`, `target`, `url`, `alt`, `keyword`, `bannertext`, `description`, `autohtml`, `block`, `capping`, `compiledlimitation`, `append`, `appendtype`, `bannertype`, `transparent`, `campaignid`, `adserver`, `session_capping`, `acl_plugins`, `alt_filename`, `alt_imageurl`, `alt_contenttype`, `comments`, `updated`, `parameters`, `acls_updated`, `statustext`, `an_banner_id`, `as_banner_id`, `status`) VALUES(97, 'gif', 0, 'sql', '120x120.gif', '', '', '', 120, 120, 1, 0, '', 'http://www.wp.pl', '', '', '', '', 'f', 0, 0, 0x74727565, 0x48744d6c202d20, 0, 0, 0, 20, '', 0, '', '', '', '', '', '2007-11-20 15:14:41', 'N;', '2007-11-20 15:14:41', '', NULL, NULL, 0);
INSERT INTO `oa_ad_zone_assoc` (`ad_zone_assoc_id`, `zone_id`, `ad_id`, `priority`, `link_type`, `priority_factor`, `to_be_delivered`) VALUES(97, 20, 97, 0, 0, 1, 1);
INSERT INTO `oa_banners` (`bannerid`, `contenttype`, `pluginversion`, `storagetype`, `filename`, `imageurl`, `htmltemplate`, `htmlcache`, `width`, `height`, `weight`, `seq`, `target`, `url`, `alt`, `keyword`, `bannertext`, `description`, `autohtml`, `block`, `capping`, `compiledlimitation`, `append`, `appendtype`, `bannertype`, `transparent`, `campaignid`, `adserver`, `session_capping`, `acl_plugins`, `alt_filename`, `alt_imageurl`, `alt_contenttype`, `comments`, `updated`, `parameters`, `acls_updated`, `statustext`, `an_banner_id`, `as_banner_id`, `status`) VALUES(98, 'gif', 0, 'sql', '120x120.gif', '', '', '', 120, 120, 1, 0, '', 'http://www.wp.pl', '', '', '', '', 'f', 0, 0, 0x74727565, 0x48744d6c202d20, 0, 0, 0, 20, '', 0, '', '', '', '', '', '2007-11-20 15:14:41', 'N;', '2007-11-20 15:14:41', '', NULL, NULL, 0);
INSERT INTO `oa_ad_zone_assoc` (`ad_zone_assoc_id`, `zone_id`, `ad_id`, `priority`, `link_type`, `priority_factor`, `to_be_delivered`) VALUES(98, 20, 98, 0, 0, 1, 1);
INSERT INTO `oa_banners` (`bannerid`, `contenttype`, `pluginversion`, `storagetype`, `filename`, `imageurl`, `htmltemplate`, `htmlcache`, `width`, `height`, `weight`, `seq`, `target`, `url`, `alt`, `keyword`, `bannertext`, `description`, `autohtml`, `block`, `capping`, `compiledlimitation`, `append`, `appendtype`, `bannertype`, `transparent`, `campaignid`, `adserver`, `session_capping`, `acl_plugins`, `alt_filename`, `alt_imageurl`, `alt_contenttype`, `comments`, `updated`, `parameters`, `acls_updated`, `statustext`, `an_banner_id`, `as_banner_id`, `status`) VALUES(99, 'gif', 0, 'sql', '120x120.gif', '', '', '', 120, 120, 1, 0, '', 'http://www.wp.pl', '', '', '', '', 'f', 0, 0, 0x74727565, 0x48744d6c202d20, 0, 0, 0, 20, '', 0, '', '', '', '', '', '2007-11-20 15:14:41', 'N;', '2007-11-20 15:14:41', '', NULL, NULL, 0);
INSERT INTO `oa_ad_zone_assoc` (`ad_zone_assoc_id`, `zone_id`, `ad_id`, `priority`, `link_type`, `priority_factor`, `to_be_delivered`) VALUES(99, 20, 99, 0, 0, 1, 1);
INSERT INTO `oa_banners` (`bannerid`, `contenttype`, `pluginversion`, `storagetype`, `filename`, `imageurl`, `htmltemplate`, `htmlcache`, `width`, `height`, `weight`, `seq`, `target`, `url`, `alt`, `keyword`, `bannertext`, `description`, `autohtml`, `block`, `capping`, `compiledlimitation`, `append`, `appendtype`, `bannertype`, `transparent`, `campaignid`, `adserver`, `session_capping`, `acl_plugins`, `alt_filename`, `alt_imageurl`, `alt_contenttype`, `comments`, `updated`, `parameters`, `acls_updated`, `statustext`, `an_banner_id`, `as_banner_id`, `status`) VALUES(100, 'gif', 0, 'sql', '120x120.gif', '', '', '', 120, 120, 1, 0, '', 'http://www.wp.pl', '', '', '', '', 'f', 0, 0, 0x74727565, 0x48744d6c202d20, 0, 0, 0, 20, '', 0, '', '', '', '', '', '2007-11-20 15:14:41', 'N;', '2007-11-20 15:14:41', '', NULL, NULL, 0);
INSERT INTO `oa_ad_zone_assoc` (`ad_zone_assoc_id`, `zone_id`, `ad_id`, `priority`, `link_type`, `priority_factor`, `to_be_delivered`) VALUES(100, 20, 100, 0, 0, 1, 1);
INSERT INTO `oa_campaigns` (`campaignid`, `campaignname`, `clientid`, `views`, `clicks`, `conversions`, `expire`, `activate`, `priority`, `weight`, `target_impression`, `target_click`, `target_conversion`, `anonymous`, `companion`, `comments`, `revenue`, `revenue_type`, `updated`, `block`, `capping`, `session_capping`, `an_campaign_id`, `as_campaign_id`, `status`, `an_status`) VALUES(21, 'QA - Default Campaign21', 1, 1000, 1000, 1000, '0000-00-00', '0000-00-00', -1, 1, 0, 0, 0, 'f', 0, '', 1.0000, 2, '2007-11-20 16:09:08', 0, 0, 0, NULL, NULL, 0, 0);
INSERT INTO `oa_zones` (`zoneid`, `affiliateid`, `zonename`, `description`, `delivery`, `zonetype`, `what`, `width`, `height`, `chain`, `prepend`, `append`, `appendtype`, `category`, `ad_selection`, `forceappend`, `inventory_forecast_type`, `comments`, `cost`, `cost_type`, `cost_variable_id`, `technology_cost`, `technology_cost_type`, `updated`, `block`, `capping`, `session_capping`, `as_zone_id`) VALUES(21, 1, 'http://www.test1.org - Default', '', 0, 3, '', 120, 120, '', '', 0x5a6f6e65, 0, '', '', 'f', 0, '', 1.3333, 2, '', NULL, NULL, '2007-11-20 15:10:34', 0, 0, 0, NULL);
INSERT INTO `oa_placement_zone_assoc` (`placement_zone_assoc_id`, `zone_id`, `placement_id`) VALUES(21, 21, 21);

INSERT INTO `oa_banners` (`bannerid`, `contenttype`, `pluginversion`, `storagetype`, `filename`, `imageurl`, `htmltemplate`, `htmlcache`, `width`, `height`, `weight`, `seq`, `target`, `url`, `alt`, `keyword`, `bannertext`, `description`, `autohtml`, `block`, `capping`, `compiledlimitation`, `append`, `appendtype`, `bannertype`, `transparent`, `campaignid`, `adserver`, `session_capping`, `acl_plugins`, `alt_filename`, `alt_imageurl`, `alt_contenttype`, `comments`, `updated`, `parameters`, `acls_updated`, `statustext`, `an_banner_id`, `as_banner_id`, `status`) VALUES(101, 'gif', 0, 'sql', '120x120.gif', '', '', '', 120, 120, 1, 0, '', 'http://www.wp.pl', '', '', '', '', 'f', 0, 0, 0x74727565, 0x48744d6c202d20, 0, 0, 0, 21, '', 0, '', '', '', '', '', '2007-11-20 15:14:41', 'N;', '2007-11-20 15:14:41', '', NULL, NULL, 0);
INSERT INTO `oa_ad_zone_assoc` (`ad_zone_assoc_id`, `zone_id`, `ad_id`, `priority`, `link_type`, `priority_factor`, `to_be_delivered`) VALUES(101, 21, 101, 0, 0, 1, 1);
INSERT INTO `oa_banners` (`bannerid`, `contenttype`, `pluginversion`, `storagetype`, `filename`, `imageurl`, `htmltemplate`, `htmlcache`, `width`, `height`, `weight`, `seq`, `target`, `url`, `alt`, `keyword`, `bannertext`, `description`, `autohtml`, `block`, `capping`, `compiledlimitation`, `append`, `appendtype`, `bannertype`, `transparent`, `campaignid`, `adserver`, `session_capping`, `acl_plugins`, `alt_filename`, `alt_imageurl`, `alt_contenttype`, `comments`, `updated`, `parameters`, `acls_updated`, `statustext`, `an_banner_id`, `as_banner_id`, `status`) VALUES(102, 'gif', 0, 'sql', '120x120.gif', '', '', '', 120, 120, 1, 0, '', 'http://www.wp.pl', '', '', '', '', 'f', 0, 0, 0x74727565, 0x48744d6c202d20, 0, 0, 0, 21, '', 0, '', '', '', '', '', '2007-11-20 15:14:41', 'N;', '2007-11-20 15:14:41', '', NULL, NULL, 0);
INSERT INTO `oa_ad_zone_assoc` (`ad_zone_assoc_id`, `zone_id`, `ad_id`, `priority`, `link_type`, `priority_factor`, `to_be_delivered`) VALUES(102, 21, 102, 0, 0, 1, 1);
INSERT INTO `oa_banners` (`bannerid`, `contenttype`, `pluginversion`, `storagetype`, `filename`, `imageurl`, `htmltemplate`, `htmlcache`, `width`, `height`, `weight`, `seq`, `target`, `url`, `alt`, `keyword`, `bannertext`, `description`, `autohtml`, `block`, `capping`, `compiledlimitation`, `append`, `appendtype`, `bannertype`, `transparent`, `campaignid`, `adserver`, `session_capping`, `acl_plugins`, `alt_filename`, `alt_imageurl`, `alt_contenttype`, `comments`, `updated`, `parameters`, `acls_updated`, `statustext`, `an_banner_id`, `as_banner_id`, `status`) VALUES(103, 'gif', 0, 'sql', '120x120.gif', '', '', '', 120, 120, 1, 0, '', 'http://www.wp.pl', '', '', '', '', 'f', 0, 0, 0x74727565, 0x48744d6c202d20, 0, 0, 0, 21, '', 0, '', '', '', '', '', '2007-11-20 15:14:41', 'N;', '2007-11-20 15:14:41', '', NULL, NULL, 0);
INSERT INTO `oa_ad_zone_assoc` (`ad_zone_assoc_id`, `zone_id`, `ad_id`, `priority`, `link_type`, `priority_factor`, `to_be_delivered`) VALUES(103, 21, 103, 0, 0, 1, 1);
INSERT INTO `oa_banners` (`bannerid`, `contenttype`, `pluginversion`, `storagetype`, `filename`, `imageurl`, `htmltemplate`, `htmlcache`, `width`, `height`, `weight`, `seq`, `target`, `url`, `alt`, `keyword`, `bannertext`, `description`, `autohtml`, `block`, `capping`, `compiledlimitation`, `append`, `appendtype`, `bannertype`, `transparent`, `campaignid`, `adserver`, `session_capping`, `acl_plugins`, `alt_filename`, `alt_imageurl`, `alt_contenttype`, `comments`, `updated`, `parameters`, `acls_updated`, `statustext`, `an_banner_id`, `as_banner_id`, `status`) VALUES(104, 'gif', 0, 'sql', '120x120.gif', '', '', '', 120, 120, 1, 0, '', 'http://www.wp.pl', '', '', '', '', 'f', 0, 0, 0x74727565, 0x48744d6c202d20, 0, 0, 0, 21, '', 0, '', '', '', '', '', '2007-11-20 15:14:41', 'N;', '2007-11-20 15:14:41', '', NULL, NULL, 0);
INSERT INTO `oa_ad_zone_assoc` (`ad_zone_assoc_id`, `zone_id`, `ad_id`, `priority`, `link_type`, `priority_factor`, `to_be_delivered`) VALUES(104, 21, 104, 0, 0, 1, 1);
INSERT INTO `oa_banners` (`bannerid`, `contenttype`, `pluginversion`, `storagetype`, `filename`, `imageurl`, `htmltemplate`, `htmlcache`, `width`, `height`, `weight`, `seq`, `target`, `url`, `alt`, `keyword`, `bannertext`, `description`, `autohtml`, `block`, `capping`, `compiledlimitation`, `append`, `appendtype`, `bannertype`, `transparent`, `campaignid`, `adserver`, `session_capping`, `acl_plugins`, `alt_filename`, `alt_imageurl`, `alt_contenttype`, `comments`, `updated`, `parameters`, `acls_updated`, `statustext`, `an_banner_id`, `as_banner_id`, `status`) VALUES(105, 'gif', 0, 'sql', '120x120.gif', '', '', '', 120, 120, 1, 0, '', 'http://www.wp.pl', '', '', '', '', 'f', 0, 0, 0x74727565, 0x48744d6c202d20, 0, 0, 0, 21, '', 0, '', '', '', '', '', '2007-11-20 15:14:41', 'N;', '2007-11-20 15:14:41', '', NULL, NULL, 0);
INSERT INTO `oa_ad_zone_assoc` (`ad_zone_assoc_id`, `zone_id`, `ad_id`, `priority`, `link_type`, `priority_factor`, `to_be_delivered`) VALUES(105, 21, 105, 0, 0, 1, 1);
INSERT INTO `oa_campaigns` (`campaignid`, `campaignname`, `clientid`, `views`, `clicks`, `conversions`, `expire`, `activate`, `priority`, `weight`, `target_impression`, `target_click`, `target_conversion`, `anonymous`, `companion`, `comments`, `revenue`, `revenue_type`, `updated`, `block`, `capping`, `session_capping`, `an_campaign_id`, `as_campaign_id`, `status`, `an_status`) VALUES(22, 'QA - Default Campaign22', 1, 1000, 1000, 1000, '0000-00-00', '0000-00-00', -1, 1, 0, 0, 0, 'f', 0, '', 1.0000, 2, '2007-11-20 16:09:08', 0, 0, 0, NULL, NULL, 0, 0);
INSERT INTO `oa_zones` (`zoneid`, `affiliateid`, `zonename`, `description`, `delivery`, `zonetype`, `what`, `width`, `height`, `chain`, `prepend`, `append`, `appendtype`, `category`, `ad_selection`, `forceappend`, `inventory_forecast_type`, `comments`, `cost`, `cost_type`, `cost_variable_id`, `technology_cost`, `technology_cost_type`, `updated`, `block`, `capping`, `session_capping`, `as_zone_id`) VALUES(22, 1, 'http://www.test1.org - Default', '', 0, 3, '', 120, 120, '', '', 0x5a6f6e65, 0, '', '', 'f', 0, '', 1.3333, 2, '', NULL, NULL, '2007-11-20 15:10:34', 0, 0, 0, NULL);
INSERT INTO `oa_placement_zone_assoc` (`placement_zone_assoc_id`, `zone_id`, `placement_id`) VALUES(22, 22, 22);

INSERT INTO `oa_banners` (`bannerid`, `contenttype`, `pluginversion`, `storagetype`, `filename`, `imageurl`, `htmltemplate`, `htmlcache`, `width`, `height`, `weight`, `seq`, `target`, `url`, `alt`, `keyword`, `bannertext`, `description`, `autohtml`, `block`, `capping`, `compiledlimitation`, `append`, `appendtype`, `bannertype`, `transparent`, `campaignid`, `adserver`, `session_capping`, `acl_plugins`, `alt_filename`, `alt_imageurl`, `alt_contenttype`, `comments`, `updated`, `parameters`, `acls_updated`, `statustext`, `an_banner_id`, `as_banner_id`, `status`) VALUES(106, 'gif', 0, 'sql', '120x120.gif', '', '', '', 120, 120, 1, 0, '', 'http://www.wp.pl', '', '', '', '', 'f', 0, 0, 0x74727565, 0x48744d6c202d20, 0, 0, 0, 22, '', 0, '', '', '', '', '', '2007-11-20 15:14:41', 'N;', '2007-11-20 15:14:41', '', NULL, NULL, 0);
INSERT INTO `oa_ad_zone_assoc` (`ad_zone_assoc_id`, `zone_id`, `ad_id`, `priority`, `link_type`, `priority_factor`, `to_be_delivered`) VALUES(106, 22, 106, 0, 0, 1, 1);
INSERT INTO `oa_banners` (`bannerid`, `contenttype`, `pluginversion`, `storagetype`, `filename`, `imageurl`, `htmltemplate`, `htmlcache`, `width`, `height`, `weight`, `seq`, `target`, `url`, `alt`, `keyword`, `bannertext`, `description`, `autohtml`, `block`, `capping`, `compiledlimitation`, `append`, `appendtype`, `bannertype`, `transparent`, `campaignid`, `adserver`, `session_capping`, `acl_plugins`, `alt_filename`, `alt_imageurl`, `alt_contenttype`, `comments`, `updated`, `parameters`, `acls_updated`, `statustext`, `an_banner_id`, `as_banner_id`, `status`) VALUES(107, 'gif', 0, 'sql', '120x120.gif', '', '', '', 120, 120, 1, 0, '', 'http://www.wp.pl', '', '', '', '', 'f', 0, 0, 0x74727565, 0x48744d6c202d20, 0, 0, 0, 22, '', 0, '', '', '', '', '', '2007-11-20 15:14:41', 'N;', '2007-11-20 15:14:41', '', NULL, NULL, 0);
INSERT INTO `oa_ad_zone_assoc` (`ad_zone_assoc_id`, `zone_id`, `ad_id`, `priority`, `link_type`, `priority_factor`, `to_be_delivered`) VALUES(107, 22, 107, 0, 0, 1, 1);
INSERT INTO `oa_banners` (`bannerid`, `contenttype`, `pluginversion`, `storagetype`, `filename`, `imageurl`, `htmltemplate`, `htmlcache`, `width`, `height`, `weight`, `seq`, `target`, `url`, `alt`, `keyword`, `bannertext`, `description`, `autohtml`, `block`, `capping`, `compiledlimitation`, `append`, `appendtype`, `bannertype`, `transparent`, `campaignid`, `adserver`, `session_capping`, `acl_plugins`, `alt_filename`, `alt_imageurl`, `alt_contenttype`, `comments`, `updated`, `parameters`, `acls_updated`, `statustext`, `an_banner_id`, `as_banner_id`, `status`) VALUES(108, 'gif', 0, 'sql', '120x120.gif', '', '', '', 120, 120, 1, 0, '', 'http://www.wp.pl', '', '', '', '', 'f', 0, 0, 0x74727565, 0x48744d6c202d20, 0, 0, 0, 22, '', 0, '', '', '', '', '', '2007-11-20 15:14:41', 'N;', '2007-11-20 15:14:41', '', NULL, NULL, 0);
INSERT INTO `oa_ad_zone_assoc` (`ad_zone_assoc_id`, `zone_id`, `ad_id`, `priority`, `link_type`, `priority_factor`, `to_be_delivered`) VALUES(108, 22, 108, 0, 0, 1, 1);
INSERT INTO `oa_banners` (`bannerid`, `contenttype`, `pluginversion`, `storagetype`, `filename`, `imageurl`, `htmltemplate`, `htmlcache`, `width`, `height`, `weight`, `seq`, `target`, `url`, `alt`, `keyword`, `bannertext`, `description`, `autohtml`, `block`, `capping`, `compiledlimitation`, `append`, `appendtype`, `bannertype`, `transparent`, `campaignid`, `adserver`, `session_capping`, `acl_plugins`, `alt_filename`, `alt_imageurl`, `alt_contenttype`, `comments`, `updated`, `parameters`, `acls_updated`, `statustext`, `an_banner_id`, `as_banner_id`, `status`) VALUES(109, 'gif', 0, 'sql', '120x120.gif', '', '', '', 120, 120, 1, 0, '', 'http://www.wp.pl', '', '', '', '', 'f', 0, 0, 0x74727565, 0x48744d6c202d20, 0, 0, 0, 22, '', 0, '', '', '', '', '', '2007-11-20 15:14:41', 'N;', '2007-11-20 15:14:41', '', NULL, NULL, 0);
INSERT INTO `oa_ad_zone_assoc` (`ad_zone_assoc_id`, `zone_id`, `ad_id`, `priority`, `link_type`, `priority_factor`, `to_be_delivered`) VALUES(109, 22, 109, 0, 0, 1, 1);
INSERT INTO `oa_banners` (`bannerid`, `contenttype`, `pluginversion`, `storagetype`, `filename`, `imageurl`, `htmltemplate`, `htmlcache`, `width`, `height`, `weight`, `seq`, `target`, `url`, `alt`, `keyword`, `bannertext`, `description`, `autohtml`, `block`, `capping`, `compiledlimitation`, `append`, `appendtype`, `bannertype`, `transparent`, `campaignid`, `adserver`, `session_capping`, `acl_plugins`, `alt_filename`, `alt_imageurl`, `alt_contenttype`, `comments`, `updated`, `parameters`, `acls_updated`, `statustext`, `an_banner_id`, `as_banner_id`, `status`) VALUES(110, 'gif', 0, 'sql', '120x120.gif', '', '', '', 120, 120, 1, 0, '', 'http://www.wp.pl', '', '', '', '', 'f', 0, 0, 0x74727565, 0x48744d6c202d20, 0, 0, 0, 22, '', 0, '', '', '', '', '', '2007-11-20 15:14:41', 'N;', '2007-11-20 15:14:41', '', NULL, NULL, 0);
INSERT INTO `oa_ad_zone_assoc` (`ad_zone_assoc_id`, `zone_id`, `ad_id`, `priority`, `link_type`, `priority_factor`, `to_be_delivered`) VALUES(110, 22, 110, 0, 0, 1, 1);
INSERT INTO `oa_campaigns` (`campaignid`, `campaignname`, `clientid`, `views`, `clicks`, `conversions`, `expire`, `activate`, `priority`, `weight`, `target_impression`, `target_click`, `target_conversion`, `anonymous`, `companion`, `comments`, `revenue`, `revenue_type`, `updated`, `block`, `capping`, `session_capping`, `an_campaign_id`, `as_campaign_id`, `status`, `an_status`) VALUES(23, 'QA - Default Campaign23', 1, 1000, 1000, 1000, '0000-00-00', '0000-00-00', -1, 1, 0, 0, 0, 'f', 0, '', 1.0000, 2, '2007-11-20 16:09:08', 0, 0, 0, NULL, NULL, 0, 0);
INSERT INTO `oa_zones` (`zoneid`, `affiliateid`, `zonename`, `description`, `delivery`, `zonetype`, `what`, `width`, `height`, `chain`, `prepend`, `append`, `appendtype`, `category`, `ad_selection`, `forceappend`, `inventory_forecast_type`, `comments`, `cost`, `cost_type`, `cost_variable_id`, `technology_cost`, `technology_cost_type`, `updated`, `block`, `capping`, `session_capping`, `as_zone_id`) VALUES(23, 1, 'http://www.test1.org - Default', '', 0, 3, '', 120, 120, '', '', 0x5a6f6e65, 0, '', '', 'f', 0, '', 1.3333, 2, '', NULL, NULL, '2007-11-20 15:10:34', 0, 0, 0, NULL);
INSERT INTO `oa_placement_zone_assoc` (`placement_zone_assoc_id`, `zone_id`, `placement_id`) VALUES(23, 23, 23);

INSERT INTO `oa_banners` (`bannerid`, `contenttype`, `pluginversion`, `storagetype`, `filename`, `imageurl`, `htmltemplate`, `htmlcache`, `width`, `height`, `weight`, `seq`, `target`, `url`, `alt`, `keyword`, `bannertext`, `description`, `autohtml`, `block`, `capping`, `compiledlimitation`, `append`, `appendtype`, `bannertype`, `transparent`, `campaignid`, `adserver`, `session_capping`, `acl_plugins`, `alt_filename`, `alt_imageurl`, `alt_contenttype`, `comments`, `updated`, `parameters`, `acls_updated`, `statustext`, `an_banner_id`, `as_banner_id`, `status`) VALUES(111, 'gif', 0, 'sql', '120x120.gif', '', '', '', 120, 120, 1, 0, '', 'http://www.wp.pl', '', '', '', '', 'f', 0, 0, 0x74727565, 0x48744d6c202d20, 0, 0, 0, 23, '', 0, '', '', '', '', '', '2007-11-20 15:14:41', 'N;', '2007-11-20 15:14:41', '', NULL, NULL, 0);
INSERT INTO `oa_ad_zone_assoc` (`ad_zone_assoc_id`, `zone_id`, `ad_id`, `priority`, `link_type`, `priority_factor`, `to_be_delivered`) VALUES(111, 23, 111, 0, 0, 1, 1);
INSERT INTO `oa_banners` (`bannerid`, `contenttype`, `pluginversion`, `storagetype`, `filename`, `imageurl`, `htmltemplate`, `htmlcache`, `width`, `height`, `weight`, `seq`, `target`, `url`, `alt`, `keyword`, `bannertext`, `description`, `autohtml`, `block`, `capping`, `compiledlimitation`, `append`, `appendtype`, `bannertype`, `transparent`, `campaignid`, `adserver`, `session_capping`, `acl_plugins`, `alt_filename`, `alt_imageurl`, `alt_contenttype`, `comments`, `updated`, `parameters`, `acls_updated`, `statustext`, `an_banner_id`, `as_banner_id`, `status`) VALUES(112, 'gif', 0, 'sql', '120x120.gif', '', '', '', 120, 120, 1, 0, '', 'http://www.wp.pl', '', '', '', '', 'f', 0, 0, 0x74727565, 0x48744d6c202d20, 0, 0, 0, 23, '', 0, '', '', '', '', '', '2007-11-20 15:14:41', 'N;', '2007-11-20 15:14:41', '', NULL, NULL, 0);
INSERT INTO `oa_ad_zone_assoc` (`ad_zone_assoc_id`, `zone_id`, `ad_id`, `priority`, `link_type`, `priority_factor`, `to_be_delivered`) VALUES(112, 23, 112, 0, 0, 1, 1);
INSERT INTO `oa_banners` (`bannerid`, `contenttype`, `pluginversion`, `storagetype`, `filename`, `imageurl`, `htmltemplate`, `htmlcache`, `width`, `height`, `weight`, `seq`, `target`, `url`, `alt`, `keyword`, `bannertext`, `description`, `autohtml`, `block`, `capping`, `compiledlimitation`, `append`, `appendtype`, `bannertype`, `transparent`, `campaignid`, `adserver`, `session_capping`, `acl_plugins`, `alt_filename`, `alt_imageurl`, `alt_contenttype`, `comments`, `updated`, `parameters`, `acls_updated`, `statustext`, `an_banner_id`, `as_banner_id`, `status`) VALUES(113, 'gif', 0, 'sql', '120x120.gif', '', '', '', 120, 120, 1, 0, '', 'http://www.wp.pl', '', '', '', '', 'f', 0, 0, 0x74727565, 0x48744d6c202d20, 0, 0, 0, 23, '', 0, '', '', '', '', '', '2007-11-20 15:14:41', 'N;', '2007-11-20 15:14:41', '', NULL, NULL, 0);
INSERT INTO `oa_ad_zone_assoc` (`ad_zone_assoc_id`, `zone_id`, `ad_id`, `priority`, `link_type`, `priority_factor`, `to_be_delivered`) VALUES(113, 23, 113, 0, 0, 1, 1);
INSERT INTO `oa_banners` (`bannerid`, `contenttype`, `pluginversion`, `storagetype`, `filename`, `imageurl`, `htmltemplate`, `htmlcache`, `width`, `height`, `weight`, `seq`, `target`, `url`, `alt`, `keyword`, `bannertext`, `description`, `autohtml`, `block`, `capping`, `compiledlimitation`, `append`, `appendtype`, `bannertype`, `transparent`, `campaignid`, `adserver`, `session_capping`, `acl_plugins`, `alt_filename`, `alt_imageurl`, `alt_contenttype`, `comments`, `updated`, `parameters`, `acls_updated`, `statustext`, `an_banner_id`, `as_banner_id`, `status`) VALUES(114, 'gif', 0, 'sql', '120x120.gif', '', '', '', 120, 120, 1, 0, '', 'http://www.wp.pl', '', '', '', '', 'f', 0, 0, 0x74727565, 0x48744d6c202d20, 0, 0, 0, 23, '', 0, '', '', '', '', '', '2007-11-20 15:14:41', 'N;', '2007-11-20 15:14:41', '', NULL, NULL, 0);
INSERT INTO `oa_ad_zone_assoc` (`ad_zone_assoc_id`, `zone_id`, `ad_id`, `priority`, `link_type`, `priority_factor`, `to_be_delivered`) VALUES(114, 23, 114, 0, 0, 1, 1);
INSERT INTO `oa_banners` (`bannerid`, `contenttype`, `pluginversion`, `storagetype`, `filename`, `imageurl`, `htmltemplate`, `htmlcache`, `width`, `height`, `weight`, `seq`, `target`, `url`, `alt`, `keyword`, `bannertext`, `description`, `autohtml`, `block`, `capping`, `compiledlimitation`, `append`, `appendtype`, `bannertype`, `transparent`, `campaignid`, `adserver`, `session_capping`, `acl_plugins`, `alt_filename`, `alt_imageurl`, `alt_contenttype`, `comments`, `updated`, `parameters`, `acls_updated`, `statustext`, `an_banner_id`, `as_banner_id`, `status`) VALUES(115, 'gif', 0, 'sql', '120x120.gif', '', '', '', 120, 120, 1, 0, '', 'http://www.wp.pl', '', '', '', '', 'f', 0, 0, 0x74727565, 0x48744d6c202d20, 0, 0, 0, 23, '', 0, '', '', '', '', '', '2007-11-20 15:14:41', 'N;', '2007-11-20 15:14:41', '', NULL, NULL, 0);
INSERT INTO `oa_ad_zone_assoc` (`ad_zone_assoc_id`, `zone_id`, `ad_id`, `priority`, `link_type`, `priority_factor`, `to_be_delivered`) VALUES(115, 23, 115, 0, 0, 1, 1);
INSERT INTO `oa_campaigns` (`campaignid`, `campaignname`, `clientid`, `views`, `clicks`, `conversions`, `expire`, `activate`, `priority`, `weight`, `target_impression`, `target_click`, `target_conversion`, `anonymous`, `companion`, `comments`, `revenue`, `revenue_type`, `updated`, `block`, `capping`, `session_capping`, `an_campaign_id`, `as_campaign_id`, `status`, `an_status`) VALUES(24, 'QA - Default Campaign24', 1, 1000, 1000, 1000, '0000-00-00', '0000-00-00', -1, 1, 0, 0, 0, 'f', 0, '', 1.0000, 2, '2007-11-20 16:09:08', 0, 0, 0, NULL, NULL, 0, 0);
INSERT INTO `oa_zones` (`zoneid`, `affiliateid`, `zonename`, `description`, `delivery`, `zonetype`, `what`, `width`, `height`, `chain`, `prepend`, `append`, `appendtype`, `category`, `ad_selection`, `forceappend`, `inventory_forecast_type`, `comments`, `cost`, `cost_type`, `cost_variable_id`, `technology_cost`, `technology_cost_type`, `updated`, `block`, `capping`, `session_capping`, `as_zone_id`) VALUES(24, 1, 'http://www.test1.org - Default', '', 0, 3, '', 120, 120, '', '', 0x5a6f6e65, 0, '', '', 'f', 0, '', 1.3333, 2, '', NULL, NULL, '2007-11-20 15:10:34', 0, 0, 0, NULL);
INSERT INTO `oa_placement_zone_assoc` (`placement_zone_assoc_id`, `zone_id`, `placement_id`) VALUES(24, 24, 24);

INSERT INTO `oa_banners` (`bannerid`, `contenttype`, `pluginversion`, `storagetype`, `filename`, `imageurl`, `htmltemplate`, `htmlcache`, `width`, `height`, `weight`, `seq`, `target`, `url`, `alt`, `keyword`, `bannertext`, `description`, `autohtml`, `block`, `capping`, `compiledlimitation`, `append`, `appendtype`, `bannertype`, `transparent`, `campaignid`, `adserver`, `session_capping`, `acl_plugins`, `alt_filename`, `alt_imageurl`, `alt_contenttype`, `comments`, `updated`, `parameters`, `acls_updated`, `statustext`, `an_banner_id`, `as_banner_id`, `status`) VALUES(116, 'gif', 0, 'sql', '120x120.gif', '', '', '', 120, 120, 1, 0, '', 'http://www.wp.pl', '', '', '', '', 'f', 0, 0, 0x74727565, 0x48744d6c202d20, 0, 0, 0, 24, '', 0, '', '', '', '', '', '2007-11-20 15:14:41', 'N;', '2007-11-20 15:14:41', '', NULL, NULL, 0);
INSERT INTO `oa_ad_zone_assoc` (`ad_zone_assoc_id`, `zone_id`, `ad_id`, `priority`, `link_type`, `priority_factor`, `to_be_delivered`) VALUES(116, 24, 116, 0, 0, 1, 1);
INSERT INTO `oa_banners` (`bannerid`, `contenttype`, `pluginversion`, `storagetype`, `filename`, `imageurl`, `htmltemplate`, `htmlcache`, `width`, `height`, `weight`, `seq`, `target`, `url`, `alt`, `keyword`, `bannertext`, `description`, `autohtml`, `block`, `capping`, `compiledlimitation`, `append`, `appendtype`, `bannertype`, `transparent`, `campaignid`, `adserver`, `session_capping`, `acl_plugins`, `alt_filename`, `alt_imageurl`, `alt_contenttype`, `comments`, `updated`, `parameters`, `acls_updated`, `statustext`, `an_banner_id`, `as_banner_id`, `status`) VALUES(117, 'gif', 0, 'sql', '120x120.gif', '', '', '', 120, 120, 1, 0, '', 'http://www.wp.pl', '', '', '', '', 'f', 0, 0, 0x74727565, 0x48744d6c202d20, 0, 0, 0, 24, '', 0, '', '', '', '', '', '2007-11-20 15:14:41', 'N;', '2007-11-20 15:14:41', '', NULL, NULL, 0);
INSERT INTO `oa_ad_zone_assoc` (`ad_zone_assoc_id`, `zone_id`, `ad_id`, `priority`, `link_type`, `priority_factor`, `to_be_delivered`) VALUES(117, 24, 117, 0, 0, 1, 1);
INSERT INTO `oa_banners` (`bannerid`, `contenttype`, `pluginversion`, `storagetype`, `filename`, `imageurl`, `htmltemplate`, `htmlcache`, `width`, `height`, `weight`, `seq`, `target`, `url`, `alt`, `keyword`, `bannertext`, `description`, `autohtml`, `block`, `capping`, `compiledlimitation`, `append`, `appendtype`, `bannertype`, `transparent`, `campaignid`, `adserver`, `session_capping`, `acl_plugins`, `alt_filename`, `alt_imageurl`, `alt_contenttype`, `comments`, `updated`, `parameters`, `acls_updated`, `statustext`, `an_banner_id`, `as_banner_id`, `status`) VALUES(118, 'gif', 0, 'sql', '120x120.gif', '', '', '', 120, 120, 1, 0, '', 'http://www.wp.pl', '', '', '', '', 'f', 0, 0, 0x74727565, 0x48744d6c202d20, 0, 0, 0, 24, '', 0, '', '', '', '', '', '2007-11-20 15:14:41', 'N;', '2007-11-20 15:14:41', '', NULL, NULL, 0);
INSERT INTO `oa_ad_zone_assoc` (`ad_zone_assoc_id`, `zone_id`, `ad_id`, `priority`, `link_type`, `priority_factor`, `to_be_delivered`) VALUES(118, 24, 118, 0, 0, 1, 1);
INSERT INTO `oa_banners` (`bannerid`, `contenttype`, `pluginversion`, `storagetype`, `filename`, `imageurl`, `htmltemplate`, `htmlcache`, `width`, `height`, `weight`, `seq`, `target`, `url`, `alt`, `keyword`, `bannertext`, `description`, `autohtml`, `block`, `capping`, `compiledlimitation`, `append`, `appendtype`, `bannertype`, `transparent`, `campaignid`, `adserver`, `session_capping`, `acl_plugins`, `alt_filename`, `alt_imageurl`, `alt_contenttype`, `comments`, `updated`, `parameters`, `acls_updated`, `statustext`, `an_banner_id`, `as_banner_id`, `status`) VALUES(119, 'gif', 0, 'sql', '120x120.gif', '', '', '', 120, 120, 1, 0, '', 'http://www.wp.pl', '', '', '', '', 'f', 0, 0, 0x74727565, 0x48744d6c202d20, 0, 0, 0, 24, '', 0, '', '', '', '', '', '2007-11-20 15:14:41', 'N;', '2007-11-20 15:14:41', '', NULL, NULL, 0);
INSERT INTO `oa_ad_zone_assoc` (`ad_zone_assoc_id`, `zone_id`, `ad_id`, `priority`, `link_type`, `priority_factor`, `to_be_delivered`) VALUES(119, 24, 119, 0, 0, 1, 1);
INSERT INTO `oa_banners` (`bannerid`, `contenttype`, `pluginversion`, `storagetype`, `filename`, `imageurl`, `htmltemplate`, `htmlcache`, `width`, `height`, `weight`, `seq`, `target`, `url`, `alt`, `keyword`, `bannertext`, `description`, `autohtml`, `block`, `capping`, `compiledlimitation`, `append`, `appendtype`, `bannertype`, `transparent`, `campaignid`, `adserver`, `session_capping`, `acl_plugins`, `alt_filename`, `alt_imageurl`, `alt_contenttype`, `comments`, `updated`, `parameters`, `acls_updated`, `statustext`, `an_banner_id`, `as_banner_id`, `status`) VALUES(120, 'gif', 0, 'sql', '120x120.gif', '', '', '', 120, 120, 1, 0, '', 'http://www.wp.pl', '', '', '', '', 'f', 0, 0, 0x74727565, 0x48744d6c202d20, 0, 0, 0, 24, '', 0, '', '', '', '', '', '2007-11-20 15:14:41', 'N;', '2007-11-20 15:14:41', '', NULL, NULL, 0);
INSERT INTO `oa_ad_zone_assoc` (`ad_zone_assoc_id`, `zone_id`, `ad_id`, `priority`, `link_type`, `priority_factor`, `to_be_delivered`) VALUES(120, 24, 120, 0, 0, 1, 1);
INSERT INTO `oa_campaigns` (`campaignid`, `campaignname`, `clientid`, `views`, `clicks`, `conversions`, `expire`, `activate`, `priority`, `weight`, `target_impression`, `target_click`, `target_conversion`, `anonymous`, `companion`, `comments`, `revenue`, `revenue_type`, `updated`, `block`, `capping`, `session_capping`, `an_campaign_id`, `as_campaign_id`, `status`, `an_status`) VALUES(25, 'QA - Default Campaign25', 1, 1000, 1000, 1000, '0000-00-00', '0000-00-00', -1, 1, 0, 0, 0, 'f', 0, '', 1.0000, 2, '2007-11-20 16:09:08', 0, 0, 0, NULL, NULL, 0, 0);
INSERT INTO `oa_zones` (`zoneid`, `affiliateid`, `zonename`, `description`, `delivery`, `zonetype`, `what`, `width`, `height`, `chain`, `prepend`, `append`, `appendtype`, `category`, `ad_selection`, `forceappend`, `inventory_forecast_type`, `comments`, `cost`, `cost_type`, `cost_variable_id`, `technology_cost`, `technology_cost_type`, `updated`, `block`, `capping`, `session_capping`, `as_zone_id`) VALUES(25, 1, 'http://www.test1.org - Default', '', 0, 3, '', 120, 120, '', '', 0x5a6f6e65, 0, '', '', 'f', 0, '', 1.3333, 2, '', NULL, NULL, '2007-11-20 15:10:34', 0, 0, 0, NULL);
INSERT INTO `oa_placement_zone_assoc` (`placement_zone_assoc_id`, `zone_id`, `placement_id`) VALUES(25, 25, 25);

INSERT INTO `oa_banners` (`bannerid`, `contenttype`, `pluginversion`, `storagetype`, `filename`, `imageurl`, `htmltemplate`, `htmlcache`, `width`, `height`, `weight`, `seq`, `target`, `url`, `alt`, `keyword`, `bannertext`, `description`, `autohtml`, `block`, `capping`, `compiledlimitation`, `append`, `appendtype`, `bannertype`, `transparent`, `campaignid`, `adserver`, `session_capping`, `acl_plugins`, `alt_filename`, `alt_imageurl`, `alt_contenttype`, `comments`, `updated`, `parameters`, `acls_updated`, `statustext`, `an_banner_id`, `as_banner_id`, `status`) VALUES(121, 'gif', 0, 'sql', '120x120.gif', '', '', '', 120, 120, 1, 0, '', 'http://www.wp.pl', '', '', '', '', 'f', 0, 0, 0x74727565, 0x48744d6c202d20, 0, 0, 0, 25, '', 0, '', '', '', '', '', '2007-11-20 15:14:41', 'N;', '2007-11-20 15:14:41', '', NULL, NULL, 0);
INSERT INTO `oa_ad_zone_assoc` (`ad_zone_assoc_id`, `zone_id`, `ad_id`, `priority`, `link_type`, `priority_factor`, `to_be_delivered`) VALUES(121, 25, 121, 0, 0, 1, 1);
INSERT INTO `oa_banners` (`bannerid`, `contenttype`, `pluginversion`, `storagetype`, `filename`, `imageurl`, `htmltemplate`, `htmlcache`, `width`, `height`, `weight`, `seq`, `target`, `url`, `alt`, `keyword`, `bannertext`, `description`, `autohtml`, `block`, `capping`, `compiledlimitation`, `append`, `appendtype`, `bannertype`, `transparent`, `campaignid`, `adserver`, `session_capping`, `acl_plugins`, `alt_filename`, `alt_imageurl`, `alt_contenttype`, `comments`, `updated`, `parameters`, `acls_updated`, `statustext`, `an_banner_id`, `as_banner_id`, `status`) VALUES(122, 'gif', 0, 'sql', '120x120.gif', '', '', '', 120, 120, 1, 0, '', 'http://www.wp.pl', '', '', '', '', 'f', 0, 0, 0x74727565, 0x48744d6c202d20, 0, 0, 0, 25, '', 0, '', '', '', '', '', '2007-11-20 15:14:41', 'N;', '2007-11-20 15:14:41', '', NULL, NULL, 0);
INSERT INTO `oa_ad_zone_assoc` (`ad_zone_assoc_id`, `zone_id`, `ad_id`, `priority`, `link_type`, `priority_factor`, `to_be_delivered`) VALUES(122, 25, 122, 0, 0, 1, 1);
INSERT INTO `oa_banners` (`bannerid`, `contenttype`, `pluginversion`, `storagetype`, `filename`, `imageurl`, `htmltemplate`, `htmlcache`, `width`, `height`, `weight`, `seq`, `target`, `url`, `alt`, `keyword`, `bannertext`, `description`, `autohtml`, `block`, `capping`, `compiledlimitation`, `append`, `appendtype`, `bannertype`, `transparent`, `campaignid`, `adserver`, `session_capping`, `acl_plugins`, `alt_filename`, `alt_imageurl`, `alt_contenttype`, `comments`, `updated`, `parameters`, `acls_updated`, `statustext`, `an_banner_id`, `as_banner_id`, `status`) VALUES(123, 'gif', 0, 'sql', '120x120.gif', '', '', '', 120, 120, 1, 0, '', 'http://www.wp.pl', '', '', '', '', 'f', 0, 0, 0x74727565, 0x48744d6c202d20, 0, 0, 0, 25, '', 0, '', '', '', '', '', '2007-11-20 15:14:41', 'N;', '2007-11-20 15:14:41', '', NULL, NULL, 0);
INSERT INTO `oa_ad_zone_assoc` (`ad_zone_assoc_id`, `zone_id`, `ad_id`, `priority`, `link_type`, `priority_factor`, `to_be_delivered`) VALUES(123, 25, 123, 0, 0, 1, 1);
INSERT INTO `oa_banners` (`bannerid`, `contenttype`, `pluginversion`, `storagetype`, `filename`, `imageurl`, `htmltemplate`, `htmlcache`, `width`, `height`, `weight`, `seq`, `target`, `url`, `alt`, `keyword`, `bannertext`, `description`, `autohtml`, `block`, `capping`, `compiledlimitation`, `append`, `appendtype`, `bannertype`, `transparent`, `campaignid`, `adserver`, `session_capping`, `acl_plugins`, `alt_filename`, `alt_imageurl`, `alt_contenttype`, `comments`, `updated`, `parameters`, `acls_updated`, `statustext`, `an_banner_id`, `as_banner_id`, `status`) VALUES(124, 'gif', 0, 'sql', '120x120.gif', '', '', '', 120, 120, 1, 0, '', 'http://www.wp.pl', '', '', '', '', 'f', 0, 0, 0x74727565, 0x48744d6c202d20, 0, 0, 0, 25, '', 0, '', '', '', '', '', '2007-11-20 15:14:41', 'N;', '2007-11-20 15:14:41', '', NULL, NULL, 0);
INSERT INTO `oa_ad_zone_assoc` (`ad_zone_assoc_id`, `zone_id`, `ad_id`, `priority`, `link_type`, `priority_factor`, `to_be_delivered`) VALUES(124, 25, 124, 0, 0, 1, 1);
INSERT INTO `oa_banners` (`bannerid`, `contenttype`, `pluginversion`, `storagetype`, `filename`, `imageurl`, `htmltemplate`, `htmlcache`, `width`, `height`, `weight`, `seq`, `target`, `url`, `alt`, `keyword`, `bannertext`, `description`, `autohtml`, `block`, `capping`, `compiledlimitation`, `append`, `appendtype`, `bannertype`, `transparent`, `campaignid`, `adserver`, `session_capping`, `acl_plugins`, `alt_filename`, `alt_imageurl`, `alt_contenttype`, `comments`, `updated`, `parameters`, `acls_updated`, `statustext`, `an_banner_id`, `as_banner_id`, `status`) VALUES(125, 'gif', 0, 'sql', '120x120.gif', '', '', '', 120, 120, 1, 0, '', 'http://www.wp.pl', '', '', '', '', 'f', 0, 0, 0x74727565, 0x48744d6c202d20, 0, 0, 0, 25, '', 0, '', '', '', '', '', '2007-11-20 15:14:41', 'N;', '2007-11-20 15:14:41', '', NULL, NULL, 0);
INSERT INTO `oa_ad_zone_assoc` (`ad_zone_assoc_id`, `zone_id`, `ad_id`, `priority`, `link_type`, `priority_factor`, `to_be_delivered`) VALUES(125, 25, 125, 0, 0, 1, 1);
INSERT INTO `oa_campaigns` (`campaignid`, `campaignname`, `clientid`, `views`, `clicks`, `conversions`, `expire`, `activate`, `priority`, `weight`, `target_impression`, `target_click`, `target_conversion`, `anonymous`, `companion`, `comments`, `revenue`, `revenue_type`, `updated`, `block`, `capping`, `session_capping`, `an_campaign_id`, `as_campaign_id`, `status`, `an_status`) VALUES(26, 'QA - Default Campaign26', 1, 1000, 1000, 1000, '0000-00-00', '0000-00-00', -1, 1, 0, 0, 0, 'f', 0, '', 1.0000, 2, '2007-11-20 16:09:08', 0, 0, 0, NULL, NULL, 0, 0);
INSERT INTO `oa_zones` (`zoneid`, `affiliateid`, `zonename`, `description`, `delivery`, `zonetype`, `what`, `width`, `height`, `chain`, `prepend`, `append`, `appendtype`, `category`, `ad_selection`, `forceappend`, `inventory_forecast_type`, `comments`, `cost`, `cost_type`, `cost_variable_id`, `technology_cost`, `technology_cost_type`, `updated`, `block`, `capping`, `session_capping`, `as_zone_id`) VALUES(26, 1, 'http://www.test1.org - Default', '', 0, 3, '', 120, 120, '', '', 0x5a6f6e65, 0, '', '', 'f', 0, '', 1.3333, 2, '', NULL, NULL, '2007-11-20 15:10:34', 0, 0, 0, NULL);
INSERT INTO `oa_placement_zone_assoc` (`placement_zone_assoc_id`, `zone_id`, `placement_id`) VALUES(26, 26, 26);

INSERT INTO `oa_banners` (`bannerid`, `contenttype`, `pluginversion`, `storagetype`, `filename`, `imageurl`, `htmltemplate`, `htmlcache`, `width`, `height`, `weight`, `seq`, `target`, `url`, `alt`, `keyword`, `bannertext`, `description`, `autohtml`, `block`, `capping`, `compiledlimitation`, `append`, `appendtype`, `bannertype`, `transparent`, `campaignid`, `adserver`, `session_capping`, `acl_plugins`, `alt_filename`, `alt_imageurl`, `alt_contenttype`, `comments`, `updated`, `parameters`, `acls_updated`, `statustext`, `an_banner_id`, `as_banner_id`, `status`) VALUES(126, 'gif', 0, 'sql', '120x120.gif', '', '', '', 120, 120, 1, 0, '', 'http://www.wp.pl', '', '', '', '', 'f', 0, 0, 0x74727565, 0x48744d6c202d20, 0, 0, 0, 26, '', 0, '', '', '', '', '', '2007-11-20 15:14:41', 'N;', '2007-11-20 15:14:41', '', NULL, NULL, 0);
INSERT INTO `oa_ad_zone_assoc` (`ad_zone_assoc_id`, `zone_id`, `ad_id`, `priority`, `link_type`, `priority_factor`, `to_be_delivered`) VALUES(126, 26, 126, 0, 0, 1, 1);
INSERT INTO `oa_banners` (`bannerid`, `contenttype`, `pluginversion`, `storagetype`, `filename`, `imageurl`, `htmltemplate`, `htmlcache`, `width`, `height`, `weight`, `seq`, `target`, `url`, `alt`, `keyword`, `bannertext`, `description`, `autohtml`, `block`, `capping`, `compiledlimitation`, `append`, `appendtype`, `bannertype`, `transparent`, `campaignid`, `adserver`, `session_capping`, `acl_plugins`, `alt_filename`, `alt_imageurl`, `alt_contenttype`, `comments`, `updated`, `parameters`, `acls_updated`, `statustext`, `an_banner_id`, `as_banner_id`, `status`) VALUES(127, 'gif', 0, 'sql', '120x120.gif', '', '', '', 120, 120, 1, 0, '', 'http://www.wp.pl', '', '', '', '', 'f', 0, 0, 0x74727565, 0x48744d6c202d20, 0, 0, 0, 26, '', 0, '', '', '', '', '', '2007-11-20 15:14:41', 'N;', '2007-11-20 15:14:41', '', NULL, NULL, 0);
INSERT INTO `oa_ad_zone_assoc` (`ad_zone_assoc_id`, `zone_id`, `ad_id`, `priority`, `link_type`, `priority_factor`, `to_be_delivered`) VALUES(127, 26, 127, 0, 0, 1, 1);
INSERT INTO `oa_banners` (`bannerid`, `contenttype`, `pluginversion`, `storagetype`, `filename`, `imageurl`, `htmltemplate`, `htmlcache`, `width`, `height`, `weight`, `seq`, `target`, `url`, `alt`, `keyword`, `bannertext`, `description`, `autohtml`, `block`, `capping`, `compiledlimitation`, `append`, `appendtype`, `bannertype`, `transparent`, `campaignid`, `adserver`, `session_capping`, `acl_plugins`, `alt_filename`, `alt_imageurl`, `alt_contenttype`, `comments`, `updated`, `parameters`, `acls_updated`, `statustext`, `an_banner_id`, `as_banner_id`, `status`) VALUES(128, 'gif', 0, 'sql', '120x120.gif', '', '', '', 120, 120, 1, 0, '', 'http://www.wp.pl', '', '', '', '', 'f', 0, 0, 0x74727565, 0x48744d6c202d20, 0, 0, 0, 26, '', 0, '', '', '', '', '', '2007-11-20 15:14:41', 'N;', '2007-11-20 15:14:41', '', NULL, NULL, 0);
INSERT INTO `oa_ad_zone_assoc` (`ad_zone_assoc_id`, `zone_id`, `ad_id`, `priority`, `link_type`, `priority_factor`, `to_be_delivered`) VALUES(128, 26, 128, 0, 0, 1, 1);
INSERT INTO `oa_banners` (`bannerid`, `contenttype`, `pluginversion`, `storagetype`, `filename`, `imageurl`, `htmltemplate`, `htmlcache`, `width`, `height`, `weight`, `seq`, `target`, `url`, `alt`, `keyword`, `bannertext`, `description`, `autohtml`, `block`, `capping`, `compiledlimitation`, `append`, `appendtype`, `bannertype`, `transparent`, `campaignid`, `adserver`, `session_capping`, `acl_plugins`, `alt_filename`, `alt_imageurl`, `alt_contenttype`, `comments`, `updated`, `parameters`, `acls_updated`, `statustext`, `an_banner_id`, `as_banner_id`, `status`) VALUES(129, 'gif', 0, 'sql', '120x120.gif', '', '', '', 120, 120, 1, 0, '', 'http://www.wp.pl', '', '', '', '', 'f', 0, 0, 0x74727565, 0x48744d6c202d20, 0, 0, 0, 26, '', 0, '', '', '', '', '', '2007-11-20 15:14:41', 'N;', '2007-11-20 15:14:41', '', NULL, NULL, 0);
INSERT INTO `oa_ad_zone_assoc` (`ad_zone_assoc_id`, `zone_id`, `ad_id`, `priority`, `link_type`, `priority_factor`, `to_be_delivered`) VALUES(129, 26, 129, 0, 0, 1, 1);
INSERT INTO `oa_banners` (`bannerid`, `contenttype`, `pluginversion`, `storagetype`, `filename`, `imageurl`, `htmltemplate`, `htmlcache`, `width`, `height`, `weight`, `seq`, `target`, `url`, `alt`, `keyword`, `bannertext`, `description`, `autohtml`, `block`, `capping`, `compiledlimitation`, `append`, `appendtype`, `bannertype`, `transparent`, `campaignid`, `adserver`, `session_capping`, `acl_plugins`, `alt_filename`, `alt_imageurl`, `alt_contenttype`, `comments`, `updated`, `parameters`, `acls_updated`, `statustext`, `an_banner_id`, `as_banner_id`, `status`) VALUES(130, 'gif', 0, 'sql', '120x120.gif', '', '', '', 120, 120, 1, 0, '', 'http://www.wp.pl', '', '', '', '', 'f', 0, 0, 0x74727565, 0x48744d6c202d20, 0, 0, 0, 26, '', 0, '', '', '', '', '', '2007-11-20 15:14:41', 'N;', '2007-11-20 15:14:41', '', NULL, NULL, 0);
INSERT INTO `oa_ad_zone_assoc` (`ad_zone_assoc_id`, `zone_id`, `ad_id`, `priority`, `link_type`, `priority_factor`, `to_be_delivered`) VALUES(130, 26, 130, 0, 0, 1, 1);
INSERT INTO `oa_campaigns` (`campaignid`, `campaignname`, `clientid`, `views`, `clicks`, `conversions`, `expire`, `activate`, `priority`, `weight`, `target_impression`, `target_click`, `target_conversion`, `anonymous`, `companion`, `comments`, `revenue`, `revenue_type`, `updated`, `block`, `capping`, `session_capping`, `an_campaign_id`, `as_campaign_id`, `status`, `an_status`) VALUES(27, 'QA - Default Campaign27', 1, 1000, 1000, 1000, '0000-00-00', '0000-00-00', -1, 1, 0, 0, 0, 'f', 0, '', 1.0000, 2, '2007-11-20 16:09:08', 0, 0, 0, NULL, NULL, 0, 0);
INSERT INTO `oa_zones` (`zoneid`, `affiliateid`, `zonename`, `description`, `delivery`, `zonetype`, `what`, `width`, `height`, `chain`, `prepend`, `append`, `appendtype`, `category`, `ad_selection`, `forceappend`, `inventory_forecast_type`, `comments`, `cost`, `cost_type`, `cost_variable_id`, `technology_cost`, `technology_cost_type`, `updated`, `block`, `capping`, `session_capping`, `as_zone_id`) VALUES(27, 1, 'http://www.test1.org - Default', '', 0, 3, '', 120, 120, '', '', 0x5a6f6e65, 0, '', '', 'f', 0, '', 1.3333, 2, '', NULL, NULL, '2007-11-20 15:10:34', 0, 0, 0, NULL);
INSERT INTO `oa_placement_zone_assoc` (`placement_zone_assoc_id`, `zone_id`, `placement_id`) VALUES(27, 27, 27);

INSERT INTO `oa_banners` (`bannerid`, `contenttype`, `pluginversion`, `storagetype`, `filename`, `imageurl`, `htmltemplate`, `htmlcache`, `width`, `height`, `weight`, `seq`, `target`, `url`, `alt`, `keyword`, `bannertext`, `description`, `autohtml`, `block`, `capping`, `compiledlimitation`, `append`, `appendtype`, `bannertype`, `transparent`, `campaignid`, `adserver`, `session_capping`, `acl_plugins`, `alt_filename`, `alt_imageurl`, `alt_contenttype`, `comments`, `updated`, `parameters`, `acls_updated`, `statustext`, `an_banner_id`, `as_banner_id`, `status`) VALUES(131, 'gif', 0, 'sql', '120x120.gif', '', '', '', 120, 120, 1, 0, '', 'http://www.wp.pl', '', '', '', '', 'f', 0, 0, 0x74727565, 0x48744d6c202d20, 0, 0, 0, 27, '', 0, '', '', '', '', '', '2007-11-20 15:14:41', 'N;', '2007-11-20 15:14:41', '', NULL, NULL, 0);
INSERT INTO `oa_ad_zone_assoc` (`ad_zone_assoc_id`, `zone_id`, `ad_id`, `priority`, `link_type`, `priority_factor`, `to_be_delivered`) VALUES(131, 27, 131, 0, 0, 1, 1);
INSERT INTO `oa_banners` (`bannerid`, `contenttype`, `pluginversion`, `storagetype`, `filename`, `imageurl`, `htmltemplate`, `htmlcache`, `width`, `height`, `weight`, `seq`, `target`, `url`, `alt`, `keyword`, `bannertext`, `description`, `autohtml`, `block`, `capping`, `compiledlimitation`, `append`, `appendtype`, `bannertype`, `transparent`, `campaignid`, `adserver`, `session_capping`, `acl_plugins`, `alt_filename`, `alt_imageurl`, `alt_contenttype`, `comments`, `updated`, `parameters`, `acls_updated`, `statustext`, `an_banner_id`, `as_banner_id`, `status`) VALUES(132, 'gif', 0, 'sql', '120x120.gif', '', '', '', 120, 120, 1, 0, '', 'http://www.wp.pl', '', '', '', '', 'f', 0, 0, 0x74727565, 0x48744d6c202d20, 0, 0, 0, 27, '', 0, '', '', '', '', '', '2007-11-20 15:14:41', 'N;', '2007-11-20 15:14:41', '', NULL, NULL, 0);
INSERT INTO `oa_ad_zone_assoc` (`ad_zone_assoc_id`, `zone_id`, `ad_id`, `priority`, `link_type`, `priority_factor`, `to_be_delivered`) VALUES(132, 27, 132, 0, 0, 1, 1);
INSERT INTO `oa_banners` (`bannerid`, `contenttype`, `pluginversion`, `storagetype`, `filename`, `imageurl`, `htmltemplate`, `htmlcache`, `width`, `height`, `weight`, `seq`, `target`, `url`, `alt`, `keyword`, `bannertext`, `description`, `autohtml`, `block`, `capping`, `compiledlimitation`, `append`, `appendtype`, `bannertype`, `transparent`, `campaignid`, `adserver`, `session_capping`, `acl_plugins`, `alt_filename`, `alt_imageurl`, `alt_contenttype`, `comments`, `updated`, `parameters`, `acls_updated`, `statustext`, `an_banner_id`, `as_banner_id`, `status`) VALUES(133, 'gif', 0, 'sql', '120x120.gif', '', '', '', 120, 120, 1, 0, '', 'http://www.wp.pl', '', '', '', '', 'f', 0, 0, 0x74727565, 0x48744d6c202d20, 0, 0, 0, 27, '', 0, '', '', '', '', '', '2007-11-20 15:14:41', 'N;', '2007-11-20 15:14:41', '', NULL, NULL, 0);
INSERT INTO `oa_ad_zone_assoc` (`ad_zone_assoc_id`, `zone_id`, `ad_id`, `priority`, `link_type`, `priority_factor`, `to_be_delivered`) VALUES(133, 27, 133, 0, 0, 1, 1);
INSERT INTO `oa_banners` (`bannerid`, `contenttype`, `pluginversion`, `storagetype`, `filename`, `imageurl`, `htmltemplate`, `htmlcache`, `width`, `height`, `weight`, `seq`, `target`, `url`, `alt`, `keyword`, `bannertext`, `description`, `autohtml`, `block`, `capping`, `compiledlimitation`, `append`, `appendtype`, `bannertype`, `transparent`, `campaignid`, `adserver`, `session_capping`, `acl_plugins`, `alt_filename`, `alt_imageurl`, `alt_contenttype`, `comments`, `updated`, `parameters`, `acls_updated`, `statustext`, `an_banner_id`, `as_banner_id`, `status`) VALUES(134, 'gif', 0, 'sql', '120x120.gif', '', '', '', 120, 120, 1, 0, '', 'http://www.wp.pl', '', '', '', '', 'f', 0, 0, 0x74727565, 0x48744d6c202d20, 0, 0, 0, 27, '', 0, '', '', '', '', '', '2007-11-20 15:14:41', 'N;', '2007-11-20 15:14:41', '', NULL, NULL, 0);
INSERT INTO `oa_ad_zone_assoc` (`ad_zone_assoc_id`, `zone_id`, `ad_id`, `priority`, `link_type`, `priority_factor`, `to_be_delivered`) VALUES(134, 27, 134, 0, 0, 1, 1);
INSERT INTO `oa_banners` (`bannerid`, `contenttype`, `pluginversion`, `storagetype`, `filename`, `imageurl`, `htmltemplate`, `htmlcache`, `width`, `height`, `weight`, `seq`, `target`, `url`, `alt`, `keyword`, `bannertext`, `description`, `autohtml`, `block`, `capping`, `compiledlimitation`, `append`, `appendtype`, `bannertype`, `transparent`, `campaignid`, `adserver`, `session_capping`, `acl_plugins`, `alt_filename`, `alt_imageurl`, `alt_contenttype`, `comments`, `updated`, `parameters`, `acls_updated`, `statustext`, `an_banner_id`, `as_banner_id`, `status`) VALUES(135, 'gif', 0, 'sql', '120x120.gif', '', '', '', 120, 120, 1, 0, '', 'http://www.wp.pl', '', '', '', '', 'f', 0, 0, 0x74727565, 0x48744d6c202d20, 0, 0, 0, 27, '', 0, '', '', '', '', '', '2007-11-20 15:14:41', 'N;', '2007-11-20 15:14:41', '', NULL, NULL, 0);
INSERT INTO `oa_ad_zone_assoc` (`ad_zone_assoc_id`, `zone_id`, `ad_id`, `priority`, `link_type`, `priority_factor`, `to_be_delivered`) VALUES(135, 27, 135, 0, 0, 1, 1);
INSERT INTO `oa_campaigns` (`campaignid`, `campaignname`, `clientid`, `views`, `clicks`, `conversions`, `expire`, `activate`, `priority`, `weight`, `target_impression`, `target_click`, `target_conversion`, `anonymous`, `companion`, `comments`, `revenue`, `revenue_type`, `updated`, `block`, `capping`, `session_capping`, `an_campaign_id`, `as_campaign_id`, `status`, `an_status`) VALUES(28, 'QA - Default Campaign28', 1, 1000, 1000, 1000, '0000-00-00', '0000-00-00', -1, 1, 0, 0, 0, 'f', 0, '', 1.0000, 2, '2007-11-20 16:09:08', 0, 0, 0, NULL, NULL, 0, 0);
INSERT INTO `oa_zones` (`zoneid`, `affiliateid`, `zonename`, `description`, `delivery`, `zonetype`, `what`, `width`, `height`, `chain`, `prepend`, `append`, `appendtype`, `category`, `ad_selection`, `forceappend`, `inventory_forecast_type`, `comments`, `cost`, `cost_type`, `cost_variable_id`, `technology_cost`, `technology_cost_type`, `updated`, `block`, `capping`, `session_capping`, `as_zone_id`) VALUES(28, 1, 'http://www.test1.org - Default', '', 0, 3, '', 120, 120, '', '', 0x5a6f6e65, 0, '', '', 'f', 0, '', 1.3333, 2, '', NULL, NULL, '2007-11-20 15:10:34', 0, 0, 0, NULL);
INSERT INTO `oa_placement_zone_assoc` (`placement_zone_assoc_id`, `zone_id`, `placement_id`) VALUES(28, 28, 28);

INSERT INTO `oa_banners` (`bannerid`, `contenttype`, `pluginversion`, `storagetype`, `filename`, `imageurl`, `htmltemplate`, `htmlcache`, `width`, `height`, `weight`, `seq`, `target`, `url`, `alt`, `keyword`, `bannertext`, `description`, `autohtml`, `block`, `capping`, `compiledlimitation`, `append`, `appendtype`, `bannertype`, `transparent`, `campaignid`, `adserver`, `session_capping`, `acl_plugins`, `alt_filename`, `alt_imageurl`, `alt_contenttype`, `comments`, `updated`, `parameters`, `acls_updated`, `statustext`, `an_banner_id`, `as_banner_id`, `status`) VALUES(136, 'gif', 0, 'sql', '120x120.gif', '', '', '', 120, 120, 1, 0, '', 'http://www.wp.pl', '', '', '', '', 'f', 0, 0, 0x74727565, 0x48744d6c202d20, 0, 0, 0, 28, '', 0, '', '', '', '', '', '2007-11-20 15:14:41', 'N;', '2007-11-20 15:14:41', '', NULL, NULL, 0);
INSERT INTO `oa_ad_zone_assoc` (`ad_zone_assoc_id`, `zone_id`, `ad_id`, `priority`, `link_type`, `priority_factor`, `to_be_delivered`) VALUES(136, 28, 136, 0, 0, 1, 1);
INSERT INTO `oa_banners` (`bannerid`, `contenttype`, `pluginversion`, `storagetype`, `filename`, `imageurl`, `htmltemplate`, `htmlcache`, `width`, `height`, `weight`, `seq`, `target`, `url`, `alt`, `keyword`, `bannertext`, `description`, `autohtml`, `block`, `capping`, `compiledlimitation`, `append`, `appendtype`, `bannertype`, `transparent`, `campaignid`, `adserver`, `session_capping`, `acl_plugins`, `alt_filename`, `alt_imageurl`, `alt_contenttype`, `comments`, `updated`, `parameters`, `acls_updated`, `statustext`, `an_banner_id`, `as_banner_id`, `status`) VALUES(137, 'gif', 0, 'sql', '120x120.gif', '', '', '', 120, 120, 1, 0, '', 'http://www.wp.pl', '', '', '', '', 'f', 0, 0, 0x74727565, 0x48744d6c202d20, 0, 0, 0, 28, '', 0, '', '', '', '', '', '2007-11-20 15:14:41', 'N;', '2007-11-20 15:14:41', '', NULL, NULL, 0);
INSERT INTO `oa_ad_zone_assoc` (`ad_zone_assoc_id`, `zone_id`, `ad_id`, `priority`, `link_type`, `priority_factor`, `to_be_delivered`) VALUES(137, 28, 137, 0, 0, 1, 1);
INSERT INTO `oa_banners` (`bannerid`, `contenttype`, `pluginversion`, `storagetype`, `filename`, `imageurl`, `htmltemplate`, `htmlcache`, `width`, `height`, `weight`, `seq`, `target`, `url`, `alt`, `keyword`, `bannertext`, `description`, `autohtml`, `block`, `capping`, `compiledlimitation`, `append`, `appendtype`, `bannertype`, `transparent`, `campaignid`, `adserver`, `session_capping`, `acl_plugins`, `alt_filename`, `alt_imageurl`, `alt_contenttype`, `comments`, `updated`, `parameters`, `acls_updated`, `statustext`, `an_banner_id`, `as_banner_id`, `status`) VALUES(138, 'gif', 0, 'sql', '120x120.gif', '', '', '', 120, 120, 1, 0, '', 'http://www.wp.pl', '', '', '', '', 'f', 0, 0, 0x74727565, 0x48744d6c202d20, 0, 0, 0, 28, '', 0, '', '', '', '', '', '2007-11-20 15:14:41', 'N;', '2007-11-20 15:14:41', '', NULL, NULL, 0);
INSERT INTO `oa_ad_zone_assoc` (`ad_zone_assoc_id`, `zone_id`, `ad_id`, `priority`, `link_type`, `priority_factor`, `to_be_delivered`) VALUES(138, 28, 138, 0, 0, 1, 1);
INSERT INTO `oa_banners` (`bannerid`, `contenttype`, `pluginversion`, `storagetype`, `filename`, `imageurl`, `htmltemplate`, `htmlcache`, `width`, `height`, `weight`, `seq`, `target`, `url`, `alt`, `keyword`, `bannertext`, `description`, `autohtml`, `block`, `capping`, `compiledlimitation`, `append`, `appendtype`, `bannertype`, `transparent`, `campaignid`, `adserver`, `session_capping`, `acl_plugins`, `alt_filename`, `alt_imageurl`, `alt_contenttype`, `comments`, `updated`, `parameters`, `acls_updated`, `statustext`, `an_banner_id`, `as_banner_id`, `status`) VALUES(139, 'gif', 0, 'sql', '120x120.gif', '', '', '', 120, 120, 1, 0, '', 'http://www.wp.pl', '', '', '', '', 'f', 0, 0, 0x74727565, 0x48744d6c202d20, 0, 0, 0, 28, '', 0, '', '', '', '', '', '2007-11-20 15:14:41', 'N;', '2007-11-20 15:14:41', '', NULL, NULL, 0);
INSERT INTO `oa_ad_zone_assoc` (`ad_zone_assoc_id`, `zone_id`, `ad_id`, `priority`, `link_type`, `priority_factor`, `to_be_delivered`) VALUES(139, 28, 139, 0, 0, 1, 1);
INSERT INTO `oa_banners` (`bannerid`, `contenttype`, `pluginversion`, `storagetype`, `filename`, `imageurl`, `htmltemplate`, `htmlcache`, `width`, `height`, `weight`, `seq`, `target`, `url`, `alt`, `keyword`, `bannertext`, `description`, `autohtml`, `block`, `capping`, `compiledlimitation`, `append`, `appendtype`, `bannertype`, `transparent`, `campaignid`, `adserver`, `session_capping`, `acl_plugins`, `alt_filename`, `alt_imageurl`, `alt_contenttype`, `comments`, `updated`, `parameters`, `acls_updated`, `statustext`, `an_banner_id`, `as_banner_id`, `status`) VALUES(140, 'gif', 0, 'sql', '120x120.gif', '', '', '', 120, 120, 1, 0, '', 'http://www.wp.pl', '', '', '', '', 'f', 0, 0, 0x74727565, 0x48744d6c202d20, 0, 0, 0, 28, '', 0, '', '', '', '', '', '2007-11-20 15:14:41', 'N;', '2007-11-20 15:14:41', '', NULL, NULL, 0);
INSERT INTO `oa_ad_zone_assoc` (`ad_zone_assoc_id`, `zone_id`, `ad_id`, `priority`, `link_type`, `priority_factor`, `to_be_delivered`) VALUES(140, 28, 140, 0, 0, 1, 1);
INSERT INTO `oa_campaigns` (`campaignid`, `campaignname`, `clientid`, `views`, `clicks`, `conversions`, `expire`, `activate`, `priority`, `weight`, `target_impression`, `target_click`, `target_conversion`, `anonymous`, `companion`, `comments`, `revenue`, `revenue_type`, `updated`, `block`, `capping`, `session_capping`, `an_campaign_id`, `as_campaign_id`, `status`, `an_status`) VALUES(29, 'QA - Default Campaign29', 1, 1000, 1000, 1000, '0000-00-00', '0000-00-00', -1, 1, 0, 0, 0, 'f', 0, '', 1.0000, 2, '2007-11-20 16:09:08', 0, 0, 0, NULL, NULL, 0, 0);
INSERT INTO `oa_zones` (`zoneid`, `affiliateid`, `zonename`, `description`, `delivery`, `zonetype`, `what`, `width`, `height`, `chain`, `prepend`, `append`, `appendtype`, `category`, `ad_selection`, `forceappend`, `inventory_forecast_type`, `comments`, `cost`, `cost_type`, `cost_variable_id`, `technology_cost`, `technology_cost_type`, `updated`, `block`, `capping`, `session_capping`, `as_zone_id`) VALUES(29, 1, 'http://www.test1.org - Default', '', 0, 3, '', 120, 120, '', '', 0x5a6f6e65, 0, '', '', 'f', 0, '', 1.3333, 2, '', NULL, NULL, '2007-11-20 15:10:34', 0, 0, 0, NULL);
INSERT INTO `oa_placement_zone_assoc` (`placement_zone_assoc_id`, `zone_id`, `placement_id`) VALUES(29, 29, 29);

INSERT INTO `oa_banners` (`bannerid`, `contenttype`, `pluginversion`, `storagetype`, `filename`, `imageurl`, `htmltemplate`, `htmlcache`, `width`, `height`, `weight`, `seq`, `target`, `url`, `alt`, `keyword`, `bannertext`, `description`, `autohtml`, `block`, `capping`, `compiledlimitation`, `append`, `appendtype`, `bannertype`, `transparent`, `campaignid`, `adserver`, `session_capping`, `acl_plugins`, `alt_filename`, `alt_imageurl`, `alt_contenttype`, `comments`, `updated`, `parameters`, `acls_updated`, `statustext`, `an_banner_id`, `as_banner_id`, `status`) VALUES(141, 'gif', 0, 'sql', '120x120.gif', '', '', '', 120, 120, 1, 0, '', 'http://www.wp.pl', '', '', '', '', 'f', 0, 0, 0x74727565, 0x48744d6c202d20, 0, 0, 0, 29, '', 0, '', '', '', '', '', '2007-11-20 15:14:41', 'N;', '2007-11-20 15:14:41', '', NULL, NULL, 0);
INSERT INTO `oa_ad_zone_assoc` (`ad_zone_assoc_id`, `zone_id`, `ad_id`, `priority`, `link_type`, `priority_factor`, `to_be_delivered`) VALUES(141, 29, 141, 0, 0, 1, 1);
INSERT INTO `oa_banners` (`bannerid`, `contenttype`, `pluginversion`, `storagetype`, `filename`, `imageurl`, `htmltemplate`, `htmlcache`, `width`, `height`, `weight`, `seq`, `target`, `url`, `alt`, `keyword`, `bannertext`, `description`, `autohtml`, `block`, `capping`, `compiledlimitation`, `append`, `appendtype`, `bannertype`, `transparent`, `campaignid`, `adserver`, `session_capping`, `acl_plugins`, `alt_filename`, `alt_imageurl`, `alt_contenttype`, `comments`, `updated`, `parameters`, `acls_updated`, `statustext`, `an_banner_id`, `as_banner_id`, `status`) VALUES(142, 'gif', 0, 'sql', '120x120.gif', '', '', '', 120, 120, 1, 0, '', 'http://www.wp.pl', '', '', '', '', 'f', 0, 0, 0x74727565, 0x48744d6c202d20, 0, 0, 0, 29, '', 0, '', '', '', '', '', '2007-11-20 15:14:41', 'N;', '2007-11-20 15:14:41', '', NULL, NULL, 0);
INSERT INTO `oa_ad_zone_assoc` (`ad_zone_assoc_id`, `zone_id`, `ad_id`, `priority`, `link_type`, `priority_factor`, `to_be_delivered`) VALUES(142, 29, 142, 0, 0, 1, 1);
INSERT INTO `oa_banners` (`bannerid`, `contenttype`, `pluginversion`, `storagetype`, `filename`, `imageurl`, `htmltemplate`, `htmlcache`, `width`, `height`, `weight`, `seq`, `target`, `url`, `alt`, `keyword`, `bannertext`, `description`, `autohtml`, `block`, `capping`, `compiledlimitation`, `append`, `appendtype`, `bannertype`, `transparent`, `campaignid`, `adserver`, `session_capping`, `acl_plugins`, `alt_filename`, `alt_imageurl`, `alt_contenttype`, `comments`, `updated`, `parameters`, `acls_updated`, `statustext`, `an_banner_id`, `as_banner_id`, `status`) VALUES(143, 'gif', 0, 'sql', '120x120.gif', '', '', '', 120, 120, 1, 0, '', 'http://www.wp.pl', '', '', '', '', 'f', 0, 0, 0x74727565, 0x48744d6c202d20, 0, 0, 0, 29, '', 0, '', '', '', '', '', '2007-11-20 15:14:41', 'N;', '2007-11-20 15:14:41', '', NULL, NULL, 0);
INSERT INTO `oa_ad_zone_assoc` (`ad_zone_assoc_id`, `zone_id`, `ad_id`, `priority`, `link_type`, `priority_factor`, `to_be_delivered`) VALUES(143, 29, 143, 0, 0, 1, 1);
INSERT INTO `oa_banners` (`bannerid`, `contenttype`, `pluginversion`, `storagetype`, `filename`, `imageurl`, `htmltemplate`, `htmlcache`, `width`, `height`, `weight`, `seq`, `target`, `url`, `alt`, `keyword`, `bannertext`, `description`, `autohtml`, `block`, `capping`, `compiledlimitation`, `append`, `appendtype`, `bannertype`, `transparent`, `campaignid`, `adserver`, `session_capping`, `acl_plugins`, `alt_filename`, `alt_imageurl`, `alt_contenttype`, `comments`, `updated`, `parameters`, `acls_updated`, `statustext`, `an_banner_id`, `as_banner_id`, `status`) VALUES(144, 'gif', 0, 'sql', '120x120.gif', '', '', '', 120, 120, 1, 0, '', 'http://www.wp.pl', '', '', '', '', 'f', 0, 0, 0x74727565, 0x48744d6c202d20, 0, 0, 0, 29, '', 0, '', '', '', '', '', '2007-11-20 15:14:41', 'N;', '2007-11-20 15:14:41', '', NULL, NULL, 0);
INSERT INTO `oa_ad_zone_assoc` (`ad_zone_assoc_id`, `zone_id`, `ad_id`, `priority`, `link_type`, `priority_factor`, `to_be_delivered`) VALUES(144, 29, 144, 0, 0, 1, 1);
INSERT INTO `oa_banners` (`bannerid`, `contenttype`, `pluginversion`, `storagetype`, `filename`, `imageurl`, `htmltemplate`, `htmlcache`, `width`, `height`, `weight`, `seq`, `target`, `url`, `alt`, `keyword`, `bannertext`, `description`, `autohtml`, `block`, `capping`, `compiledlimitation`, `append`, `appendtype`, `bannertype`, `transparent`, `campaignid`, `adserver`, `session_capping`, `acl_plugins`, `alt_filename`, `alt_imageurl`, `alt_contenttype`, `comments`, `updated`, `parameters`, `acls_updated`, `statustext`, `an_banner_id`, `as_banner_id`, `status`) VALUES(145, 'gif', 0, 'sql', '120x120.gif', '', '', '', 120, 120, 1, 0, '', 'http://www.wp.pl', '', '', '', '', 'f', 0, 0, 0x74727565, 0x48744d6c202d20, 0, 0, 0, 29, '', 0, '', '', '', '', '', '2007-11-20 15:14:41', 'N;', '2007-11-20 15:14:41', '', NULL, NULL, 0);
INSERT INTO `oa_ad_zone_assoc` (`ad_zone_assoc_id`, `zone_id`, `ad_id`, `priority`, `link_type`, `priority_factor`, `to_be_delivered`) VALUES(145, 29, 145, 0, 0, 1, 1);
INSERT INTO `oa_campaigns` (`campaignid`, `campaignname`, `clientid`, `views`, `clicks`, `conversions`, `expire`, `activate`, `priority`, `weight`, `target_impression`, `target_click`, `target_conversion`, `anonymous`, `companion`, `comments`, `revenue`, `revenue_type`, `updated`, `block`, `capping`, `session_capping`, `an_campaign_id`, `as_campaign_id`, `status`, `an_status`) VALUES(30, 'QA - Default Campaign30', 1, 1000, 1000, 1000, '0000-00-00', '0000-00-00', -1, 1, 0, 0, 0, 'f', 0, '', 1.0000, 2, '2007-11-20 16:09:08', 0, 0, 0, NULL, NULL, 0, 0);
INSERT INTO `oa_zones` (`zoneid`, `affiliateid`, `zonename`, `description`, `delivery`, `zonetype`, `what`, `width`, `height`, `chain`, `prepend`, `append`, `appendtype`, `category`, `ad_selection`, `forceappend`, `inventory_forecast_type`, `comments`, `cost`, `cost_type`, `cost_variable_id`, `technology_cost`, `technology_cost_type`, `updated`, `block`, `capping`, `session_capping`, `as_zone_id`) VALUES(30, 1, 'http://www.test1.org - Default', '', 0, 3, '', 120, 120, '', '', 0x5a6f6e65, 0, '', '', 'f', 0, '', 1.3333, 2, '', NULL, NULL, '2007-11-20 15:10:34', 0, 0, 0, NULL);
INSERT INTO `oa_placement_zone_assoc` (`placement_zone_assoc_id`, `zone_id`, `placement_id`) VALUES(30, 30, 30);

INSERT INTO `oa_banners` (`bannerid`, `contenttype`, `pluginversion`, `storagetype`, `filename`, `imageurl`, `htmltemplate`, `htmlcache`, `width`, `height`, `weight`, `seq`, `target`, `url`, `alt`, `keyword`, `bannertext`, `description`, `autohtml`, `block`, `capping`, `compiledlimitation`, `append`, `appendtype`, `bannertype`, `transparent`, `campaignid`, `adserver`, `session_capping`, `acl_plugins`, `alt_filename`, `alt_imageurl`, `alt_contenttype`, `comments`, `updated`, `parameters`, `acls_updated`, `statustext`, `an_banner_id`, `as_banner_id`, `status`) VALUES(146, 'gif', 0, 'sql', '120x120.gif', '', '', '', 120, 120, 1, 0, '', 'http://www.wp.pl', '', '', '', '', 'f', 0, 0, 0x74727565, 0x48744d6c202d20, 0, 0, 0, 30, '', 0, '', '', '', '', '', '2007-11-20 15:14:41', 'N;', '2007-11-20 15:14:41', '', NULL, NULL, 0);
INSERT INTO `oa_ad_zone_assoc` (`ad_zone_assoc_id`, `zone_id`, `ad_id`, `priority`, `link_type`, `priority_factor`, `to_be_delivered`) VALUES(146, 30, 146, 0, 0, 1, 1);
INSERT INTO `oa_banners` (`bannerid`, `contenttype`, `pluginversion`, `storagetype`, `filename`, `imageurl`, `htmltemplate`, `htmlcache`, `width`, `height`, `weight`, `seq`, `target`, `url`, `alt`, `keyword`, `bannertext`, `description`, `autohtml`, `block`, `capping`, `compiledlimitation`, `append`, `appendtype`, `bannertype`, `transparent`, `campaignid`, `adserver`, `session_capping`, `acl_plugins`, `alt_filename`, `alt_imageurl`, `alt_contenttype`, `comments`, `updated`, `parameters`, `acls_updated`, `statustext`, `an_banner_id`, `as_banner_id`, `status`) VALUES(147, 'gif', 0, 'sql', '120x120.gif', '', '', '', 120, 120, 1, 0, '', 'http://www.wp.pl', '', '', '', '', 'f', 0, 0, 0x74727565, 0x48744d6c202d20, 0, 0, 0, 30, '', 0, '', '', '', '', '', '2007-11-20 15:14:41', 'N;', '2007-11-20 15:14:41', '', NULL, NULL, 0);
INSERT INTO `oa_ad_zone_assoc` (`ad_zone_assoc_id`, `zone_id`, `ad_id`, `priority`, `link_type`, `priority_factor`, `to_be_delivered`) VALUES(147, 30, 147, 0, 0, 1, 1);
INSERT INTO `oa_banners` (`bannerid`, `contenttype`, `pluginversion`, `storagetype`, `filename`, `imageurl`, `htmltemplate`, `htmlcache`, `width`, `height`, `weight`, `seq`, `target`, `url`, `alt`, `keyword`, `bannertext`, `description`, `autohtml`, `block`, `capping`, `compiledlimitation`, `append`, `appendtype`, `bannertype`, `transparent`, `campaignid`, `adserver`, `session_capping`, `acl_plugins`, `alt_filename`, `alt_imageurl`, `alt_contenttype`, `comments`, `updated`, `parameters`, `acls_updated`, `statustext`, `an_banner_id`, `as_banner_id`, `status`) VALUES(148, 'gif', 0, 'sql', '120x120.gif', '', '', '', 120, 120, 1, 0, '', 'http://www.wp.pl', '', '', '', '', 'f', 0, 0, 0x74727565, 0x48744d6c202d20, 0, 0, 0, 30, '', 0, '', '', '', '', '', '2007-11-20 15:14:41', 'N;', '2007-11-20 15:14:41', '', NULL, NULL, 0);
INSERT INTO `oa_ad_zone_assoc` (`ad_zone_assoc_id`, `zone_id`, `ad_id`, `priority`, `link_type`, `priority_factor`, `to_be_delivered`) VALUES(148, 30, 148, 0, 0, 1, 1);
INSERT INTO `oa_banners` (`bannerid`, `contenttype`, `pluginversion`, `storagetype`, `filename`, `imageurl`, `htmltemplate`, `htmlcache`, `width`, `height`, `weight`, `seq`, `target`, `url`, `alt`, `keyword`, `bannertext`, `description`, `autohtml`, `block`, `capping`, `compiledlimitation`, `append`, `appendtype`, `bannertype`, `transparent`, `campaignid`, `adserver`, `session_capping`, `acl_plugins`, `alt_filename`, `alt_imageurl`, `alt_contenttype`, `comments`, `updated`, `parameters`, `acls_updated`, `statustext`, `an_banner_id`, `as_banner_id`, `status`) VALUES(149, 'gif', 0, 'sql', '120x120.gif', '', '', '', 120, 120, 1, 0, '', 'http://www.wp.pl', '', '', '', '', 'f', 0, 0, 0x74727565, 0x48744d6c202d20, 0, 0, 0, 30, '', 0, '', '', '', '', '', '2007-11-20 15:14:41', 'N;', '2007-11-20 15:14:41', '', NULL, NULL, 0);
INSERT INTO `oa_ad_zone_assoc` (`ad_zone_assoc_id`, `zone_id`, `ad_id`, `priority`, `link_type`, `priority_factor`, `to_be_delivered`) VALUES(149, 30, 149, 0, 0, 1, 1);
INSERT INTO `oa_banners` (`bannerid`, `contenttype`, `pluginversion`, `storagetype`, `filename`, `imageurl`, `htmltemplate`, `htmlcache`, `width`, `height`, `weight`, `seq`, `target`, `url`, `alt`, `keyword`, `bannertext`, `description`, `autohtml`, `block`, `capping`, `compiledlimitation`, `append`, `appendtype`, `bannertype`, `transparent`, `campaignid`, `adserver`, `session_capping`, `acl_plugins`, `alt_filename`, `alt_imageurl`, `alt_contenttype`, `comments`, `updated`, `parameters`, `acls_updated`, `statustext`, `an_banner_id`, `as_banner_id`, `status`) VALUES(150, 'gif', 0, 'sql', '120x120.gif', '', '', '', 120, 120, 1, 0, '', 'http://www.wp.pl', '', '', '', '', 'f', 0, 0, 0x74727565, 0x48744d6c202d20, 0, 0, 0, 30, '', 0, '', '', '', '', '', '2007-11-20 15:14:41', 'N;', '2007-11-20 15:14:41', '', NULL, NULL, 0);
INSERT INTO `oa_ad_zone_assoc` (`ad_zone_assoc_id`, `zone_id`, `ad_id`, `priority`, `link_type`, `priority_factor`, `to_be_delivered`) VALUES(150, 30, 150, 0, 0, 1, 1);
INSERT INTO `oa_campaigns` (`campaignid`, `campaignname`, `clientid`, `views`, `clicks`, `conversions`, `expire`, `activate`, `priority`, `weight`, `target_impression`, `target_click`, `target_conversion`, `anonymous`, `companion`, `comments`, `revenue`, `revenue_type`, `updated`, `block`, `capping`, `session_capping`, `an_campaign_id`, `as_campaign_id`, `status`, `an_status`) VALUES(31, 'QA - Default Campaign31', 1, 1000, 1000, 1000, '0000-00-00', '0000-00-00', -1, 1, 0, 0, 0, 'f', 0, '', 1.0000, 2, '2007-11-20 16:09:08', 0, 0, 0, NULL, NULL, 0, 0);
INSERT INTO `oa_zones` (`zoneid`, `affiliateid`, `zonename`, `description`, `delivery`, `zonetype`, `what`, `width`, `height`, `chain`, `prepend`, `append`, `appendtype`, `category`, `ad_selection`, `forceappend`, `inventory_forecast_type`, `comments`, `cost`, `cost_type`, `cost_variable_id`, `technology_cost`, `technology_cost_type`, `updated`, `block`, `capping`, `session_capping`, `as_zone_id`) VALUES(31, 1, 'http://www.test1.org - Default', '', 0, 3, '', 120, 120, '', '', 0x5a6f6e65, 0, '', '', 'f', 0, '', 1.3333, 2, '', NULL, NULL, '2007-11-20 15:10:34', 0, 0, 0, NULL);
INSERT INTO `oa_placement_zone_assoc` (`placement_zone_assoc_id`, `zone_id`, `placement_id`) VALUES(31, 31, 31);

INSERT INTO `oa_banners` (`bannerid`, `contenttype`, `pluginversion`, `storagetype`, `filename`, `imageurl`, `htmltemplate`, `htmlcache`, `width`, `height`, `weight`, `seq`, `target`, `url`, `alt`, `keyword`, `bannertext`, `description`, `autohtml`, `block`, `capping`, `compiledlimitation`, `append`, `appendtype`, `bannertype`, `transparent`, `campaignid`, `adserver`, `session_capping`, `acl_plugins`, `alt_filename`, `alt_imageurl`, `alt_contenttype`, `comments`, `updated`, `parameters`, `acls_updated`, `statustext`, `an_banner_id`, `as_banner_id`, `status`) VALUES(151, 'gif', 0, 'sql', '120x120.gif', '', '', '', 120, 120, 1, 0, '', 'http://www.wp.pl', '', '', '', '', 'f', 0, 0, 0x74727565, 0x48744d6c202d20, 0, 0, 0, 31, '', 0, '', '', '', '', '', '2007-11-20 15:14:41', 'N;', '2007-11-20 15:14:41', '', NULL, NULL, 0);
INSERT INTO `oa_ad_zone_assoc` (`ad_zone_assoc_id`, `zone_id`, `ad_id`, `priority`, `link_type`, `priority_factor`, `to_be_delivered`) VALUES(151, 31, 151, 0, 0, 1, 1);
INSERT INTO `oa_banners` (`bannerid`, `contenttype`, `pluginversion`, `storagetype`, `filename`, `imageurl`, `htmltemplate`, `htmlcache`, `width`, `height`, `weight`, `seq`, `target`, `url`, `alt`, `keyword`, `bannertext`, `description`, `autohtml`, `block`, `capping`, `compiledlimitation`, `append`, `appendtype`, `bannertype`, `transparent`, `campaignid`, `adserver`, `session_capping`, `acl_plugins`, `alt_filename`, `alt_imageurl`, `alt_contenttype`, `comments`, `updated`, `parameters`, `acls_updated`, `statustext`, `an_banner_id`, `as_banner_id`, `status`) VALUES(152, 'gif', 0, 'sql', '120x120.gif', '', '', '', 120, 120, 1, 0, '', 'http://www.wp.pl', '', '', '', '', 'f', 0, 0, 0x74727565, 0x48744d6c202d20, 0, 0, 0, 31, '', 0, '', '', '', '', '', '2007-11-20 15:14:41', 'N;', '2007-11-20 15:14:41', '', NULL, NULL, 0);
INSERT INTO `oa_ad_zone_assoc` (`ad_zone_assoc_id`, `zone_id`, `ad_id`, `priority`, `link_type`, `priority_factor`, `to_be_delivered`) VALUES(152, 31, 152, 0, 0, 1, 1);
INSERT INTO `oa_banners` (`bannerid`, `contenttype`, `pluginversion`, `storagetype`, `filename`, `imageurl`, `htmltemplate`, `htmlcache`, `width`, `height`, `weight`, `seq`, `target`, `url`, `alt`, `keyword`, `bannertext`, `description`, `autohtml`, `block`, `capping`, `compiledlimitation`, `append`, `appendtype`, `bannertype`, `transparent`, `campaignid`, `adserver`, `session_capping`, `acl_plugins`, `alt_filename`, `alt_imageurl`, `alt_contenttype`, `comments`, `updated`, `parameters`, `acls_updated`, `statustext`, `an_banner_id`, `as_banner_id`, `status`) VALUES(153, 'gif', 0, 'sql', '120x120.gif', '', '', '', 120, 120, 1, 0, '', 'http://www.wp.pl', '', '', '', '', 'f', 0, 0, 0x74727565, 0x48744d6c202d20, 0, 0, 0, 31, '', 0, '', '', '', '', '', '2007-11-20 15:14:41', 'N;', '2007-11-20 15:14:41', '', NULL, NULL, 0);
INSERT INTO `oa_ad_zone_assoc` (`ad_zone_assoc_id`, `zone_id`, `ad_id`, `priority`, `link_type`, `priority_factor`, `to_be_delivered`) VALUES(153, 31, 153, 0, 0, 1, 1);
INSERT INTO `oa_banners` (`bannerid`, `contenttype`, `pluginversion`, `storagetype`, `filename`, `imageurl`, `htmltemplate`, `htmlcache`, `width`, `height`, `weight`, `seq`, `target`, `url`, `alt`, `keyword`, `bannertext`, `description`, `autohtml`, `block`, `capping`, `compiledlimitation`, `append`, `appendtype`, `bannertype`, `transparent`, `campaignid`, `adserver`, `session_capping`, `acl_plugins`, `alt_filename`, `alt_imageurl`, `alt_contenttype`, `comments`, `updated`, `parameters`, `acls_updated`, `statustext`, `an_banner_id`, `as_banner_id`, `status`) VALUES(154, 'gif', 0, 'sql', '120x120.gif', '', '', '', 120, 120, 1, 0, '', 'http://www.wp.pl', '', '', '', '', 'f', 0, 0, 0x74727565, 0x48744d6c202d20, 0, 0, 0, 31, '', 0, '', '', '', '', '', '2007-11-20 15:14:41', 'N;', '2007-11-20 15:14:41', '', NULL, NULL, 0);
INSERT INTO `oa_ad_zone_assoc` (`ad_zone_assoc_id`, `zone_id`, `ad_id`, `priority`, `link_type`, `priority_factor`, `to_be_delivered`) VALUES(154, 31, 154, 0, 0, 1, 1);
INSERT INTO `oa_banners` (`bannerid`, `contenttype`, `pluginversion`, `storagetype`, `filename`, `imageurl`, `htmltemplate`, `htmlcache`, `width`, `height`, `weight`, `seq`, `target`, `url`, `alt`, `keyword`, `bannertext`, `description`, `autohtml`, `block`, `capping`, `compiledlimitation`, `append`, `appendtype`, `bannertype`, `transparent`, `campaignid`, `adserver`, `session_capping`, `acl_plugins`, `alt_filename`, `alt_imageurl`, `alt_contenttype`, `comments`, `updated`, `parameters`, `acls_updated`, `statustext`, `an_banner_id`, `as_banner_id`, `status`) VALUES(155, 'gif', 0, 'sql', '120x120.gif', '', '', '', 120, 120, 1, 0, '', 'http://www.wp.pl', '', '', '', '', 'f', 0, 0, 0x74727565, 0x48744d6c202d20, 0, 0, 0, 31, '', 0, '', '', '', '', '', '2007-11-20 15:14:41', 'N;', '2007-11-20 15:14:41', '', NULL, NULL, 0);
INSERT INTO `oa_ad_zone_assoc` (`ad_zone_assoc_id`, `zone_id`, `ad_id`, `priority`, `link_type`, `priority_factor`, `to_be_delivered`) VALUES(155, 31, 155, 0, 0, 1, 1);
INSERT INTO `oa_campaigns` (`campaignid`, `campaignname`, `clientid`, `views`, `clicks`, `conversions`, `expire`, `activate`, `priority`, `weight`, `target_impression`, `target_click`, `target_conversion`, `anonymous`, `companion`, `comments`, `revenue`, `revenue_type`, `updated`, `block`, `capping`, `session_capping`, `an_campaign_id`, `as_campaign_id`, `status`, `an_status`) VALUES(32, 'QA - Default Campaign32', 1, 1000, 1000, 1000, '0000-00-00', '0000-00-00', -1, 1, 0, 0, 0, 'f', 0, '', 1.0000, 2, '2007-11-20 16:09:08', 0, 0, 0, NULL, NULL, 0, 0);
INSERT INTO `oa_zones` (`zoneid`, `affiliateid`, `zonename`, `description`, `delivery`, `zonetype`, `what`, `width`, `height`, `chain`, `prepend`, `append`, `appendtype`, `category`, `ad_selection`, `forceappend`, `inventory_forecast_type`, `comments`, `cost`, `cost_type`, `cost_variable_id`, `technology_cost`, `technology_cost_type`, `updated`, `block`, `capping`, `session_capping`, `as_zone_id`) VALUES(32, 1, 'http://www.test1.org - Default', '', 0, 3, '', 120, 120, '', '', 0x5a6f6e65, 0, '', '', 'f', 0, '', 1.3333, 2, '', NULL, NULL, '2007-11-20 15:10:34', 0, 0, 0, NULL);
INSERT INTO `oa_placement_zone_assoc` (`placement_zone_assoc_id`, `zone_id`, `placement_id`) VALUES(32, 32, 32);

INSERT INTO `oa_banners` (`bannerid`, `contenttype`, `pluginversion`, `storagetype`, `filename`, `imageurl`, `htmltemplate`, `htmlcache`, `width`, `height`, `weight`, `seq`, `target`, `url`, `alt`, `keyword`, `bannertext`, `description`, `autohtml`, `block`, `capping`, `compiledlimitation`, `append`, `appendtype`, `bannertype`, `transparent`, `campaignid`, `adserver`, `session_capping`, `acl_plugins`, `alt_filename`, `alt_imageurl`, `alt_contenttype`, `comments`, `updated`, `parameters`, `acls_updated`, `statustext`, `an_banner_id`, `as_banner_id`, `status`) VALUES(156, 'gif', 0, 'sql', '120x120.gif', '', '', '', 120, 120, 1, 0, '', 'http://www.wp.pl', '', '', '', '', 'f', 0, 0, 0x74727565, 0x48744d6c202d20, 0, 0, 0, 32, '', 0, '', '', '', '', '', '2007-11-20 15:14:41', 'N;', '2007-11-20 15:14:41', '', NULL, NULL, 0);
INSERT INTO `oa_ad_zone_assoc` (`ad_zone_assoc_id`, `zone_id`, `ad_id`, `priority`, `link_type`, `priority_factor`, `to_be_delivered`) VALUES(156, 32, 156, 0, 0, 1, 1);
INSERT INTO `oa_banners` (`bannerid`, `contenttype`, `pluginversion`, `storagetype`, `filename`, `imageurl`, `htmltemplate`, `htmlcache`, `width`, `height`, `weight`, `seq`, `target`, `url`, `alt`, `keyword`, `bannertext`, `description`, `autohtml`, `block`, `capping`, `compiledlimitation`, `append`, `appendtype`, `bannertype`, `transparent`, `campaignid`, `adserver`, `session_capping`, `acl_plugins`, `alt_filename`, `alt_imageurl`, `alt_contenttype`, `comments`, `updated`, `parameters`, `acls_updated`, `statustext`, `an_banner_id`, `as_banner_id`, `status`) VALUES(157, 'gif', 0, 'sql', '120x120.gif', '', '', '', 120, 120, 1, 0, '', 'http://www.wp.pl', '', '', '', '', 'f', 0, 0, 0x74727565, 0x48744d6c202d20, 0, 0, 0, 32, '', 0, '', '', '', '', '', '2007-11-20 15:14:41', 'N;', '2007-11-20 15:14:41', '', NULL, NULL, 0);
INSERT INTO `oa_ad_zone_assoc` (`ad_zone_assoc_id`, `zone_id`, `ad_id`, `priority`, `link_type`, `priority_factor`, `to_be_delivered`) VALUES(157, 32, 157, 0, 0, 1, 1);
INSERT INTO `oa_banners` (`bannerid`, `contenttype`, `pluginversion`, `storagetype`, `filename`, `imageurl`, `htmltemplate`, `htmlcache`, `width`, `height`, `weight`, `seq`, `target`, `url`, `alt`, `keyword`, `bannertext`, `description`, `autohtml`, `block`, `capping`, `compiledlimitation`, `append`, `appendtype`, `bannertype`, `transparent`, `campaignid`, `adserver`, `session_capping`, `acl_plugins`, `alt_filename`, `alt_imageurl`, `alt_contenttype`, `comments`, `updated`, `parameters`, `acls_updated`, `statustext`, `an_banner_id`, `as_banner_id`, `status`) VALUES(158, 'gif', 0, 'sql', '120x120.gif', '', '', '', 120, 120, 1, 0, '', 'http://www.wp.pl', '', '', '', '', 'f', 0, 0, 0x74727565, 0x48744d6c202d20, 0, 0, 0, 32, '', 0, '', '', '', '', '', '2007-11-20 15:14:41', 'N;', '2007-11-20 15:14:41', '', NULL, NULL, 0);
INSERT INTO `oa_ad_zone_assoc` (`ad_zone_assoc_id`, `zone_id`, `ad_id`, `priority`, `link_type`, `priority_factor`, `to_be_delivered`) VALUES(158, 32, 158, 0, 0, 1, 1);
INSERT INTO `oa_banners` (`bannerid`, `contenttype`, `pluginversion`, `storagetype`, `filename`, `imageurl`, `htmltemplate`, `htmlcache`, `width`, `height`, `weight`, `seq`, `target`, `url`, `alt`, `keyword`, `bannertext`, `description`, `autohtml`, `block`, `capping`, `compiledlimitation`, `append`, `appendtype`, `bannertype`, `transparent`, `campaignid`, `adserver`, `session_capping`, `acl_plugins`, `alt_filename`, `alt_imageurl`, `alt_contenttype`, `comments`, `updated`, `parameters`, `acls_updated`, `statustext`, `an_banner_id`, `as_banner_id`, `status`) VALUES(159, 'gif', 0, 'sql', '120x120.gif', '', '', '', 120, 120, 1, 0, '', 'http://www.wp.pl', '', '', '', '', 'f', 0, 0, 0x74727565, 0x48744d6c202d20, 0, 0, 0, 32, '', 0, '', '', '', '', '', '2007-11-20 15:14:41', 'N;', '2007-11-20 15:14:41', '', NULL, NULL, 0);
INSERT INTO `oa_ad_zone_assoc` (`ad_zone_assoc_id`, `zone_id`, `ad_id`, `priority`, `link_type`, `priority_factor`, `to_be_delivered`) VALUES(159, 32, 159, 0, 0, 1, 1);
INSERT INTO `oa_banners` (`bannerid`, `contenttype`, `pluginversion`, `storagetype`, `filename`, `imageurl`, `htmltemplate`, `htmlcache`, `width`, `height`, `weight`, `seq`, `target`, `url`, `alt`, `keyword`, `bannertext`, `description`, `autohtml`, `block`, `capping`, `compiledlimitation`, `append`, `appendtype`, `bannertype`, `transparent`, `campaignid`, `adserver`, `session_capping`, `acl_plugins`, `alt_filename`, `alt_imageurl`, `alt_contenttype`, `comments`, `updated`, `parameters`, `acls_updated`, `statustext`, `an_banner_id`, `as_banner_id`, `status`) VALUES(160, 'gif', 0, 'sql', '120x120.gif', '', '', '', 120, 120, 1, 0, '', 'http://www.wp.pl', '', '', '', '', 'f', 0, 0, 0x74727565, 0x48744d6c202d20, 0, 0, 0, 32, '', 0, '', '', '', '', '', '2007-11-20 15:14:41', 'N;', '2007-11-20 15:14:41', '', NULL, NULL, 0);
INSERT INTO `oa_ad_zone_assoc` (`ad_zone_assoc_id`, `zone_id`, `ad_id`, `priority`, `link_type`, `priority_factor`, `to_be_delivered`) VALUES(160, 32, 160, 0, 0, 1, 1);
INSERT INTO `oa_campaigns` (`campaignid`, `campaignname`, `clientid`, `views`, `clicks`, `conversions`, `expire`, `activate`, `priority`, `weight`, `target_impression`, `target_click`, `target_conversion`, `anonymous`, `companion`, `comments`, `revenue`, `revenue_type`, `updated`, `block`, `capping`, `session_capping`, `an_campaign_id`, `as_campaign_id`, `status`, `an_status`) VALUES(33, 'QA - Default Campaign33', 1, 1000, 1000, 1000, '0000-00-00', '0000-00-00', -1, 1, 0, 0, 0, 'f', 0, '', 1.0000, 2, '2007-11-20 16:09:08', 0, 0, 0, NULL, NULL, 0, 0);
INSERT INTO `oa_zones` (`zoneid`, `affiliateid`, `zonename`, `description`, `delivery`, `zonetype`, `what`, `width`, `height`, `chain`, `prepend`, `append`, `appendtype`, `category`, `ad_selection`, `forceappend`, `inventory_forecast_type`, `comments`, `cost`, `cost_type`, `cost_variable_id`, `technology_cost`, `technology_cost_type`, `updated`, `block`, `capping`, `session_capping`, `as_zone_id`) VALUES(33, 1, 'http://www.test1.org - Default', '', 0, 3, '', 120, 120, '', '', 0x5a6f6e65, 0, '', '', 'f', 0, '', 1.3333, 2, '', NULL, NULL, '2007-11-20 15:10:34', 0, 0, 0, NULL);
INSERT INTO `oa_placement_zone_assoc` (`placement_zone_assoc_id`, `zone_id`, `placement_id`) VALUES(33, 33, 33);

INSERT INTO `oa_banners` (`bannerid`, `contenttype`, `pluginversion`, `storagetype`, `filename`, `imageurl`, `htmltemplate`, `htmlcache`, `width`, `height`, `weight`, `seq`, `target`, `url`, `alt`, `keyword`, `bannertext`, `description`, `autohtml`, `block`, `capping`, `compiledlimitation`, `append`, `appendtype`, `bannertype`, `transparent`, `campaignid`, `adserver`, `session_capping`, `acl_plugins`, `alt_filename`, `alt_imageurl`, `alt_contenttype`, `comments`, `updated`, `parameters`, `acls_updated`, `statustext`, `an_banner_id`, `as_banner_id`, `status`) VALUES(161, 'gif', 0, 'sql', '120x120.gif', '', '', '', 120, 120, 1, 0, '', 'http://www.wp.pl', '', '', '', '', 'f', 0, 0, 0x74727565, 0x48744d6c202d20, 0, 0, 0, 33, '', 0, '', '', '', '', '', '2007-11-20 15:14:41', 'N;', '2007-11-20 15:14:41', '', NULL, NULL, 0);
INSERT INTO `oa_ad_zone_assoc` (`ad_zone_assoc_id`, `zone_id`, `ad_id`, `priority`, `link_type`, `priority_factor`, `to_be_delivered`) VALUES(161, 33, 161, 0, 0, 1, 1);
INSERT INTO `oa_banners` (`bannerid`, `contenttype`, `pluginversion`, `storagetype`, `filename`, `imageurl`, `htmltemplate`, `htmlcache`, `width`, `height`, `weight`, `seq`, `target`, `url`, `alt`, `keyword`, `bannertext`, `description`, `autohtml`, `block`, `capping`, `compiledlimitation`, `append`, `appendtype`, `bannertype`, `transparent`, `campaignid`, `adserver`, `session_capping`, `acl_plugins`, `alt_filename`, `alt_imageurl`, `alt_contenttype`, `comments`, `updated`, `parameters`, `acls_updated`, `statustext`, `an_banner_id`, `as_banner_id`, `status`) VALUES(162, 'gif', 0, 'sql', '120x120.gif', '', '', '', 120, 120, 1, 0, '', 'http://www.wp.pl', '', '', '', '', 'f', 0, 0, 0x74727565, 0x48744d6c202d20, 0, 0, 0, 33, '', 0, '', '', '', '', '', '2007-11-20 15:14:41', 'N;', '2007-11-20 15:14:41', '', NULL, NULL, 0);
INSERT INTO `oa_ad_zone_assoc` (`ad_zone_assoc_id`, `zone_id`, `ad_id`, `priority`, `link_type`, `priority_factor`, `to_be_delivered`) VALUES(162, 33, 162, 0, 0, 1, 1);
INSERT INTO `oa_banners` (`bannerid`, `contenttype`, `pluginversion`, `storagetype`, `filename`, `imageurl`, `htmltemplate`, `htmlcache`, `width`, `height`, `weight`, `seq`, `target`, `url`, `alt`, `keyword`, `bannertext`, `description`, `autohtml`, `block`, `capping`, `compiledlimitation`, `append`, `appendtype`, `bannertype`, `transparent`, `campaignid`, `adserver`, `session_capping`, `acl_plugins`, `alt_filename`, `alt_imageurl`, `alt_contenttype`, `comments`, `updated`, `parameters`, `acls_updated`, `statustext`, `an_banner_id`, `as_banner_id`, `status`) VALUES(163, 'gif', 0, 'sql', '120x120.gif', '', '', '', 120, 120, 1, 0, '', 'http://www.wp.pl', '', '', '', '', 'f', 0, 0, 0x74727565, 0x48744d6c202d20, 0, 0, 0, 33, '', 0, '', '', '', '', '', '2007-11-20 15:14:41', 'N;', '2007-11-20 15:14:41', '', NULL, NULL, 0);
INSERT INTO `oa_ad_zone_assoc` (`ad_zone_assoc_id`, `zone_id`, `ad_id`, `priority`, `link_type`, `priority_factor`, `to_be_delivered`) VALUES(163, 33, 163, 0, 0, 1, 1);
INSERT INTO `oa_banners` (`bannerid`, `contenttype`, `pluginversion`, `storagetype`, `filename`, `imageurl`, `htmltemplate`, `htmlcache`, `width`, `height`, `weight`, `seq`, `target`, `url`, `alt`, `keyword`, `bannertext`, `description`, `autohtml`, `block`, `capping`, `compiledlimitation`, `append`, `appendtype`, `bannertype`, `transparent`, `campaignid`, `adserver`, `session_capping`, `acl_plugins`, `alt_filename`, `alt_imageurl`, `alt_contenttype`, `comments`, `updated`, `parameters`, `acls_updated`, `statustext`, `an_banner_id`, `as_banner_id`, `status`) VALUES(164, 'gif', 0, 'sql', '120x120.gif', '', '', '', 120, 120, 1, 0, '', 'http://www.wp.pl', '', '', '', '', 'f', 0, 0, 0x74727565, 0x48744d6c202d20, 0, 0, 0, 33, '', 0, '', '', '', '', '', '2007-11-20 15:14:41', 'N;', '2007-11-20 15:14:41', '', NULL, NULL, 0);
INSERT INTO `oa_ad_zone_assoc` (`ad_zone_assoc_id`, `zone_id`, `ad_id`, `priority`, `link_type`, `priority_factor`, `to_be_delivered`) VALUES(164, 33, 164, 0, 0, 1, 1);
INSERT INTO `oa_banners` (`bannerid`, `contenttype`, `pluginversion`, `storagetype`, `filename`, `imageurl`, `htmltemplate`, `htmlcache`, `width`, `height`, `weight`, `seq`, `target`, `url`, `alt`, `keyword`, `bannertext`, `description`, `autohtml`, `block`, `capping`, `compiledlimitation`, `append`, `appendtype`, `bannertype`, `transparent`, `campaignid`, `adserver`, `session_capping`, `acl_plugins`, `alt_filename`, `alt_imageurl`, `alt_contenttype`, `comments`, `updated`, `parameters`, `acls_updated`, `statustext`, `an_banner_id`, `as_banner_id`, `status`) VALUES(165, 'gif', 0, 'sql', '120x120.gif', '', '', '', 120, 120, 1, 0, '', 'http://www.wp.pl', '', '', '', '', 'f', 0, 0, 0x74727565, 0x48744d6c202d20, 0, 0, 0, 33, '', 0, '', '', '', '', '', '2007-11-20 15:14:41', 'N;', '2007-11-20 15:14:41', '', NULL, NULL, 0);
INSERT INTO `oa_ad_zone_assoc` (`ad_zone_assoc_id`, `zone_id`, `ad_id`, `priority`, `link_type`, `priority_factor`, `to_be_delivered`) VALUES(165, 33, 165, 0, 0, 1, 1);
INSERT INTO `oa_campaigns` (`campaignid`, `campaignname`, `clientid`, `views`, `clicks`, `conversions`, `expire`, `activate`, `priority`, `weight`, `target_impression`, `target_click`, `target_conversion`, `anonymous`, `companion`, `comments`, `revenue`, `revenue_type`, `updated`, `block`, `capping`, `session_capping`, `an_campaign_id`, `as_campaign_id`, `status`, `an_status`) VALUES(34, 'QA - Default Campaign34', 1, 1000, 1000, 1000, '0000-00-00', '0000-00-00', -1, 1, 0, 0, 0, 'f', 0, '', 1.0000, 2, '2007-11-20 16:09:08', 0, 0, 0, NULL, NULL, 0, 0);
INSERT INTO `oa_zones` (`zoneid`, `affiliateid`, `zonename`, `description`, `delivery`, `zonetype`, `what`, `width`, `height`, `chain`, `prepend`, `append`, `appendtype`, `category`, `ad_selection`, `forceappend`, `inventory_forecast_type`, `comments`, `cost`, `cost_type`, `cost_variable_id`, `technology_cost`, `technology_cost_type`, `updated`, `block`, `capping`, `session_capping`, `as_zone_id`) VALUES(34, 1, 'http://www.test1.org - Default', '', 0, 3, '', 120, 120, '', '', 0x5a6f6e65, 0, '', '', 'f', 0, '', 1.3333, 2, '', NULL, NULL, '2007-11-20 15:10:34', 0, 0, 0, NULL);
INSERT INTO `oa_placement_zone_assoc` (`placement_zone_assoc_id`, `zone_id`, `placement_id`) VALUES(34, 34, 34);

INSERT INTO `oa_banners` (`bannerid`, `contenttype`, `pluginversion`, `storagetype`, `filename`, `imageurl`, `htmltemplate`, `htmlcache`, `width`, `height`, `weight`, `seq`, `target`, `url`, `alt`, `keyword`, `bannertext`, `description`, `autohtml`, `block`, `capping`, `compiledlimitation`, `append`, `appendtype`, `bannertype`, `transparent`, `campaignid`, `adserver`, `session_capping`, `acl_plugins`, `alt_filename`, `alt_imageurl`, `alt_contenttype`, `comments`, `updated`, `parameters`, `acls_updated`, `statustext`, `an_banner_id`, `as_banner_id`, `status`) VALUES(166, 'gif', 0, 'sql', '120x120.gif', '', '', '', 120, 120, 1, 0, '', 'http://www.wp.pl', '', '', '', '', 'f', 0, 0, 0x74727565, 0x48744d6c202d20, 0, 0, 0, 34, '', 0, '', '', '', '', '', '2007-11-20 15:14:41', 'N;', '2007-11-20 15:14:41', '', NULL, NULL, 0);
INSERT INTO `oa_ad_zone_assoc` (`ad_zone_assoc_id`, `zone_id`, `ad_id`, `priority`, `link_type`, `priority_factor`, `to_be_delivered`) VALUES(166, 34, 166, 0, 0, 1, 1);
INSERT INTO `oa_banners` (`bannerid`, `contenttype`, `pluginversion`, `storagetype`, `filename`, `imageurl`, `htmltemplate`, `htmlcache`, `width`, `height`, `weight`, `seq`, `target`, `url`, `alt`, `keyword`, `bannertext`, `description`, `autohtml`, `block`, `capping`, `compiledlimitation`, `append`, `appendtype`, `bannertype`, `transparent`, `campaignid`, `adserver`, `session_capping`, `acl_plugins`, `alt_filename`, `alt_imageurl`, `alt_contenttype`, `comments`, `updated`, `parameters`, `acls_updated`, `statustext`, `an_banner_id`, `as_banner_id`, `status`) VALUES(167, 'gif', 0, 'sql', '120x120.gif', '', '', '', 120, 120, 1, 0, '', 'http://www.wp.pl', '', '', '', '', 'f', 0, 0, 0x74727565, 0x48744d6c202d20, 0, 0, 0, 34, '', 0, '', '', '', '', '', '2007-11-20 15:14:41', 'N;', '2007-11-20 15:14:41', '', NULL, NULL, 0);
INSERT INTO `oa_ad_zone_assoc` (`ad_zone_assoc_id`, `zone_id`, `ad_id`, `priority`, `link_type`, `priority_factor`, `to_be_delivered`) VALUES(167, 34, 167, 0, 0, 1, 1);
INSERT INTO `oa_banners` (`bannerid`, `contenttype`, `pluginversion`, `storagetype`, `filename`, `imageurl`, `htmltemplate`, `htmlcache`, `width`, `height`, `weight`, `seq`, `target`, `url`, `alt`, `keyword`, `bannertext`, `description`, `autohtml`, `block`, `capping`, `compiledlimitation`, `append`, `appendtype`, `bannertype`, `transparent`, `campaignid`, `adserver`, `session_capping`, `acl_plugins`, `alt_filename`, `alt_imageurl`, `alt_contenttype`, `comments`, `updated`, `parameters`, `acls_updated`, `statustext`, `an_banner_id`, `as_banner_id`, `status`) VALUES(168, 'gif', 0, 'sql', '120x120.gif', '', '', '', 120, 120, 1, 0, '', 'http://www.wp.pl', '', '', '', '', 'f', 0, 0, 0x74727565, 0x48744d6c202d20, 0, 0, 0, 34, '', 0, '', '', '', '', '', '2007-11-20 15:14:41', 'N;', '2007-11-20 15:14:41', '', NULL, NULL, 0);
INSERT INTO `oa_ad_zone_assoc` (`ad_zone_assoc_id`, `zone_id`, `ad_id`, `priority`, `link_type`, `priority_factor`, `to_be_delivered`) VALUES(168, 34, 168, 0, 0, 1, 1);
INSERT INTO `oa_banners` (`bannerid`, `contenttype`, `pluginversion`, `storagetype`, `filename`, `imageurl`, `htmltemplate`, `htmlcache`, `width`, `height`, `weight`, `seq`, `target`, `url`, `alt`, `keyword`, `bannertext`, `description`, `autohtml`, `block`, `capping`, `compiledlimitation`, `append`, `appendtype`, `bannertype`, `transparent`, `campaignid`, `adserver`, `session_capping`, `acl_plugins`, `alt_filename`, `alt_imageurl`, `alt_contenttype`, `comments`, `updated`, `parameters`, `acls_updated`, `statustext`, `an_banner_id`, `as_banner_id`, `status`) VALUES(169, 'gif', 0, 'sql', '120x120.gif', '', '', '', 120, 120, 1, 0, '', 'http://www.wp.pl', '', '', '', '', 'f', 0, 0, 0x74727565, 0x48744d6c202d20, 0, 0, 0, 34, '', 0, '', '', '', '', '', '2007-11-20 15:14:41', 'N;', '2007-11-20 15:14:41', '', NULL, NULL, 0);
INSERT INTO `oa_ad_zone_assoc` (`ad_zone_assoc_id`, `zone_id`, `ad_id`, `priority`, `link_type`, `priority_factor`, `to_be_delivered`) VALUES(169, 34, 169, 0, 0, 1, 1);
INSERT INTO `oa_banners` (`bannerid`, `contenttype`, `pluginversion`, `storagetype`, `filename`, `imageurl`, `htmltemplate`, `htmlcache`, `width`, `height`, `weight`, `seq`, `target`, `url`, `alt`, `keyword`, `bannertext`, `description`, `autohtml`, `block`, `capping`, `compiledlimitation`, `append`, `appendtype`, `bannertype`, `transparent`, `campaignid`, `adserver`, `session_capping`, `acl_plugins`, `alt_filename`, `alt_imageurl`, `alt_contenttype`, `comments`, `updated`, `parameters`, `acls_updated`, `statustext`, `an_banner_id`, `as_banner_id`, `status`) VALUES(170, 'gif', 0, 'sql', '120x120.gif', '', '', '', 120, 120, 1, 0, '', 'http://www.wp.pl', '', '', '', '', 'f', 0, 0, 0x74727565, 0x48744d6c202d20, 0, 0, 0, 34, '', 0, '', '', '', '', '', '2007-11-20 15:14:41', 'N;', '2007-11-20 15:14:41', '', NULL, NULL, 0);
INSERT INTO `oa_ad_zone_assoc` (`ad_zone_assoc_id`, `zone_id`, `ad_id`, `priority`, `link_type`, `priority_factor`, `to_be_delivered`) VALUES(170, 34, 170, 0, 0, 1, 1);
INSERT INTO `oa_campaigns` (`campaignid`, `campaignname`, `clientid`, `views`, `clicks`, `conversions`, `expire`, `activate`, `priority`, `weight`, `target_impression`, `target_click`, `target_conversion`, `anonymous`, `companion`, `comments`, `revenue`, `revenue_type`, `updated`, `block`, `capping`, `session_capping`, `an_campaign_id`, `as_campaign_id`, `status`, `an_status`) VALUES(35, 'QA - Default Campaign35', 1, 1000, 1000, 1000, '0000-00-00', '0000-00-00', -1, 1, 0, 0, 0, 'f', 0, '', 1.0000, 2, '2007-11-20 16:09:08', 0, 0, 0, NULL, NULL, 0, 0);
INSERT INTO `oa_zones` (`zoneid`, `affiliateid`, `zonename`, `description`, `delivery`, `zonetype`, `what`, `width`, `height`, `chain`, `prepend`, `append`, `appendtype`, `category`, `ad_selection`, `forceappend`, `inventory_forecast_type`, `comments`, `cost`, `cost_type`, `cost_variable_id`, `technology_cost`, `technology_cost_type`, `updated`, `block`, `capping`, `session_capping`, `as_zone_id`) VALUES(35, 1, 'http://www.test1.org - Default', '', 0, 3, '', 120, 120, '', '', 0x5a6f6e65, 0, '', '', 'f', 0, '', 1.3333, 2, '', NULL, NULL, '2007-11-20 15:10:34', 0, 0, 0, NULL);
INSERT INTO `oa_placement_zone_assoc` (`placement_zone_assoc_id`, `zone_id`, `placement_id`) VALUES(35, 35, 35);

INSERT INTO `oa_banners` (`bannerid`, `contenttype`, `pluginversion`, `storagetype`, `filename`, `imageurl`, `htmltemplate`, `htmlcache`, `width`, `height`, `weight`, `seq`, `target`, `url`, `alt`, `keyword`, `bannertext`, `description`, `autohtml`, `block`, `capping`, `compiledlimitation`, `append`, `appendtype`, `bannertype`, `transparent`, `campaignid`, `adserver`, `session_capping`, `acl_plugins`, `alt_filename`, `alt_imageurl`, `alt_contenttype`, `comments`, `updated`, `parameters`, `acls_updated`, `statustext`, `an_banner_id`, `as_banner_id`, `status`) VALUES(171, 'gif', 0, 'sql', '120x120.gif', '', '', '', 120, 120, 1, 0, '', 'http://www.wp.pl', '', '', '', '', 'f', 0, 0, 0x74727565, 0x48744d6c202d20, 0, 0, 0, 35, '', 0, '', '', '', '', '', '2007-11-20 15:14:41', 'N;', '2007-11-20 15:14:41', '', NULL, NULL, 0);
INSERT INTO `oa_ad_zone_assoc` (`ad_zone_assoc_id`, `zone_id`, `ad_id`, `priority`, `link_type`, `priority_factor`, `to_be_delivered`) VALUES(171, 35, 171, 0, 0, 1, 1);
INSERT INTO `oa_banners` (`bannerid`, `contenttype`, `pluginversion`, `storagetype`, `filename`, `imageurl`, `htmltemplate`, `htmlcache`, `width`, `height`, `weight`, `seq`, `target`, `url`, `alt`, `keyword`, `bannertext`, `description`, `autohtml`, `block`, `capping`, `compiledlimitation`, `append`, `appendtype`, `bannertype`, `transparent`, `campaignid`, `adserver`, `session_capping`, `acl_plugins`, `alt_filename`, `alt_imageurl`, `alt_contenttype`, `comments`, `updated`, `parameters`, `acls_updated`, `statustext`, `an_banner_id`, `as_banner_id`, `status`) VALUES(172, 'gif', 0, 'sql', '120x120.gif', '', '', '', 120, 120, 1, 0, '', 'http://www.wp.pl', '', '', '', '', 'f', 0, 0, 0x74727565, 0x48744d6c202d20, 0, 0, 0, 35, '', 0, '', '', '', '', '', '2007-11-20 15:14:41', 'N;', '2007-11-20 15:14:41', '', NULL, NULL, 0);
INSERT INTO `oa_ad_zone_assoc` (`ad_zone_assoc_id`, `zone_id`, `ad_id`, `priority`, `link_type`, `priority_factor`, `to_be_delivered`) VALUES(172, 35, 172, 0, 0, 1, 1);
INSERT INTO `oa_banners` (`bannerid`, `contenttype`, `pluginversion`, `storagetype`, `filename`, `imageurl`, `htmltemplate`, `htmlcache`, `width`, `height`, `weight`, `seq`, `target`, `url`, `alt`, `keyword`, `bannertext`, `description`, `autohtml`, `block`, `capping`, `compiledlimitation`, `append`, `appendtype`, `bannertype`, `transparent`, `campaignid`, `adserver`, `session_capping`, `acl_plugins`, `alt_filename`, `alt_imageurl`, `alt_contenttype`, `comments`, `updated`, `parameters`, `acls_updated`, `statustext`, `an_banner_id`, `as_banner_id`, `status`) VALUES(173, 'gif', 0, 'sql', '120x120.gif', '', '', '', 120, 120, 1, 0, '', 'http://www.wp.pl', '', '', '', '', 'f', 0, 0, 0x74727565, 0x48744d6c202d20, 0, 0, 0, 35, '', 0, '', '', '', '', '', '2007-11-20 15:14:41', 'N;', '2007-11-20 15:14:41', '', NULL, NULL, 0);
INSERT INTO `oa_ad_zone_assoc` (`ad_zone_assoc_id`, `zone_id`, `ad_id`, `priority`, `link_type`, `priority_factor`, `to_be_delivered`) VALUES(173, 35, 173, 0, 0, 1, 1);
INSERT INTO `oa_banners` (`bannerid`, `contenttype`, `pluginversion`, `storagetype`, `filename`, `imageurl`, `htmltemplate`, `htmlcache`, `width`, `height`, `weight`, `seq`, `target`, `url`, `alt`, `keyword`, `bannertext`, `description`, `autohtml`, `block`, `capping`, `compiledlimitation`, `append`, `appendtype`, `bannertype`, `transparent`, `campaignid`, `adserver`, `session_capping`, `acl_plugins`, `alt_filename`, `alt_imageurl`, `alt_contenttype`, `comments`, `updated`, `parameters`, `acls_updated`, `statustext`, `an_banner_id`, `as_banner_id`, `status`) VALUES(174, 'gif', 0, 'sql', '120x120.gif', '', '', '', 120, 120, 1, 0, '', 'http://www.wp.pl', '', '', '', '', 'f', 0, 0, 0x74727565, 0x48744d6c202d20, 0, 0, 0, 35, '', 0, '', '', '', '', '', '2007-11-20 15:14:41', 'N;', '2007-11-20 15:14:41', '', NULL, NULL, 0);
INSERT INTO `oa_ad_zone_assoc` (`ad_zone_assoc_id`, `zone_id`, `ad_id`, `priority`, `link_type`, `priority_factor`, `to_be_delivered`) VALUES(174, 35, 174, 0, 0, 1, 1);
INSERT INTO `oa_banners` (`bannerid`, `contenttype`, `pluginversion`, `storagetype`, `filename`, `imageurl`, `htmltemplate`, `htmlcache`, `width`, `height`, `weight`, `seq`, `target`, `url`, `alt`, `keyword`, `bannertext`, `description`, `autohtml`, `block`, `capping`, `compiledlimitation`, `append`, `appendtype`, `bannertype`, `transparent`, `campaignid`, `adserver`, `session_capping`, `acl_plugins`, `alt_filename`, `alt_imageurl`, `alt_contenttype`, `comments`, `updated`, `parameters`, `acls_updated`, `statustext`, `an_banner_id`, `as_banner_id`, `status`) VALUES(175, 'gif', 0, 'sql', '120x120.gif', '', '', '', 120, 120, 1, 0, '', 'http://www.wp.pl', '', '', '', '', 'f', 0, 0, 0x74727565, 0x48744d6c202d20, 0, 0, 0, 35, '', 0, '', '', '', '', '', '2007-11-20 15:14:41', 'N;', '2007-11-20 15:14:41', '', NULL, NULL, 0);
INSERT INTO `oa_ad_zone_assoc` (`ad_zone_assoc_id`, `zone_id`, `ad_id`, `priority`, `link_type`, `priority_factor`, `to_be_delivered`) VALUES(175, 35, 175, 0, 0, 1, 1);
INSERT INTO `oa_campaigns` (`campaignid`, `campaignname`, `clientid`, `views`, `clicks`, `conversions`, `expire`, `activate`, `priority`, `weight`, `target_impression`, `target_click`, `target_conversion`, `anonymous`, `companion`, `comments`, `revenue`, `revenue_type`, `updated`, `block`, `capping`, `session_capping`, `an_campaign_id`, `as_campaign_id`, `status`, `an_status`) VALUES(36, 'QA - Default Campaign36', 1, 1000, 1000, 1000, '0000-00-00', '0000-00-00', -1, 1, 0, 0, 0, 'f', 0, '', 1.0000, 2, '2007-11-20 16:09:08', 0, 0, 0, NULL, NULL, 0, 0);
INSERT INTO `oa_zones` (`zoneid`, `affiliateid`, `zonename`, `description`, `delivery`, `zonetype`, `what`, `width`, `height`, `chain`, `prepend`, `append`, `appendtype`, `category`, `ad_selection`, `forceappend`, `inventory_forecast_type`, `comments`, `cost`, `cost_type`, `cost_variable_id`, `technology_cost`, `technology_cost_type`, `updated`, `block`, `capping`, `session_capping`, `as_zone_id`) VALUES(36, 1, 'http://www.test1.org - Default', '', 0, 3, '', 120, 120, '', '', 0x5a6f6e65, 0, '', '', 'f', 0, '', 1.3333, 2, '', NULL, NULL, '2007-11-20 15:10:34', 0, 0, 0, NULL);
INSERT INTO `oa_placement_zone_assoc` (`placement_zone_assoc_id`, `zone_id`, `placement_id`) VALUES(36, 36, 36);

INSERT INTO `oa_banners` (`bannerid`, `contenttype`, `pluginversion`, `storagetype`, `filename`, `imageurl`, `htmltemplate`, `htmlcache`, `width`, `height`, `weight`, `seq`, `target`, `url`, `alt`, `keyword`, `bannertext`, `description`, `autohtml`, `block`, `capping`, `compiledlimitation`, `append`, `appendtype`, `bannertype`, `transparent`, `campaignid`, `adserver`, `session_capping`, `acl_plugins`, `alt_filename`, `alt_imageurl`, `alt_contenttype`, `comments`, `updated`, `parameters`, `acls_updated`, `statustext`, `an_banner_id`, `as_banner_id`, `status`) VALUES(176, 'gif', 0, 'sql', '120x120.gif', '', '', '', 120, 120, 1, 0, '', 'http://www.wp.pl', '', '', '', '', 'f', 0, 0, 0x74727565, 0x48744d6c202d20, 0, 0, 0, 36, '', 0, '', '', '', '', '', '2007-11-20 15:14:41', 'N;', '2007-11-20 15:14:41', '', NULL, NULL, 0);
INSERT INTO `oa_ad_zone_assoc` (`ad_zone_assoc_id`, `zone_id`, `ad_id`, `priority`, `link_type`, `priority_factor`, `to_be_delivered`) VALUES(176, 36, 176, 0, 0, 1, 1);
INSERT INTO `oa_banners` (`bannerid`, `contenttype`, `pluginversion`, `storagetype`, `filename`, `imageurl`, `htmltemplate`, `htmlcache`, `width`, `height`, `weight`, `seq`, `target`, `url`, `alt`, `keyword`, `bannertext`, `description`, `autohtml`, `block`, `capping`, `compiledlimitation`, `append`, `appendtype`, `bannertype`, `transparent`, `campaignid`, `adserver`, `session_capping`, `acl_plugins`, `alt_filename`, `alt_imageurl`, `alt_contenttype`, `comments`, `updated`, `parameters`, `acls_updated`, `statustext`, `an_banner_id`, `as_banner_id`, `status`) VALUES(177, 'gif', 0, 'sql', '120x120.gif', '', '', '', 120, 120, 1, 0, '', 'http://www.wp.pl', '', '', '', '', 'f', 0, 0, 0x74727565, 0x48744d6c202d20, 0, 0, 0, 36, '', 0, '', '', '', '', '', '2007-11-20 15:14:41', 'N;', '2007-11-20 15:14:41', '', NULL, NULL, 0);
INSERT INTO `oa_ad_zone_assoc` (`ad_zone_assoc_id`, `zone_id`, `ad_id`, `priority`, `link_type`, `priority_factor`, `to_be_delivered`) VALUES(177, 36, 177, 0, 0, 1, 1);
INSERT INTO `oa_banners` (`bannerid`, `contenttype`, `pluginversion`, `storagetype`, `filename`, `imageurl`, `htmltemplate`, `htmlcache`, `width`, `height`, `weight`, `seq`, `target`, `url`, `alt`, `keyword`, `bannertext`, `description`, `autohtml`, `block`, `capping`, `compiledlimitation`, `append`, `appendtype`, `bannertype`, `transparent`, `campaignid`, `adserver`, `session_capping`, `acl_plugins`, `alt_filename`, `alt_imageurl`, `alt_contenttype`, `comments`, `updated`, `parameters`, `acls_updated`, `statustext`, `an_banner_id`, `as_banner_id`, `status`) VALUES(178, 'gif', 0, 'sql', '120x120.gif', '', '', '', 120, 120, 1, 0, '', 'http://www.wp.pl', '', '', '', '', 'f', 0, 0, 0x74727565, 0x48744d6c202d20, 0, 0, 0, 36, '', 0, '', '', '', '', '', '2007-11-20 15:14:41', 'N;', '2007-11-20 15:14:41', '', NULL, NULL, 0);
INSERT INTO `oa_ad_zone_assoc` (`ad_zone_assoc_id`, `zone_id`, `ad_id`, `priority`, `link_type`, `priority_factor`, `to_be_delivered`) VALUES(178, 36, 178, 0, 0, 1, 1);
INSERT INTO `oa_banners` (`bannerid`, `contenttype`, `pluginversion`, `storagetype`, `filename`, `imageurl`, `htmltemplate`, `htmlcache`, `width`, `height`, `weight`, `seq`, `target`, `url`, `alt`, `keyword`, `bannertext`, `description`, `autohtml`, `block`, `capping`, `compiledlimitation`, `append`, `appendtype`, `bannertype`, `transparent`, `campaignid`, `adserver`, `session_capping`, `acl_plugins`, `alt_filename`, `alt_imageurl`, `alt_contenttype`, `comments`, `updated`, `parameters`, `acls_updated`, `statustext`, `an_banner_id`, `as_banner_id`, `status`) VALUES(179, 'gif', 0, 'sql', '120x120.gif', '', '', '', 120, 120, 1, 0, '', 'http://www.wp.pl', '', '', '', '', 'f', 0, 0, 0x74727565, 0x48744d6c202d20, 0, 0, 0, 36, '', 0, '', '', '', '', '', '2007-11-20 15:14:41', 'N;', '2007-11-20 15:14:41', '', NULL, NULL, 0);
INSERT INTO `oa_ad_zone_assoc` (`ad_zone_assoc_id`, `zone_id`, `ad_id`, `priority`, `link_type`, `priority_factor`, `to_be_delivered`) VALUES(179, 36, 179, 0, 0, 1, 1);
INSERT INTO `oa_banners` (`bannerid`, `contenttype`, `pluginversion`, `storagetype`, `filename`, `imageurl`, `htmltemplate`, `htmlcache`, `width`, `height`, `weight`, `seq`, `target`, `url`, `alt`, `keyword`, `bannertext`, `description`, `autohtml`, `block`, `capping`, `compiledlimitation`, `append`, `appendtype`, `bannertype`, `transparent`, `campaignid`, `adserver`, `session_capping`, `acl_plugins`, `alt_filename`, `alt_imageurl`, `alt_contenttype`, `comments`, `updated`, `parameters`, `acls_updated`, `statustext`, `an_banner_id`, `as_banner_id`, `status`) VALUES(180, 'gif', 0, 'sql', '120x120.gif', '', '', '', 120, 120, 1, 0, '', 'http://www.wp.pl', '', '', '', '', 'f', 0, 0, 0x74727565, 0x48744d6c202d20, 0, 0, 0, 36, '', 0, '', '', '', '', '', '2007-11-20 15:14:41', 'N;', '2007-11-20 15:14:41', '', NULL, NULL, 0);
INSERT INTO `oa_ad_zone_assoc` (`ad_zone_assoc_id`, `zone_id`, `ad_id`, `priority`, `link_type`, `priority_factor`, `to_be_delivered`) VALUES(180, 36, 180, 0, 0, 1, 1);
INSERT INTO `oa_campaigns` (`campaignid`, `campaignname`, `clientid`, `views`, `clicks`, `conversions`, `expire`, `activate`, `priority`, `weight`, `target_impression`, `target_click`, `target_conversion`, `anonymous`, `companion`, `comments`, `revenue`, `revenue_type`, `updated`, `block`, `capping`, `session_capping`, `an_campaign_id`, `as_campaign_id`, `status`, `an_status`) VALUES(37, 'QA - Default Campaign37', 1, 1000, 1000, 1000, '0000-00-00', '0000-00-00', -1, 1, 0, 0, 0, 'f', 0, '', 1.0000, 2, '2007-11-20 16:09:08', 0, 0, 0, NULL, NULL, 0, 0);
INSERT INTO `oa_zones` (`zoneid`, `affiliateid`, `zonename`, `description`, `delivery`, `zonetype`, `what`, `width`, `height`, `chain`, `prepend`, `append`, `appendtype`, `category`, `ad_selection`, `forceappend`, `inventory_forecast_type`, `comments`, `cost`, `cost_type`, `cost_variable_id`, `technology_cost`, `technology_cost_type`, `updated`, `block`, `capping`, `session_capping`, `as_zone_id`) VALUES(37, 1, 'http://www.test1.org - Default', '', 0, 3, '', 120, 120, '', '', 0x5a6f6e65, 0, '', '', 'f', 0, '', 1.3333, 2, '', NULL, NULL, '2007-11-20 15:10:34', 0, 0, 0, NULL);
INSERT INTO `oa_placement_zone_assoc` (`placement_zone_assoc_id`, `zone_id`, `placement_id`) VALUES(37, 37, 37);

INSERT INTO `oa_banners` (`bannerid`, `contenttype`, `pluginversion`, `storagetype`, `filename`, `imageurl`, `htmltemplate`, `htmlcache`, `width`, `height`, `weight`, `seq`, `target`, `url`, `alt`, `keyword`, `bannertext`, `description`, `autohtml`, `block`, `capping`, `compiledlimitation`, `append`, `appendtype`, `bannertype`, `transparent`, `campaignid`, `adserver`, `session_capping`, `acl_plugins`, `alt_filename`, `alt_imageurl`, `alt_contenttype`, `comments`, `updated`, `parameters`, `acls_updated`, `statustext`, `an_banner_id`, `as_banner_id`, `status`) VALUES(181, 'gif', 0, 'sql', '120x120.gif', '', '', '', 120, 120, 1, 0, '', 'http://www.wp.pl', '', '', '', '', 'f', 0, 0, 0x74727565, 0x48744d6c202d20, 0, 0, 0, 37, '', 0, '', '', '', '', '', '2007-11-20 15:14:41', 'N;', '2007-11-20 15:14:41', '', NULL, NULL, 0);
INSERT INTO `oa_ad_zone_assoc` (`ad_zone_assoc_id`, `zone_id`, `ad_id`, `priority`, `link_type`, `priority_factor`, `to_be_delivered`) VALUES(181, 37, 181, 0, 0, 1, 1);
INSERT INTO `oa_banners` (`bannerid`, `contenttype`, `pluginversion`, `storagetype`, `filename`, `imageurl`, `htmltemplate`, `htmlcache`, `width`, `height`, `weight`, `seq`, `target`, `url`, `alt`, `keyword`, `bannertext`, `description`, `autohtml`, `block`, `capping`, `compiledlimitation`, `append`, `appendtype`, `bannertype`, `transparent`, `campaignid`, `adserver`, `session_capping`, `acl_plugins`, `alt_filename`, `alt_imageurl`, `alt_contenttype`, `comments`, `updated`, `parameters`, `acls_updated`, `statustext`, `an_banner_id`, `as_banner_id`, `status`) VALUES(182, 'gif', 0, 'sql', '120x120.gif', '', '', '', 120, 120, 1, 0, '', 'http://www.wp.pl', '', '', '', '', 'f', 0, 0, 0x74727565, 0x48744d6c202d20, 0, 0, 0, 37, '', 0, '', '', '', '', '', '2007-11-20 15:14:41', 'N;', '2007-11-20 15:14:41', '', NULL, NULL, 0);
INSERT INTO `oa_ad_zone_assoc` (`ad_zone_assoc_id`, `zone_id`, `ad_id`, `priority`, `link_type`, `priority_factor`, `to_be_delivered`) VALUES(182, 37, 182, 0, 0, 1, 1);
INSERT INTO `oa_banners` (`bannerid`, `contenttype`, `pluginversion`, `storagetype`, `filename`, `imageurl`, `htmltemplate`, `htmlcache`, `width`, `height`, `weight`, `seq`, `target`, `url`, `alt`, `keyword`, `bannertext`, `description`, `autohtml`, `block`, `capping`, `compiledlimitation`, `append`, `appendtype`, `bannertype`, `transparent`, `campaignid`, `adserver`, `session_capping`, `acl_plugins`, `alt_filename`, `alt_imageurl`, `alt_contenttype`, `comments`, `updated`, `parameters`, `acls_updated`, `statustext`, `an_banner_id`, `as_banner_id`, `status`) VALUES(183, 'gif', 0, 'sql', '120x120.gif', '', '', '', 120, 120, 1, 0, '', 'http://www.wp.pl', '', '', '', '', 'f', 0, 0, 0x74727565, 0x48744d6c202d20, 0, 0, 0, 37, '', 0, '', '', '', '', '', '2007-11-20 15:14:41', 'N;', '2007-11-20 15:14:41', '', NULL, NULL, 0);
INSERT INTO `oa_ad_zone_assoc` (`ad_zone_assoc_id`, `zone_id`, `ad_id`, `priority`, `link_type`, `priority_factor`, `to_be_delivered`) VALUES(183, 37, 183, 0, 0, 1, 1);
INSERT INTO `oa_banners` (`bannerid`, `contenttype`, `pluginversion`, `storagetype`, `filename`, `imageurl`, `htmltemplate`, `htmlcache`, `width`, `height`, `weight`, `seq`, `target`, `url`, `alt`, `keyword`, `bannertext`, `description`, `autohtml`, `block`, `capping`, `compiledlimitation`, `append`, `appendtype`, `bannertype`, `transparent`, `campaignid`, `adserver`, `session_capping`, `acl_plugins`, `alt_filename`, `alt_imageurl`, `alt_contenttype`, `comments`, `updated`, `parameters`, `acls_updated`, `statustext`, `an_banner_id`, `as_banner_id`, `status`) VALUES(184, 'gif', 0, 'sql', '120x120.gif', '', '', '', 120, 120, 1, 0, '', 'http://www.wp.pl', '', '', '', '', 'f', 0, 0, 0x74727565, 0x48744d6c202d20, 0, 0, 0, 37, '', 0, '', '', '', '', '', '2007-11-20 15:14:41', 'N;', '2007-11-20 15:14:41', '', NULL, NULL, 0);
INSERT INTO `oa_ad_zone_assoc` (`ad_zone_assoc_id`, `zone_id`, `ad_id`, `priority`, `link_type`, `priority_factor`, `to_be_delivered`) VALUES(184, 37, 184, 0, 0, 1, 1);
INSERT INTO `oa_banners` (`bannerid`, `contenttype`, `pluginversion`, `storagetype`, `filename`, `imageurl`, `htmltemplate`, `htmlcache`, `width`, `height`, `weight`, `seq`, `target`, `url`, `alt`, `keyword`, `bannertext`, `description`, `autohtml`, `block`, `capping`, `compiledlimitation`, `append`, `appendtype`, `bannertype`, `transparent`, `campaignid`, `adserver`, `session_capping`, `acl_plugins`, `alt_filename`, `alt_imageurl`, `alt_contenttype`, `comments`, `updated`, `parameters`, `acls_updated`, `statustext`, `an_banner_id`, `as_banner_id`, `status`) VALUES(185, 'gif', 0, 'sql', '120x120.gif', '', '', '', 120, 120, 1, 0, '', 'http://www.wp.pl', '', '', '', '', 'f', 0, 0, 0x74727565, 0x48744d6c202d20, 0, 0, 0, 37, '', 0, '', '', '', '', '', '2007-11-20 15:14:41', 'N;', '2007-11-20 15:14:41', '', NULL, NULL, 0);
INSERT INTO `oa_ad_zone_assoc` (`ad_zone_assoc_id`, `zone_id`, `ad_id`, `priority`, `link_type`, `priority_factor`, `to_be_delivered`) VALUES(185, 37, 185, 0, 0, 1, 1);
INSERT INTO `oa_campaigns` (`campaignid`, `campaignname`, `clientid`, `views`, `clicks`, `conversions`, `expire`, `activate`, `priority`, `weight`, `target_impression`, `target_click`, `target_conversion`, `anonymous`, `companion`, `comments`, `revenue`, `revenue_type`, `updated`, `block`, `capping`, `session_capping`, `an_campaign_id`, `as_campaign_id`, `status`, `an_status`) VALUES(38, 'QA - Default Campaign38', 1, 1000, 1000, 1000, '0000-00-00', '0000-00-00', -1, 1, 0, 0, 0, 'f', 0, '', 1.0000, 2, '2007-11-20 16:09:08', 0, 0, 0, NULL, NULL, 0, 0);
INSERT INTO `oa_zones` (`zoneid`, `affiliateid`, `zonename`, `description`, `delivery`, `zonetype`, `what`, `width`, `height`, `chain`, `prepend`, `append`, `appendtype`, `category`, `ad_selection`, `forceappend`, `inventory_forecast_type`, `comments`, `cost`, `cost_type`, `cost_variable_id`, `technology_cost`, `technology_cost_type`, `updated`, `block`, `capping`, `session_capping`, `as_zone_id`) VALUES(38, 1, 'http://www.test1.org - Default', '', 0, 3, '', 120, 120, '', '', 0x5a6f6e65, 0, '', '', 'f', 0, '', 1.3333, 2, '', NULL, NULL, '2007-11-20 15:10:34', 0, 0, 0, NULL);
INSERT INTO `oa_placement_zone_assoc` (`placement_zone_assoc_id`, `zone_id`, `placement_id`) VALUES(38, 38, 38);

INSERT INTO `oa_banners` (`bannerid`, `contenttype`, `pluginversion`, `storagetype`, `filename`, `imageurl`, `htmltemplate`, `htmlcache`, `width`, `height`, `weight`, `seq`, `target`, `url`, `alt`, `keyword`, `bannertext`, `description`, `autohtml`, `block`, `capping`, `compiledlimitation`, `append`, `appendtype`, `bannertype`, `transparent`, `campaignid`, `adserver`, `session_capping`, `acl_plugins`, `alt_filename`, `alt_imageurl`, `alt_contenttype`, `comments`, `updated`, `parameters`, `acls_updated`, `statustext`, `an_banner_id`, `as_banner_id`, `status`) VALUES(186, 'gif', 0, 'sql', '120x120.gif', '', '', '', 120, 120, 1, 0, '', 'http://www.wp.pl', '', '', '', '', 'f', 0, 0, 0x74727565, 0x48744d6c202d20, 0, 0, 0, 38, '', 0, '', '', '', '', '', '2007-11-20 15:14:41', 'N;', '2007-11-20 15:14:41', '', NULL, NULL, 0);
INSERT INTO `oa_ad_zone_assoc` (`ad_zone_assoc_id`, `zone_id`, `ad_id`, `priority`, `link_type`, `priority_factor`, `to_be_delivered`) VALUES(186, 38, 186, 0, 0, 1, 1);
INSERT INTO `oa_banners` (`bannerid`, `contenttype`, `pluginversion`, `storagetype`, `filename`, `imageurl`, `htmltemplate`, `htmlcache`, `width`, `height`, `weight`, `seq`, `target`, `url`, `alt`, `keyword`, `bannertext`, `description`, `autohtml`, `block`, `capping`, `compiledlimitation`, `append`, `appendtype`, `bannertype`, `transparent`, `campaignid`, `adserver`, `session_capping`, `acl_plugins`, `alt_filename`, `alt_imageurl`, `alt_contenttype`, `comments`, `updated`, `parameters`, `acls_updated`, `statustext`, `an_banner_id`, `as_banner_id`, `status`) VALUES(187, 'gif', 0, 'sql', '120x120.gif', '', '', '', 120, 120, 1, 0, '', 'http://www.wp.pl', '', '', '', '', 'f', 0, 0, 0x74727565, 0x48744d6c202d20, 0, 0, 0, 38, '', 0, '', '', '', '', '', '2007-11-20 15:14:41', 'N;', '2007-11-20 15:14:41', '', NULL, NULL, 0);
INSERT INTO `oa_ad_zone_assoc` (`ad_zone_assoc_id`, `zone_id`, `ad_id`, `priority`, `link_type`, `priority_factor`, `to_be_delivered`) VALUES(187, 38, 187, 0, 0, 1, 1);
INSERT INTO `oa_banners` (`bannerid`, `contenttype`, `pluginversion`, `storagetype`, `filename`, `imageurl`, `htmltemplate`, `htmlcache`, `width`, `height`, `weight`, `seq`, `target`, `url`, `alt`, `keyword`, `bannertext`, `description`, `autohtml`, `block`, `capping`, `compiledlimitation`, `append`, `appendtype`, `bannertype`, `transparent`, `campaignid`, `adserver`, `session_capping`, `acl_plugins`, `alt_filename`, `alt_imageurl`, `alt_contenttype`, `comments`, `updated`, `parameters`, `acls_updated`, `statustext`, `an_banner_id`, `as_banner_id`, `status`) VALUES(188, 'gif', 0, 'sql', '120x120.gif', '', '', '', 120, 120, 1, 0, '', 'http://www.wp.pl', '', '', '', '', 'f', 0, 0, 0x74727565, 0x48744d6c202d20, 0, 0, 0, 38, '', 0, '', '', '', '', '', '2007-11-20 15:14:41', 'N;', '2007-11-20 15:14:41', '', NULL, NULL, 0);
INSERT INTO `oa_ad_zone_assoc` (`ad_zone_assoc_id`, `zone_id`, `ad_id`, `priority`, `link_type`, `priority_factor`, `to_be_delivered`) VALUES(188, 38, 188, 0, 0, 1, 1);
INSERT INTO `oa_banners` (`bannerid`, `contenttype`, `pluginversion`, `storagetype`, `filename`, `imageurl`, `htmltemplate`, `htmlcache`, `width`, `height`, `weight`, `seq`, `target`, `url`, `alt`, `keyword`, `bannertext`, `description`, `autohtml`, `block`, `capping`, `compiledlimitation`, `append`, `appendtype`, `bannertype`, `transparent`, `campaignid`, `adserver`, `session_capping`, `acl_plugins`, `alt_filename`, `alt_imageurl`, `alt_contenttype`, `comments`, `updated`, `parameters`, `acls_updated`, `statustext`, `an_banner_id`, `as_banner_id`, `status`) VALUES(189, 'gif', 0, 'sql', '120x120.gif', '', '', '', 120, 120, 1, 0, '', 'http://www.wp.pl', '', '', '', '', 'f', 0, 0, 0x74727565, 0x48744d6c202d20, 0, 0, 0, 38, '', 0, '', '', '', '', '', '2007-11-20 15:14:41', 'N;', '2007-11-20 15:14:41', '', NULL, NULL, 0);
INSERT INTO `oa_ad_zone_assoc` (`ad_zone_assoc_id`, `zone_id`, `ad_id`, `priority`, `link_type`, `priority_factor`, `to_be_delivered`) VALUES(189, 38, 189, 0, 0, 1, 1);
INSERT INTO `oa_banners` (`bannerid`, `contenttype`, `pluginversion`, `storagetype`, `filename`, `imageurl`, `htmltemplate`, `htmlcache`, `width`, `height`, `weight`, `seq`, `target`, `url`, `alt`, `keyword`, `bannertext`, `description`, `autohtml`, `block`, `capping`, `compiledlimitation`, `append`, `appendtype`, `bannertype`, `transparent`, `campaignid`, `adserver`, `session_capping`, `acl_plugins`, `alt_filename`, `alt_imageurl`, `alt_contenttype`, `comments`, `updated`, `parameters`, `acls_updated`, `statustext`, `an_banner_id`, `as_banner_id`, `status`) VALUES(190, 'gif', 0, 'sql', '120x120.gif', '', '', '', 120, 120, 1, 0, '', 'http://www.wp.pl', '', '', '', '', 'f', 0, 0, 0x74727565, 0x48744d6c202d20, 0, 0, 0, 38, '', 0, '', '', '', '', '', '2007-11-20 15:14:41', 'N;', '2007-11-20 15:14:41', '', NULL, NULL, 0);
INSERT INTO `oa_ad_zone_assoc` (`ad_zone_assoc_id`, `zone_id`, `ad_id`, `priority`, `link_type`, `priority_factor`, `to_be_delivered`) VALUES(190, 38, 190, 0, 0, 1, 1);
INSERT INTO `oa_campaigns` (`campaignid`, `campaignname`, `clientid`, `views`, `clicks`, `conversions`, `expire`, `activate`, `priority`, `weight`, `target_impression`, `target_click`, `target_conversion`, `anonymous`, `companion`, `comments`, `revenue`, `revenue_type`, `updated`, `block`, `capping`, `session_capping`, `an_campaign_id`, `as_campaign_id`, `status`, `an_status`) VALUES(39, 'QA - Default Campaign39', 1, 1000, 1000, 1000, '0000-00-00', '0000-00-00', -1, 1, 0, 0, 0, 'f', 0, '', 1.0000, 2, '2007-11-20 16:09:08', 0, 0, 0, NULL, NULL, 0, 0);
INSERT INTO `oa_zones` (`zoneid`, `affiliateid`, `zonename`, `description`, `delivery`, `zonetype`, `what`, `width`, `height`, `chain`, `prepend`, `append`, `appendtype`, `category`, `ad_selection`, `forceappend`, `inventory_forecast_type`, `comments`, `cost`, `cost_type`, `cost_variable_id`, `technology_cost`, `technology_cost_type`, `updated`, `block`, `capping`, `session_capping`, `as_zone_id`) VALUES(39, 1, 'http://www.test1.org - Default', '', 0, 3, '', 120, 120, '', '', 0x5a6f6e65, 0, '', '', 'f', 0, '', 1.3333, 2, '', NULL, NULL, '2007-11-20 15:10:34', 0, 0, 0, NULL);
INSERT INTO `oa_placement_zone_assoc` (`placement_zone_assoc_id`, `zone_id`, `placement_id`) VALUES(39, 39, 39);

INSERT INTO `oa_banners` (`bannerid`, `contenttype`, `pluginversion`, `storagetype`, `filename`, `imageurl`, `htmltemplate`, `htmlcache`, `width`, `height`, `weight`, `seq`, `target`, `url`, `alt`, `keyword`, `bannertext`, `description`, `autohtml`, `block`, `capping`, `compiledlimitation`, `append`, `appendtype`, `bannertype`, `transparent`, `campaignid`, `adserver`, `session_capping`, `acl_plugins`, `alt_filename`, `alt_imageurl`, `alt_contenttype`, `comments`, `updated`, `parameters`, `acls_updated`, `statustext`, `an_banner_id`, `as_banner_id`, `status`) VALUES(191, 'gif', 0, 'sql', '120x120.gif', '', '', '', 120, 120, 1, 0, '', 'http://www.wp.pl', '', '', '', '', 'f', 0, 0, 0x74727565, 0x48744d6c202d20, 0, 0, 0, 39, '', 0, '', '', '', '', '', '2007-11-20 15:14:41', 'N;', '2007-11-20 15:14:41', '', NULL, NULL, 0);
INSERT INTO `oa_ad_zone_assoc` (`ad_zone_assoc_id`, `zone_id`, `ad_id`, `priority`, `link_type`, `priority_factor`, `to_be_delivered`) VALUES(191, 39, 191, 0, 0, 1, 1);
INSERT INTO `oa_banners` (`bannerid`, `contenttype`, `pluginversion`, `storagetype`, `filename`, `imageurl`, `htmltemplate`, `htmlcache`, `width`, `height`, `weight`, `seq`, `target`, `url`, `alt`, `keyword`, `bannertext`, `description`, `autohtml`, `block`, `capping`, `compiledlimitation`, `append`, `appendtype`, `bannertype`, `transparent`, `campaignid`, `adserver`, `session_capping`, `acl_plugins`, `alt_filename`, `alt_imageurl`, `alt_contenttype`, `comments`, `updated`, `parameters`, `acls_updated`, `statustext`, `an_banner_id`, `as_banner_id`, `status`) VALUES(192, 'gif', 0, 'sql', '120x120.gif', '', '', '', 120, 120, 1, 0, '', 'http://www.wp.pl', '', '', '', '', 'f', 0, 0, 0x74727565, 0x48744d6c202d20, 0, 0, 0, 39, '', 0, '', '', '', '', '', '2007-11-20 15:14:41', 'N;', '2007-11-20 15:14:41', '', NULL, NULL, 0);
INSERT INTO `oa_ad_zone_assoc` (`ad_zone_assoc_id`, `zone_id`, `ad_id`, `priority`, `link_type`, `priority_factor`, `to_be_delivered`) VALUES(192, 39, 192, 0, 0, 1, 1);
INSERT INTO `oa_banners` (`bannerid`, `contenttype`, `pluginversion`, `storagetype`, `filename`, `imageurl`, `htmltemplate`, `htmlcache`, `width`, `height`, `weight`, `seq`, `target`, `url`, `alt`, `keyword`, `bannertext`, `description`, `autohtml`, `block`, `capping`, `compiledlimitation`, `append`, `appendtype`, `bannertype`, `transparent`, `campaignid`, `adserver`, `session_capping`, `acl_plugins`, `alt_filename`, `alt_imageurl`, `alt_contenttype`, `comments`, `updated`, `parameters`, `acls_updated`, `statustext`, `an_banner_id`, `as_banner_id`, `status`) VALUES(193, 'gif', 0, 'sql', '120x120.gif', '', '', '', 120, 120, 1, 0, '', 'http://www.wp.pl', '', '', '', '', 'f', 0, 0, 0x74727565, 0x48744d6c202d20, 0, 0, 0, 39, '', 0, '', '', '', '', '', '2007-11-20 15:14:41', 'N;', '2007-11-20 15:14:41', '', NULL, NULL, 0);
INSERT INTO `oa_ad_zone_assoc` (`ad_zone_assoc_id`, `zone_id`, `ad_id`, `priority`, `link_type`, `priority_factor`, `to_be_delivered`) VALUES(193, 39, 193, 0, 0, 1, 1);
INSERT INTO `oa_banners` (`bannerid`, `contenttype`, `pluginversion`, `storagetype`, `filename`, `imageurl`, `htmltemplate`, `htmlcache`, `width`, `height`, `weight`, `seq`, `target`, `url`, `alt`, `keyword`, `bannertext`, `description`, `autohtml`, `block`, `capping`, `compiledlimitation`, `append`, `appendtype`, `bannertype`, `transparent`, `campaignid`, `adserver`, `session_capping`, `acl_plugins`, `alt_filename`, `alt_imageurl`, `alt_contenttype`, `comments`, `updated`, `parameters`, `acls_updated`, `statustext`, `an_banner_id`, `as_banner_id`, `status`) VALUES(194, 'gif', 0, 'sql', '120x120.gif', '', '', '', 120, 120, 1, 0, '', 'http://www.wp.pl', '', '', '', '', 'f', 0, 0, 0x74727565, 0x48744d6c202d20, 0, 0, 0, 39, '', 0, '', '', '', '', '', '2007-11-20 15:14:41', 'N;', '2007-11-20 15:14:41', '', NULL, NULL, 0);
INSERT INTO `oa_ad_zone_assoc` (`ad_zone_assoc_id`, `zone_id`, `ad_id`, `priority`, `link_type`, `priority_factor`, `to_be_delivered`) VALUES(194, 39, 194, 0, 0, 1, 1);
INSERT INTO `oa_banners` (`bannerid`, `contenttype`, `pluginversion`, `storagetype`, `filename`, `imageurl`, `htmltemplate`, `htmlcache`, `width`, `height`, `weight`, `seq`, `target`, `url`, `alt`, `keyword`, `bannertext`, `description`, `autohtml`, `block`, `capping`, `compiledlimitation`, `append`, `appendtype`, `bannertype`, `transparent`, `campaignid`, `adserver`, `session_capping`, `acl_plugins`, `alt_filename`, `alt_imageurl`, `alt_contenttype`, `comments`, `updated`, `parameters`, `acls_updated`, `statustext`, `an_banner_id`, `as_banner_id`, `status`) VALUES(195, 'gif', 0, 'sql', '120x120.gif', '', '', '', 120, 120, 1, 0, '', 'http://www.wp.pl', '', '', '', '', 'f', 0, 0, 0x74727565, 0x48744d6c202d20, 0, 0, 0, 39, '', 0, '', '', '', '', '', '2007-11-20 15:14:41', 'N;', '2007-11-20 15:14:41', '', NULL, NULL, 0);
INSERT INTO `oa_ad_zone_assoc` (`ad_zone_assoc_id`, `zone_id`, `ad_id`, `priority`, `link_type`, `priority_factor`, `to_be_delivered`) VALUES(195, 39, 195, 0, 0, 1, 1);
INSERT INTO `oa_campaigns` (`campaignid`, `campaignname`, `clientid`, `views`, `clicks`, `conversions`, `expire`, `activate`, `priority`, `weight`, `target_impression`, `target_click`, `target_conversion`, `anonymous`, `companion`, `comments`, `revenue`, `revenue_type`, `updated`, `block`, `capping`, `session_capping`, `an_campaign_id`, `as_campaign_id`, `status`, `an_status`) VALUES(40, 'QA - Default Campaign40', 1, 1000, 1000, 1000, '0000-00-00', '0000-00-00', -1, 1, 0, 0, 0, 'f', 0, '', 1.0000, 2, '2007-11-20 16:09:08', 0, 0, 0, NULL, NULL, 0, 0);
INSERT INTO `oa_zones` (`zoneid`, `affiliateid`, `zonename`, `description`, `delivery`, `zonetype`, `what`, `width`, `height`, `chain`, `prepend`, `append`, `appendtype`, `category`, `ad_selection`, `forceappend`, `inventory_forecast_type`, `comments`, `cost`, `cost_type`, `cost_variable_id`, `technology_cost`, `technology_cost_type`, `updated`, `block`, `capping`, `session_capping`, `as_zone_id`) VALUES(40, 1, 'http://www.test1.org - Default', '', 0, 3, '', 120, 120, '', '', 0x5a6f6e65, 0, '', '', 'f', 0, '', 1.3333, 2, '', NULL, NULL, '2007-11-20 15:10:34', 0, 0, 0, NULL);
INSERT INTO `oa_placement_zone_assoc` (`placement_zone_assoc_id`, `zone_id`, `placement_id`) VALUES(40, 40, 40);

INSERT INTO `oa_banners` (`bannerid`, `contenttype`, `pluginversion`, `storagetype`, `filename`, `imageurl`, `htmltemplate`, `htmlcache`, `width`, `height`, `weight`, `seq`, `target`, `url`, `alt`, `keyword`, `bannertext`, `description`, `autohtml`, `block`, `capping`, `compiledlimitation`, `append`, `appendtype`, `bannertype`, `transparent`, `campaignid`, `adserver`, `session_capping`, `acl_plugins`, `alt_filename`, `alt_imageurl`, `alt_contenttype`, `comments`, `updated`, `parameters`, `acls_updated`, `statustext`, `an_banner_id`, `as_banner_id`, `status`) VALUES(196, 'gif', 0, 'sql', '120x120.gif', '', '', '', 120, 120, 1, 0, '', 'http://www.wp.pl', '', '', '', '', 'f', 0, 0, 0x74727565, 0x48744d6c202d20, 0, 0, 0, 40, '', 0, '', '', '', '', '', '2007-11-20 15:14:41', 'N;', '2007-11-20 15:14:41', '', NULL, NULL, 0);
INSERT INTO `oa_ad_zone_assoc` (`ad_zone_assoc_id`, `zone_id`, `ad_id`, `priority`, `link_type`, `priority_factor`, `to_be_delivered`) VALUES(196, 40, 196, 0, 0, 1, 1);
INSERT INTO `oa_banners` (`bannerid`, `contenttype`, `pluginversion`, `storagetype`, `filename`, `imageurl`, `htmltemplate`, `htmlcache`, `width`, `height`, `weight`, `seq`, `target`, `url`, `alt`, `keyword`, `bannertext`, `description`, `autohtml`, `block`, `capping`, `compiledlimitation`, `append`, `appendtype`, `bannertype`, `transparent`, `campaignid`, `adserver`, `session_capping`, `acl_plugins`, `alt_filename`, `alt_imageurl`, `alt_contenttype`, `comments`, `updated`, `parameters`, `acls_updated`, `statustext`, `an_banner_id`, `as_banner_id`, `status`) VALUES(197, 'gif', 0, 'sql', '120x120.gif', '', '', '', 120, 120, 1, 0, '', 'http://www.wp.pl', '', '', '', '', 'f', 0, 0, 0x74727565, 0x48744d6c202d20, 0, 0, 0, 40, '', 0, '', '', '', '', '', '2007-11-20 15:14:41', 'N;', '2007-11-20 15:14:41', '', NULL, NULL, 0);
INSERT INTO `oa_ad_zone_assoc` (`ad_zone_assoc_id`, `zone_id`, `ad_id`, `priority`, `link_type`, `priority_factor`, `to_be_delivered`) VALUES(197, 40, 197, 0, 0, 1, 1);
INSERT INTO `oa_banners` (`bannerid`, `contenttype`, `pluginversion`, `storagetype`, `filename`, `imageurl`, `htmltemplate`, `htmlcache`, `width`, `height`, `weight`, `seq`, `target`, `url`, `alt`, `keyword`, `bannertext`, `description`, `autohtml`, `block`, `capping`, `compiledlimitation`, `append`, `appendtype`, `bannertype`, `transparent`, `campaignid`, `adserver`, `session_capping`, `acl_plugins`, `alt_filename`, `alt_imageurl`, `alt_contenttype`, `comments`, `updated`, `parameters`, `acls_updated`, `statustext`, `an_banner_id`, `as_banner_id`, `status`) VALUES(198, 'gif', 0, 'sql', '120x120.gif', '', '', '', 120, 120, 1, 0, '', 'http://www.wp.pl', '', '', '', '', 'f', 0, 0, 0x74727565, 0x48744d6c202d20, 0, 0, 0, 40, '', 0, '', '', '', '', '', '2007-11-20 15:14:41', 'N;', '2007-11-20 15:14:41', '', NULL, NULL, 0);
INSERT INTO `oa_ad_zone_assoc` (`ad_zone_assoc_id`, `zone_id`, `ad_id`, `priority`, `link_type`, `priority_factor`, `to_be_delivered`) VALUES(198, 40, 198, 0, 0, 1, 1);
INSERT INTO `oa_banners` (`bannerid`, `contenttype`, `pluginversion`, `storagetype`, `filename`, `imageurl`, `htmltemplate`, `htmlcache`, `width`, `height`, `weight`, `seq`, `target`, `url`, `alt`, `keyword`, `bannertext`, `description`, `autohtml`, `block`, `capping`, `compiledlimitation`, `append`, `appendtype`, `bannertype`, `transparent`, `campaignid`, `adserver`, `session_capping`, `acl_plugins`, `alt_filename`, `alt_imageurl`, `alt_contenttype`, `comments`, `updated`, `parameters`, `acls_updated`, `statustext`, `an_banner_id`, `as_banner_id`, `status`) VALUES(199, 'gif', 0, 'sql', '120x120.gif', '', '', '', 120, 120, 1, 0, '', 'http://www.wp.pl', '', '', '', '', 'f', 0, 0, 0x74727565, 0x48744d6c202d20, 0, 0, 0, 40, '', 0, '', '', '', '', '', '2007-11-20 15:14:41', 'N;', '2007-11-20 15:14:41', '', NULL, NULL, 0);
INSERT INTO `oa_ad_zone_assoc` (`ad_zone_assoc_id`, `zone_id`, `ad_id`, `priority`, `link_type`, `priority_factor`, `to_be_delivered`) VALUES(199, 40, 199, 0, 0, 1, 1);
INSERT INTO `oa_banners` (`bannerid`, `contenttype`, `pluginversion`, `storagetype`, `filename`, `imageurl`, `htmltemplate`, `htmlcache`, `width`, `height`, `weight`, `seq`, `target`, `url`, `alt`, `keyword`, `bannertext`, `description`, `autohtml`, `block`, `capping`, `compiledlimitation`, `append`, `appendtype`, `bannertype`, `transparent`, `campaignid`, `adserver`, `session_capping`, `acl_plugins`, `alt_filename`, `alt_imageurl`, `alt_contenttype`, `comments`, `updated`, `parameters`, `acls_updated`, `statustext`, `an_banner_id`, `as_banner_id`, `status`) VALUES(200, 'gif', 0, 'sql', '120x120.gif', '', '', '', 120, 120, 1, 0, '', 'http://www.wp.pl', '', '', '', '', 'f', 0, 0, 0x74727565, 0x48744d6c202d20, 0, 0, 0, 40, '', 0, '', '', '', '', '', '2007-11-20 15:14:41', 'N;', '2007-11-20 15:14:41', '', NULL, NULL, 0);
INSERT INTO `oa_ad_zone_assoc` (`ad_zone_assoc_id`, `zone_id`, `ad_id`, `priority`, `link_type`, `priority_factor`, `to_be_delivered`) VALUES(200, 40, 200, 0, 0, 1, 1);
INSERT INTO `oa_campaigns` (`campaignid`, `campaignname`, `clientid`, `views`, `clicks`, `conversions`, `expire`, `activate`, `priority`, `weight`, `target_impression`, `target_click`, `target_conversion`, `anonymous`, `companion`, `comments`, `revenue`, `revenue_type`, `updated`, `block`, `capping`, `session_capping`, `an_campaign_id`, `as_campaign_id`, `status`, `an_status`) VALUES(41, 'QA - Default Campaign41', 1, 1000, 1000, 1000, '0000-00-00', '0000-00-00', -1, 1, 0, 0, 0, 'f', 0, '', 1.0000, 2, '2007-11-20 16:09:08', 0, 0, 0, NULL, NULL, 0, 0);
INSERT INTO `oa_zones` (`zoneid`, `affiliateid`, `zonename`, `description`, `delivery`, `zonetype`, `what`, `width`, `height`, `chain`, `prepend`, `append`, `appendtype`, `category`, `ad_selection`, `forceappend`, `inventory_forecast_type`, `comments`, `cost`, `cost_type`, `cost_variable_id`, `technology_cost`, `technology_cost_type`, `updated`, `block`, `capping`, `session_capping`, `as_zone_id`) VALUES(41, 1, 'http://www.test1.org - Default', '', 0, 3, '', 120, 120, '', '', 0x5a6f6e65, 0, '', '', 'f', 0, '', 1.3333, 2, '', NULL, NULL, '2007-11-20 15:10:34', 0, 0, 0, NULL);
INSERT INTO `oa_placement_zone_assoc` (`placement_zone_assoc_id`, `zone_id`, `placement_id`) VALUES(41, 41, 41);

INSERT INTO `oa_banners` (`bannerid`, `contenttype`, `pluginversion`, `storagetype`, `filename`, `imageurl`, `htmltemplate`, `htmlcache`, `width`, `height`, `weight`, `seq`, `target`, `url`, `alt`, `keyword`, `bannertext`, `description`, `autohtml`, `block`, `capping`, `compiledlimitation`, `append`, `appendtype`, `bannertype`, `transparent`, `campaignid`, `adserver`, `session_capping`, `acl_plugins`, `alt_filename`, `alt_imageurl`, `alt_contenttype`, `comments`, `updated`, `parameters`, `acls_updated`, `statustext`, `an_banner_id`, `as_banner_id`, `status`) VALUES(201, 'gif', 0, 'sql', '120x120.gif', '', '', '', 120, 120, 1, 0, '', 'http://www.wp.pl', '', '', '', '', 'f', 0, 0, 0x74727565, 0x48744d6c202d20, 0, 0, 0, 41, '', 0, '', '', '', '', '', '2007-11-20 15:14:41', 'N;', '2007-11-20 15:14:41', '', NULL, NULL, 0);
INSERT INTO `oa_ad_zone_assoc` (`ad_zone_assoc_id`, `zone_id`, `ad_id`, `priority`, `link_type`, `priority_factor`, `to_be_delivered`) VALUES(201, 41, 201, 0, 0, 1, 1);
INSERT INTO `oa_banners` (`bannerid`, `contenttype`, `pluginversion`, `storagetype`, `filename`, `imageurl`, `htmltemplate`, `htmlcache`, `width`, `height`, `weight`, `seq`, `target`, `url`, `alt`, `keyword`, `bannertext`, `description`, `autohtml`, `block`, `capping`, `compiledlimitation`, `append`, `appendtype`, `bannertype`, `transparent`, `campaignid`, `adserver`, `session_capping`, `acl_plugins`, `alt_filename`, `alt_imageurl`, `alt_contenttype`, `comments`, `updated`, `parameters`, `acls_updated`, `statustext`, `an_banner_id`, `as_banner_id`, `status`) VALUES(202, 'gif', 0, 'sql', '120x120.gif', '', '', '', 120, 120, 1, 0, '', 'http://www.wp.pl', '', '', '', '', 'f', 0, 0, 0x74727565, 0x48744d6c202d20, 0, 0, 0, 41, '', 0, '', '', '', '', '', '2007-11-20 15:14:41', 'N;', '2007-11-20 15:14:41', '', NULL, NULL, 0);
INSERT INTO `oa_ad_zone_assoc` (`ad_zone_assoc_id`, `zone_id`, `ad_id`, `priority`, `link_type`, `priority_factor`, `to_be_delivered`) VALUES(202, 41, 202, 0, 0, 1, 1);
INSERT INTO `oa_banners` (`bannerid`, `contenttype`, `pluginversion`, `storagetype`, `filename`, `imageurl`, `htmltemplate`, `htmlcache`, `width`, `height`, `weight`, `seq`, `target`, `url`, `alt`, `keyword`, `bannertext`, `description`, `autohtml`, `block`, `capping`, `compiledlimitation`, `append`, `appendtype`, `bannertype`, `transparent`, `campaignid`, `adserver`, `session_capping`, `acl_plugins`, `alt_filename`, `alt_imageurl`, `alt_contenttype`, `comments`, `updated`, `parameters`, `acls_updated`, `statustext`, `an_banner_id`, `as_banner_id`, `status`) VALUES(203, 'gif', 0, 'sql', '120x120.gif', '', '', '', 120, 120, 1, 0, '', 'http://www.wp.pl', '', '', '', '', 'f', 0, 0, 0x74727565, 0x48744d6c202d20, 0, 0, 0, 41, '', 0, '', '', '', '', '', '2007-11-20 15:14:41', 'N;', '2007-11-20 15:14:41', '', NULL, NULL, 0);
INSERT INTO `oa_ad_zone_assoc` (`ad_zone_assoc_id`, `zone_id`, `ad_id`, `priority`, `link_type`, `priority_factor`, `to_be_delivered`) VALUES(203, 41, 203, 0, 0, 1, 1);
INSERT INTO `oa_banners` (`bannerid`, `contenttype`, `pluginversion`, `storagetype`, `filename`, `imageurl`, `htmltemplate`, `htmlcache`, `width`, `height`, `weight`, `seq`, `target`, `url`, `alt`, `keyword`, `bannertext`, `description`, `autohtml`, `block`, `capping`, `compiledlimitation`, `append`, `appendtype`, `bannertype`, `transparent`, `campaignid`, `adserver`, `session_capping`, `acl_plugins`, `alt_filename`, `alt_imageurl`, `alt_contenttype`, `comments`, `updated`, `parameters`, `acls_updated`, `statustext`, `an_banner_id`, `as_banner_id`, `status`) VALUES(204, 'gif', 0, 'sql', '120x120.gif', '', '', '', 120, 120, 1, 0, '', 'http://www.wp.pl', '', '', '', '', 'f', 0, 0, 0x74727565, 0x48744d6c202d20, 0, 0, 0, 41, '', 0, '', '', '', '', '', '2007-11-20 15:14:41', 'N;', '2007-11-20 15:14:41', '', NULL, NULL, 0);
INSERT INTO `oa_ad_zone_assoc` (`ad_zone_assoc_id`, `zone_id`, `ad_id`, `priority`, `link_type`, `priority_factor`, `to_be_delivered`) VALUES(204, 41, 204, 0, 0, 1, 1);
INSERT INTO `oa_banners` (`bannerid`, `contenttype`, `pluginversion`, `storagetype`, `filename`, `imageurl`, `htmltemplate`, `htmlcache`, `width`, `height`, `weight`, `seq`, `target`, `url`, `alt`, `keyword`, `bannertext`, `description`, `autohtml`, `block`, `capping`, `compiledlimitation`, `append`, `appendtype`, `bannertype`, `transparent`, `campaignid`, `adserver`, `session_capping`, `acl_plugins`, `alt_filename`, `alt_imageurl`, `alt_contenttype`, `comments`, `updated`, `parameters`, `acls_updated`, `statustext`, `an_banner_id`, `as_banner_id`, `status`) VALUES(205, 'gif', 0, 'sql', '120x120.gif', '', '', '', 120, 120, 1, 0, '', 'http://www.wp.pl', '', '', '', '', 'f', 0, 0, 0x74727565, 0x48744d6c202d20, 0, 0, 0, 41, '', 0, '', '', '', '', '', '2007-11-20 15:14:41', 'N;', '2007-11-20 15:14:41', '', NULL, NULL, 0);
INSERT INTO `oa_ad_zone_assoc` (`ad_zone_assoc_id`, `zone_id`, `ad_id`, `priority`, `link_type`, `priority_factor`, `to_be_delivered`) VALUES(205, 41, 205, 0, 0, 1, 1);
INSERT INTO `oa_campaigns` (`campaignid`, `campaignname`, `clientid`, `views`, `clicks`, `conversions`, `expire`, `activate`, `priority`, `weight`, `target_impression`, `target_click`, `target_conversion`, `anonymous`, `companion`, `comments`, `revenue`, `revenue_type`, `updated`, `block`, `capping`, `session_capping`, `an_campaign_id`, `as_campaign_id`, `status`, `an_status`) VALUES(42, 'QA - Default Campaign42', 1, 1000, 1000, 1000, '0000-00-00', '0000-00-00', -1, 1, 0, 0, 0, 'f', 0, '', 1.0000, 2, '2007-11-20 16:09:08', 0, 0, 0, NULL, NULL, 0, 0);
INSERT INTO `oa_zones` (`zoneid`, `affiliateid`, `zonename`, `description`, `delivery`, `zonetype`, `what`, `width`, `height`, `chain`, `prepend`, `append`, `appendtype`, `category`, `ad_selection`, `forceappend`, `inventory_forecast_type`, `comments`, `cost`, `cost_type`, `cost_variable_id`, `technology_cost`, `technology_cost_type`, `updated`, `block`, `capping`, `session_capping`, `as_zone_id`) VALUES(42, 1, 'http://www.test1.org - Default', '', 0, 3, '', 120, 120, '', '', 0x5a6f6e65, 0, '', '', 'f', 0, '', 1.3333, 2, '', NULL, NULL, '2007-11-20 15:10:34', 0, 0, 0, NULL);
INSERT INTO `oa_placement_zone_assoc` (`placement_zone_assoc_id`, `zone_id`, `placement_id`) VALUES(42, 42, 42);

INSERT INTO `oa_banners` (`bannerid`, `contenttype`, `pluginversion`, `storagetype`, `filename`, `imageurl`, `htmltemplate`, `htmlcache`, `width`, `height`, `weight`, `seq`, `target`, `url`, `alt`, `keyword`, `bannertext`, `description`, `autohtml`, `block`, `capping`, `compiledlimitation`, `append`, `appendtype`, `bannertype`, `transparent`, `campaignid`, `adserver`, `session_capping`, `acl_plugins`, `alt_filename`, `alt_imageurl`, `alt_contenttype`, `comments`, `updated`, `parameters`, `acls_updated`, `statustext`, `an_banner_id`, `as_banner_id`, `status`) VALUES(206, 'gif', 0, 'sql', '120x120.gif', '', '', '', 120, 120, 1, 0, '', 'http://www.wp.pl', '', '', '', '', 'f', 0, 0, 0x74727565, 0x48744d6c202d20, 0, 0, 0, 42, '', 0, '', '', '', '', '', '2007-11-20 15:14:41', 'N;', '2007-11-20 15:14:41', '', NULL, NULL, 0);
INSERT INTO `oa_ad_zone_assoc` (`ad_zone_assoc_id`, `zone_id`, `ad_id`, `priority`, `link_type`, `priority_factor`, `to_be_delivered`) VALUES(206, 42, 206, 0, 0, 1, 1);
INSERT INTO `oa_banners` (`bannerid`, `contenttype`, `pluginversion`, `storagetype`, `filename`, `imageurl`, `htmltemplate`, `htmlcache`, `width`, `height`, `weight`, `seq`, `target`, `url`, `alt`, `keyword`, `bannertext`, `description`, `autohtml`, `block`, `capping`, `compiledlimitation`, `append`, `appendtype`, `bannertype`, `transparent`, `campaignid`, `adserver`, `session_capping`, `acl_plugins`, `alt_filename`, `alt_imageurl`, `alt_contenttype`, `comments`, `updated`, `parameters`, `acls_updated`, `statustext`, `an_banner_id`, `as_banner_id`, `status`) VALUES(207, 'gif', 0, 'sql', '120x120.gif', '', '', '', 120, 120, 1, 0, '', 'http://www.wp.pl', '', '', '', '', 'f', 0, 0, 0x74727565, 0x48744d6c202d20, 0, 0, 0, 42, '', 0, '', '', '', '', '', '2007-11-20 15:14:41', 'N;', '2007-11-20 15:14:41', '', NULL, NULL, 0);
INSERT INTO `oa_ad_zone_assoc` (`ad_zone_assoc_id`, `zone_id`, `ad_id`, `priority`, `link_type`, `priority_factor`, `to_be_delivered`) VALUES(207, 42, 207, 0, 0, 1, 1);
INSERT INTO `oa_banners` (`bannerid`, `contenttype`, `pluginversion`, `storagetype`, `filename`, `imageurl`, `htmltemplate`, `htmlcache`, `width`, `height`, `weight`, `seq`, `target`, `url`, `alt`, `keyword`, `bannertext`, `description`, `autohtml`, `block`, `capping`, `compiledlimitation`, `append`, `appendtype`, `bannertype`, `transparent`, `campaignid`, `adserver`, `session_capping`, `acl_plugins`, `alt_filename`, `alt_imageurl`, `alt_contenttype`, `comments`, `updated`, `parameters`, `acls_updated`, `statustext`, `an_banner_id`, `as_banner_id`, `status`) VALUES(208, 'gif', 0, 'sql', '120x120.gif', '', '', '', 120, 120, 1, 0, '', 'http://www.wp.pl', '', '', '', '', 'f', 0, 0, 0x74727565, 0x48744d6c202d20, 0, 0, 0, 42, '', 0, '', '', '', '', '', '2007-11-20 15:14:41', 'N;', '2007-11-20 15:14:41', '', NULL, NULL, 0);
INSERT INTO `oa_ad_zone_assoc` (`ad_zone_assoc_id`, `zone_id`, `ad_id`, `priority`, `link_type`, `priority_factor`, `to_be_delivered`) VALUES(208, 42, 208, 0, 0, 1, 1);
INSERT INTO `oa_banners` (`bannerid`, `contenttype`, `pluginversion`, `storagetype`, `filename`, `imageurl`, `htmltemplate`, `htmlcache`, `width`, `height`, `weight`, `seq`, `target`, `url`, `alt`, `keyword`, `bannertext`, `description`, `autohtml`, `block`, `capping`, `compiledlimitation`, `append`, `appendtype`, `bannertype`, `transparent`, `campaignid`, `adserver`, `session_capping`, `acl_plugins`, `alt_filename`, `alt_imageurl`, `alt_contenttype`, `comments`, `updated`, `parameters`, `acls_updated`, `statustext`, `an_banner_id`, `as_banner_id`, `status`) VALUES(209, 'gif', 0, 'sql', '120x120.gif', '', '', '', 120, 120, 1, 0, '', 'http://www.wp.pl', '', '', '', '', 'f', 0, 0, 0x74727565, 0x48744d6c202d20, 0, 0, 0, 42, '', 0, '', '', '', '', '', '2007-11-20 15:14:41', 'N;', '2007-11-20 15:14:41', '', NULL, NULL, 0);
INSERT INTO `oa_ad_zone_assoc` (`ad_zone_assoc_id`, `zone_id`, `ad_id`, `priority`, `link_type`, `priority_factor`, `to_be_delivered`) VALUES(209, 42, 209, 0, 0, 1, 1);
INSERT INTO `oa_banners` (`bannerid`, `contenttype`, `pluginversion`, `storagetype`, `filename`, `imageurl`, `htmltemplate`, `htmlcache`, `width`, `height`, `weight`, `seq`, `target`, `url`, `alt`, `keyword`, `bannertext`, `description`, `autohtml`, `block`, `capping`, `compiledlimitation`, `append`, `appendtype`, `bannertype`, `transparent`, `campaignid`, `adserver`, `session_capping`, `acl_plugins`, `alt_filename`, `alt_imageurl`, `alt_contenttype`, `comments`, `updated`, `parameters`, `acls_updated`, `statustext`, `an_banner_id`, `as_banner_id`, `status`) VALUES(210, 'gif', 0, 'sql', '120x120.gif', '', '', '', 120, 120, 1, 0, '', 'http://www.wp.pl', '', '', '', '', 'f', 0, 0, 0x74727565, 0x48744d6c202d20, 0, 0, 0, 42, '', 0, '', '', '', '', '', '2007-11-20 15:14:41', 'N;', '2007-11-20 15:14:41', '', NULL, NULL, 0);
INSERT INTO `oa_ad_zone_assoc` (`ad_zone_assoc_id`, `zone_id`, `ad_id`, `priority`, `link_type`, `priority_factor`, `to_be_delivered`) VALUES(210, 42, 210, 0, 0, 1, 1);
INSERT INTO `oa_campaigns` (`campaignid`, `campaignname`, `clientid`, `views`, `clicks`, `conversions`, `expire`, `activate`, `priority`, `weight`, `target_impression`, `target_click`, `target_conversion`, `anonymous`, `companion`, `comments`, `revenue`, `revenue_type`, `updated`, `block`, `capping`, `session_capping`, `an_campaign_id`, `as_campaign_id`, `status`, `an_status`) VALUES(43, 'QA - Default Campaign43', 1, 1000, 1000, 1000, '0000-00-00', '0000-00-00', -1, 1, 0, 0, 0, 'f', 0, '', 1.0000, 2, '2007-11-20 16:09:08', 0, 0, 0, NULL, NULL, 0, 0);
INSERT INTO `oa_zones` (`zoneid`, `affiliateid`, `zonename`, `description`, `delivery`, `zonetype`, `what`, `width`, `height`, `chain`, `prepend`, `append`, `appendtype`, `category`, `ad_selection`, `forceappend`, `inventory_forecast_type`, `comments`, `cost`, `cost_type`, `cost_variable_id`, `technology_cost`, `technology_cost_type`, `updated`, `block`, `capping`, `session_capping`, `as_zone_id`) VALUES(43, 1, 'http://www.test1.org - Default', '', 0, 3, '', 120, 120, '', '', 0x5a6f6e65, 0, '', '', 'f', 0, '', 1.3333, 2, '', NULL, NULL, '2007-11-20 15:10:34', 0, 0, 0, NULL);
INSERT INTO `oa_placement_zone_assoc` (`placement_zone_assoc_id`, `zone_id`, `placement_id`) VALUES(43, 43, 43);

INSERT INTO `oa_banners` (`bannerid`, `contenttype`, `pluginversion`, `storagetype`, `filename`, `imageurl`, `htmltemplate`, `htmlcache`, `width`, `height`, `weight`, `seq`, `target`, `url`, `alt`, `keyword`, `bannertext`, `description`, `autohtml`, `block`, `capping`, `compiledlimitation`, `append`, `appendtype`, `bannertype`, `transparent`, `campaignid`, `adserver`, `session_capping`, `acl_plugins`, `alt_filename`, `alt_imageurl`, `alt_contenttype`, `comments`, `updated`, `parameters`, `acls_updated`, `statustext`, `an_banner_id`, `as_banner_id`, `status`) VALUES(211, 'gif', 0, 'sql', '120x120.gif', '', '', '', 120, 120, 1, 0, '', 'http://www.wp.pl', '', '', '', '', 'f', 0, 0, 0x74727565, 0x48744d6c202d20, 0, 0, 0, 43, '', 0, '', '', '', '', '', '2007-11-20 15:14:41', 'N;', '2007-11-20 15:14:41', '', NULL, NULL, 0);
INSERT INTO `oa_ad_zone_assoc` (`ad_zone_assoc_id`, `zone_id`, `ad_id`, `priority`, `link_type`, `priority_factor`, `to_be_delivered`) VALUES(211, 43, 211, 0, 0, 1, 1);
INSERT INTO `oa_banners` (`bannerid`, `contenttype`, `pluginversion`, `storagetype`, `filename`, `imageurl`, `htmltemplate`, `htmlcache`, `width`, `height`, `weight`, `seq`, `target`, `url`, `alt`, `keyword`, `bannertext`, `description`, `autohtml`, `block`, `capping`, `compiledlimitation`, `append`, `appendtype`, `bannertype`, `transparent`, `campaignid`, `adserver`, `session_capping`, `acl_plugins`, `alt_filename`, `alt_imageurl`, `alt_contenttype`, `comments`, `updated`, `parameters`, `acls_updated`, `statustext`, `an_banner_id`, `as_banner_id`, `status`) VALUES(212, 'gif', 0, 'sql', '120x120.gif', '', '', '', 120, 120, 1, 0, '', 'http://www.wp.pl', '', '', '', '', 'f', 0, 0, 0x74727565, 0x48744d6c202d20, 0, 0, 0, 43, '', 0, '', '', '', '', '', '2007-11-20 15:14:41', 'N;', '2007-11-20 15:14:41', '', NULL, NULL, 0);
INSERT INTO `oa_ad_zone_assoc` (`ad_zone_assoc_id`, `zone_id`, `ad_id`, `priority`, `link_type`, `priority_factor`, `to_be_delivered`) VALUES(212, 43, 212, 0, 0, 1, 1);
INSERT INTO `oa_banners` (`bannerid`, `contenttype`, `pluginversion`, `storagetype`, `filename`, `imageurl`, `htmltemplate`, `htmlcache`, `width`, `height`, `weight`, `seq`, `target`, `url`, `alt`, `keyword`, `bannertext`, `description`, `autohtml`, `block`, `capping`, `compiledlimitation`, `append`, `appendtype`, `bannertype`, `transparent`, `campaignid`, `adserver`, `session_capping`, `acl_plugins`, `alt_filename`, `alt_imageurl`, `alt_contenttype`, `comments`, `updated`, `parameters`, `acls_updated`, `statustext`, `an_banner_id`, `as_banner_id`, `status`) VALUES(213, 'gif', 0, 'sql', '120x120.gif', '', '', '', 120, 120, 1, 0, '', 'http://www.wp.pl', '', '', '', '', 'f', 0, 0, 0x74727565, 0x48744d6c202d20, 0, 0, 0, 43, '', 0, '', '', '', '', '', '2007-11-20 15:14:41', 'N;', '2007-11-20 15:14:41', '', NULL, NULL, 0);
INSERT INTO `oa_ad_zone_assoc` (`ad_zone_assoc_id`, `zone_id`, `ad_id`, `priority`, `link_type`, `priority_factor`, `to_be_delivered`) VALUES(213, 43, 213, 0, 0, 1, 1);
INSERT INTO `oa_banners` (`bannerid`, `contenttype`, `pluginversion`, `storagetype`, `filename`, `imageurl`, `htmltemplate`, `htmlcache`, `width`, `height`, `weight`, `seq`, `target`, `url`, `alt`, `keyword`, `bannertext`, `description`, `autohtml`, `block`, `capping`, `compiledlimitation`, `append`, `appendtype`, `bannertype`, `transparent`, `campaignid`, `adserver`, `session_capping`, `acl_plugins`, `alt_filename`, `alt_imageurl`, `alt_contenttype`, `comments`, `updated`, `parameters`, `acls_updated`, `statustext`, `an_banner_id`, `as_banner_id`, `status`) VALUES(214, 'gif', 0, 'sql', '120x120.gif', '', '', '', 120, 120, 1, 0, '', 'http://www.wp.pl', '', '', '', '', 'f', 0, 0, 0x74727565, 0x48744d6c202d20, 0, 0, 0, 43, '', 0, '', '', '', '', '', '2007-11-20 15:14:41', 'N;', '2007-11-20 15:14:41', '', NULL, NULL, 0);
INSERT INTO `oa_ad_zone_assoc` (`ad_zone_assoc_id`, `zone_id`, `ad_id`, `priority`, `link_type`, `priority_factor`, `to_be_delivered`) VALUES(214, 43, 214, 0, 0, 1, 1);
INSERT INTO `oa_banners` (`bannerid`, `contenttype`, `pluginversion`, `storagetype`, `filename`, `imageurl`, `htmltemplate`, `htmlcache`, `width`, `height`, `weight`, `seq`, `target`, `url`, `alt`, `keyword`, `bannertext`, `description`, `autohtml`, `block`, `capping`, `compiledlimitation`, `append`, `appendtype`, `bannertype`, `transparent`, `campaignid`, `adserver`, `session_capping`, `acl_plugins`, `alt_filename`, `alt_imageurl`, `alt_contenttype`, `comments`, `updated`, `parameters`, `acls_updated`, `statustext`, `an_banner_id`, `as_banner_id`, `status`) VALUES(215, 'gif', 0, 'sql', '120x120.gif', '', '', '', 120, 120, 1, 0, '', 'http://www.wp.pl', '', '', '', '', 'f', 0, 0, 0x74727565, 0x48744d6c202d20, 0, 0, 0, 43, '', 0, '', '', '', '', '', '2007-11-20 15:14:41', 'N;', '2007-11-20 15:14:41', '', NULL, NULL, 0);
INSERT INTO `oa_ad_zone_assoc` (`ad_zone_assoc_id`, `zone_id`, `ad_id`, `priority`, `link_type`, `priority_factor`, `to_be_delivered`) VALUES(215, 43, 215, 0, 0, 1, 1);
INSERT INTO `oa_campaigns` (`campaignid`, `campaignname`, `clientid`, `views`, `clicks`, `conversions`, `expire`, `activate`, `priority`, `weight`, `target_impression`, `target_click`, `target_conversion`, `anonymous`, `companion`, `comments`, `revenue`, `revenue_type`, `updated`, `block`, `capping`, `session_capping`, `an_campaign_id`, `as_campaign_id`, `status`, `an_status`) VALUES(44, 'QA - Default Campaign44', 1, 1000, 1000, 1000, '0000-00-00', '0000-00-00', -1, 1, 0, 0, 0, 'f', 0, '', 1.0000, 2, '2007-11-20 16:09:08', 0, 0, 0, NULL, NULL, 0, 0);
INSERT INTO `oa_zones` (`zoneid`, `affiliateid`, `zonename`, `description`, `delivery`, `zonetype`, `what`, `width`, `height`, `chain`, `prepend`, `append`, `appendtype`, `category`, `ad_selection`, `forceappend`, `inventory_forecast_type`, `comments`, `cost`, `cost_type`, `cost_variable_id`, `technology_cost`, `technology_cost_type`, `updated`, `block`, `capping`, `session_capping`, `as_zone_id`) VALUES(44, 1, 'http://www.test1.org - Default', '', 0, 3, '', 120, 120, '', '', 0x5a6f6e65, 0, '', '', 'f', 0, '', 1.3333, 2, '', NULL, NULL, '2007-11-20 15:10:34', 0, 0, 0, NULL);
INSERT INTO `oa_placement_zone_assoc` (`placement_zone_assoc_id`, `zone_id`, `placement_id`) VALUES(44, 44, 44);

INSERT INTO `oa_banners` (`bannerid`, `contenttype`, `pluginversion`, `storagetype`, `filename`, `imageurl`, `htmltemplate`, `htmlcache`, `width`, `height`, `weight`, `seq`, `target`, `url`, `alt`, `keyword`, `bannertext`, `description`, `autohtml`, `block`, `capping`, `compiledlimitation`, `append`, `appendtype`, `bannertype`, `transparent`, `campaignid`, `adserver`, `session_capping`, `acl_plugins`, `alt_filename`, `alt_imageurl`, `alt_contenttype`, `comments`, `updated`, `parameters`, `acls_updated`, `statustext`, `an_banner_id`, `as_banner_id`, `status`) VALUES(216, 'gif', 0, 'sql', '120x120.gif', '', '', '', 120, 120, 1, 0, '', 'http://www.wp.pl', '', '', '', '', 'f', 0, 0, 0x74727565, 0x48744d6c202d20, 0, 0, 0, 44, '', 0, '', '', '', '', '', '2007-11-20 15:14:41', 'N;', '2007-11-20 15:14:41', '', NULL, NULL, 0);
INSERT INTO `oa_ad_zone_assoc` (`ad_zone_assoc_id`, `zone_id`, `ad_id`, `priority`, `link_type`, `priority_factor`, `to_be_delivered`) VALUES(216, 44, 216, 0, 0, 1, 1);
INSERT INTO `oa_banners` (`bannerid`, `contenttype`, `pluginversion`, `storagetype`, `filename`, `imageurl`, `htmltemplate`, `htmlcache`, `width`, `height`, `weight`, `seq`, `target`, `url`, `alt`, `keyword`, `bannertext`, `description`, `autohtml`, `block`, `capping`, `compiledlimitation`, `append`, `appendtype`, `bannertype`, `transparent`, `campaignid`, `adserver`, `session_capping`, `acl_plugins`, `alt_filename`, `alt_imageurl`, `alt_contenttype`, `comments`, `updated`, `parameters`, `acls_updated`, `statustext`, `an_banner_id`, `as_banner_id`, `status`) VALUES(217, 'gif', 0, 'sql', '120x120.gif', '', '', '', 120, 120, 1, 0, '', 'http://www.wp.pl', '', '', '', '', 'f', 0, 0, 0x74727565, 0x48744d6c202d20, 0, 0, 0, 44, '', 0, '', '', '', '', '', '2007-11-20 15:14:41', 'N;', '2007-11-20 15:14:41', '', NULL, NULL, 0);
INSERT INTO `oa_ad_zone_assoc` (`ad_zone_assoc_id`, `zone_id`, `ad_id`, `priority`, `link_type`, `priority_factor`, `to_be_delivered`) VALUES(217, 44, 217, 0, 0, 1, 1);
INSERT INTO `oa_banners` (`bannerid`, `contenttype`, `pluginversion`, `storagetype`, `filename`, `imageurl`, `htmltemplate`, `htmlcache`, `width`, `height`, `weight`, `seq`, `target`, `url`, `alt`, `keyword`, `bannertext`, `description`, `autohtml`, `block`, `capping`, `compiledlimitation`, `append`, `appendtype`, `bannertype`, `transparent`, `campaignid`, `adserver`, `session_capping`, `acl_plugins`, `alt_filename`, `alt_imageurl`, `alt_contenttype`, `comments`, `updated`, `parameters`, `acls_updated`, `statustext`, `an_banner_id`, `as_banner_id`, `status`) VALUES(218, 'gif', 0, 'sql', '120x120.gif', '', '', '', 120, 120, 1, 0, '', 'http://www.wp.pl', '', '', '', '', 'f', 0, 0, 0x74727565, 0x48744d6c202d20, 0, 0, 0, 44, '', 0, '', '', '', '', '', '2007-11-20 15:14:41', 'N;', '2007-11-20 15:14:41', '', NULL, NULL, 0);
INSERT INTO `oa_ad_zone_assoc` (`ad_zone_assoc_id`, `zone_id`, `ad_id`, `priority`, `link_type`, `priority_factor`, `to_be_delivered`) VALUES(218, 44, 218, 0, 0, 1, 1);
INSERT INTO `oa_banners` (`bannerid`, `contenttype`, `pluginversion`, `storagetype`, `filename`, `imageurl`, `htmltemplate`, `htmlcache`, `width`, `height`, `weight`, `seq`, `target`, `url`, `alt`, `keyword`, `bannertext`, `description`, `autohtml`, `block`, `capping`, `compiledlimitation`, `append`, `appendtype`, `bannertype`, `transparent`, `campaignid`, `adserver`, `session_capping`, `acl_plugins`, `alt_filename`, `alt_imageurl`, `alt_contenttype`, `comments`, `updated`, `parameters`, `acls_updated`, `statustext`, `an_banner_id`, `as_banner_id`, `status`) VALUES(219, 'gif', 0, 'sql', '120x120.gif', '', '', '', 120, 120, 1, 0, '', 'http://www.wp.pl', '', '', '', '', 'f', 0, 0, 0x74727565, 0x48744d6c202d20, 0, 0, 0, 44, '', 0, '', '', '', '', '', '2007-11-20 15:14:41', 'N;', '2007-11-20 15:14:41', '', NULL, NULL, 0);
INSERT INTO `oa_ad_zone_assoc` (`ad_zone_assoc_id`, `zone_id`, `ad_id`, `priority`, `link_type`, `priority_factor`, `to_be_delivered`) VALUES(219, 44, 219, 0, 0, 1, 1);
INSERT INTO `oa_banners` (`bannerid`, `contenttype`, `pluginversion`, `storagetype`, `filename`, `imageurl`, `htmltemplate`, `htmlcache`, `width`, `height`, `weight`, `seq`, `target`, `url`, `alt`, `keyword`, `bannertext`, `description`, `autohtml`, `block`, `capping`, `compiledlimitation`, `append`, `appendtype`, `bannertype`, `transparent`, `campaignid`, `adserver`, `session_capping`, `acl_plugins`, `alt_filename`, `alt_imageurl`, `alt_contenttype`, `comments`, `updated`, `parameters`, `acls_updated`, `statustext`, `an_banner_id`, `as_banner_id`, `status`) VALUES(220, 'gif', 0, 'sql', '120x120.gif', '', '', '', 120, 120, 1, 0, '', 'http://www.wp.pl', '', '', '', '', 'f', 0, 0, 0x74727565, 0x48744d6c202d20, 0, 0, 0, 44, '', 0, '', '', '', '', '', '2007-11-20 15:14:41', 'N;', '2007-11-20 15:14:41', '', NULL, NULL, 0);
INSERT INTO `oa_ad_zone_assoc` (`ad_zone_assoc_id`, `zone_id`, `ad_id`, `priority`, `link_type`, `priority_factor`, `to_be_delivered`) VALUES(220, 44, 220, 0, 0, 1, 1);
INSERT INTO `oa_campaigns` (`campaignid`, `campaignname`, `clientid`, `views`, `clicks`, `conversions`, `expire`, `activate`, `priority`, `weight`, `target_impression`, `target_click`, `target_conversion`, `anonymous`, `companion`, `comments`, `revenue`, `revenue_type`, `updated`, `block`, `capping`, `session_capping`, `an_campaign_id`, `as_campaign_id`, `status`, `an_status`) VALUES(45, 'QA - Default Campaign45', 1, 1000, 1000, 1000, '0000-00-00', '0000-00-00', -1, 1, 0, 0, 0, 'f', 0, '', 1.0000, 2, '2007-11-20 16:09:08', 0, 0, 0, NULL, NULL, 0, 0);
INSERT INTO `oa_zones` (`zoneid`, `affiliateid`, `zonename`, `description`, `delivery`, `zonetype`, `what`, `width`, `height`, `chain`, `prepend`, `append`, `appendtype`, `category`, `ad_selection`, `forceappend`, `inventory_forecast_type`, `comments`, `cost`, `cost_type`, `cost_variable_id`, `technology_cost`, `technology_cost_type`, `updated`, `block`, `capping`, `session_capping`, `as_zone_id`) VALUES(45, 1, 'http://www.test1.org - Default', '', 0, 3, '', 120, 120, '', '', 0x5a6f6e65, 0, '', '', 'f', 0, '', 1.3333, 2, '', NULL, NULL, '2007-11-20 15:10:34', 0, 0, 0, NULL);
INSERT INTO `oa_placement_zone_assoc` (`placement_zone_assoc_id`, `zone_id`, `placement_id`) VALUES(45, 45, 45);

INSERT INTO `oa_banners` (`bannerid`, `contenttype`, `pluginversion`, `storagetype`, `filename`, `imageurl`, `htmltemplate`, `htmlcache`, `width`, `height`, `weight`, `seq`, `target`, `url`, `alt`, `keyword`, `bannertext`, `description`, `autohtml`, `block`, `capping`, `compiledlimitation`, `append`, `appendtype`, `bannertype`, `transparent`, `campaignid`, `adserver`, `session_capping`, `acl_plugins`, `alt_filename`, `alt_imageurl`, `alt_contenttype`, `comments`, `updated`, `parameters`, `acls_updated`, `statustext`, `an_banner_id`, `as_banner_id`, `status`) VALUES(221, 'gif', 0, 'sql', '120x120.gif', '', '', '', 120, 120, 1, 0, '', 'http://www.wp.pl', '', '', '', '', 'f', 0, 0, 0x74727565, 0x48744d6c202d20, 0, 0, 0, 45, '', 0, '', '', '', '', '', '2007-11-20 15:14:41', 'N;', '2007-11-20 15:14:41', '', NULL, NULL, 0);
INSERT INTO `oa_ad_zone_assoc` (`ad_zone_assoc_id`, `zone_id`, `ad_id`, `priority`, `link_type`, `priority_factor`, `to_be_delivered`) VALUES(221, 45, 221, 0, 0, 1, 1);
INSERT INTO `oa_banners` (`bannerid`, `contenttype`, `pluginversion`, `storagetype`, `filename`, `imageurl`, `htmltemplate`, `htmlcache`, `width`, `height`, `weight`, `seq`, `target`, `url`, `alt`, `keyword`, `bannertext`, `description`, `autohtml`, `block`, `capping`, `compiledlimitation`, `append`, `appendtype`, `bannertype`, `transparent`, `campaignid`, `adserver`, `session_capping`, `acl_plugins`, `alt_filename`, `alt_imageurl`, `alt_contenttype`, `comments`, `updated`, `parameters`, `acls_updated`, `statustext`, `an_banner_id`, `as_banner_id`, `status`) VALUES(222, 'gif', 0, 'sql', '120x120.gif', '', '', '', 120, 120, 1, 0, '', 'http://www.wp.pl', '', '', '', '', 'f', 0, 0, 0x74727565, 0x48744d6c202d20, 0, 0, 0, 45, '', 0, '', '', '', '', '', '2007-11-20 15:14:41', 'N;', '2007-11-20 15:14:41', '', NULL, NULL, 0);
INSERT INTO `oa_ad_zone_assoc` (`ad_zone_assoc_id`, `zone_id`, `ad_id`, `priority`, `link_type`, `priority_factor`, `to_be_delivered`) VALUES(222, 45, 222, 0, 0, 1, 1);
INSERT INTO `oa_banners` (`bannerid`, `contenttype`, `pluginversion`, `storagetype`, `filename`, `imageurl`, `htmltemplate`, `htmlcache`, `width`, `height`, `weight`, `seq`, `target`, `url`, `alt`, `keyword`, `bannertext`, `description`, `autohtml`, `block`, `capping`, `compiledlimitation`, `append`, `appendtype`, `bannertype`, `transparent`, `campaignid`, `adserver`, `session_capping`, `acl_plugins`, `alt_filename`, `alt_imageurl`, `alt_contenttype`, `comments`, `updated`, `parameters`, `acls_updated`, `statustext`, `an_banner_id`, `as_banner_id`, `status`) VALUES(223, 'gif', 0, 'sql', '120x120.gif', '', '', '', 120, 120, 1, 0, '', 'http://www.wp.pl', '', '', '', '', 'f', 0, 0, 0x74727565, 0x48744d6c202d20, 0, 0, 0, 45, '', 0, '', '', '', '', '', '2007-11-20 15:14:41', 'N;', '2007-11-20 15:14:41', '', NULL, NULL, 0);
INSERT INTO `oa_ad_zone_assoc` (`ad_zone_assoc_id`, `zone_id`, `ad_id`, `priority`, `link_type`, `priority_factor`, `to_be_delivered`) VALUES(223, 45, 223, 0, 0, 1, 1);
INSERT INTO `oa_banners` (`bannerid`, `contenttype`, `pluginversion`, `storagetype`, `filename`, `imageurl`, `htmltemplate`, `htmlcache`, `width`, `height`, `weight`, `seq`, `target`, `url`, `alt`, `keyword`, `bannertext`, `description`, `autohtml`, `block`, `capping`, `compiledlimitation`, `append`, `appendtype`, `bannertype`, `transparent`, `campaignid`, `adserver`, `session_capping`, `acl_plugins`, `alt_filename`, `alt_imageurl`, `alt_contenttype`, `comments`, `updated`, `parameters`, `acls_updated`, `statustext`, `an_banner_id`, `as_banner_id`, `status`) VALUES(224, 'gif', 0, 'sql', '120x120.gif', '', '', '', 120, 120, 1, 0, '', 'http://www.wp.pl', '', '', '', '', 'f', 0, 0, 0x74727565, 0x48744d6c202d20, 0, 0, 0, 45, '', 0, '', '', '', '', '', '2007-11-20 15:14:41', 'N;', '2007-11-20 15:14:41', '', NULL, NULL, 0);
INSERT INTO `oa_ad_zone_assoc` (`ad_zone_assoc_id`, `zone_id`, `ad_id`, `priority`, `link_type`, `priority_factor`, `to_be_delivered`) VALUES(224, 45, 224, 0, 0, 1, 1);
INSERT INTO `oa_banners` (`bannerid`, `contenttype`, `pluginversion`, `storagetype`, `filename`, `imageurl`, `htmltemplate`, `htmlcache`, `width`, `height`, `weight`, `seq`, `target`, `url`, `alt`, `keyword`, `bannertext`, `description`, `autohtml`, `block`, `capping`, `compiledlimitation`, `append`, `appendtype`, `bannertype`, `transparent`, `campaignid`, `adserver`, `session_capping`, `acl_plugins`, `alt_filename`, `alt_imageurl`, `alt_contenttype`, `comments`, `updated`, `parameters`, `acls_updated`, `statustext`, `an_banner_id`, `as_banner_id`, `status`) VALUES(225, 'gif', 0, 'sql', '120x120.gif', '', '', '', 120, 120, 1, 0, '', 'http://www.wp.pl', '', '', '', '', 'f', 0, 0, 0x74727565, 0x48744d6c202d20, 0, 0, 0, 45, '', 0, '', '', '', '', '', '2007-11-20 15:14:41', 'N;', '2007-11-20 15:14:41', '', NULL, NULL, 0);
INSERT INTO `oa_ad_zone_assoc` (`ad_zone_assoc_id`, `zone_id`, `ad_id`, `priority`, `link_type`, `priority_factor`, `to_be_delivered`) VALUES(225, 45, 225, 0, 0, 1, 1);
INSERT INTO `oa_campaigns` (`campaignid`, `campaignname`, `clientid`, `views`, `clicks`, `conversions`, `expire`, `activate`, `priority`, `weight`, `target_impression`, `target_click`, `target_conversion`, `anonymous`, `companion`, `comments`, `revenue`, `revenue_type`, `updated`, `block`, `capping`, `session_capping`, `an_campaign_id`, `as_campaign_id`, `status`, `an_status`) VALUES(46, 'QA - Default Campaign46', 1, 1000, 1000, 1000, '0000-00-00', '0000-00-00', -1, 1, 0, 0, 0, 'f', 0, '', 1.0000, 2, '2007-11-20 16:09:08', 0, 0, 0, NULL, NULL, 0, 0);
INSERT INTO `oa_zones` (`zoneid`, `affiliateid`, `zonename`, `description`, `delivery`, `zonetype`, `what`, `width`, `height`, `chain`, `prepend`, `append`, `appendtype`, `category`, `ad_selection`, `forceappend`, `inventory_forecast_type`, `comments`, `cost`, `cost_type`, `cost_variable_id`, `technology_cost`, `technology_cost_type`, `updated`, `block`, `capping`, `session_capping`, `as_zone_id`) VALUES(46, 1, 'http://www.test1.org - Default', '', 0, 3, '', 120, 120, '', '', 0x5a6f6e65, 0, '', '', 'f', 0, '', 1.3333, 2, '', NULL, NULL, '2007-11-20 15:10:34', 0, 0, 0, NULL);
INSERT INTO `oa_placement_zone_assoc` (`placement_zone_assoc_id`, `zone_id`, `placement_id`) VALUES(46, 46, 46);

INSERT INTO `oa_banners` (`bannerid`, `contenttype`, `pluginversion`, `storagetype`, `filename`, `imageurl`, `htmltemplate`, `htmlcache`, `width`, `height`, `weight`, `seq`, `target`, `url`, `alt`, `keyword`, `bannertext`, `description`, `autohtml`, `block`, `capping`, `compiledlimitation`, `append`, `appendtype`, `bannertype`, `transparent`, `campaignid`, `adserver`, `session_capping`, `acl_plugins`, `alt_filename`, `alt_imageurl`, `alt_contenttype`, `comments`, `updated`, `parameters`, `acls_updated`, `statustext`, `an_banner_id`, `as_banner_id`, `status`) VALUES(226, 'gif', 0, 'sql', '120x120.gif', '', '', '', 120, 120, 1, 0, '', 'http://www.wp.pl', '', '', '', '', 'f', 0, 0, 0x74727565, 0x48744d6c202d20, 0, 0, 0, 46, '', 0, '', '', '', '', '', '2007-11-20 15:14:41', 'N;', '2007-11-20 15:14:41', '', NULL, NULL, 0);
INSERT INTO `oa_ad_zone_assoc` (`ad_zone_assoc_id`, `zone_id`, `ad_id`, `priority`, `link_type`, `priority_factor`, `to_be_delivered`) VALUES(226, 46, 226, 0, 0, 1, 1);
INSERT INTO `oa_banners` (`bannerid`, `contenttype`, `pluginversion`, `storagetype`, `filename`, `imageurl`, `htmltemplate`, `htmlcache`, `width`, `height`, `weight`, `seq`, `target`, `url`, `alt`, `keyword`, `bannertext`, `description`, `autohtml`, `block`, `capping`, `compiledlimitation`, `append`, `appendtype`, `bannertype`, `transparent`, `campaignid`, `adserver`, `session_capping`, `acl_plugins`, `alt_filename`, `alt_imageurl`, `alt_contenttype`, `comments`, `updated`, `parameters`, `acls_updated`, `statustext`, `an_banner_id`, `as_banner_id`, `status`) VALUES(227, 'gif', 0, 'sql', '120x120.gif', '', '', '', 120, 120, 1, 0, '', 'http://www.wp.pl', '', '', '', '', 'f', 0, 0, 0x74727565, 0x48744d6c202d20, 0, 0, 0, 46, '', 0, '', '', '', '', '', '2007-11-20 15:14:41', 'N;', '2007-11-20 15:14:41', '', NULL, NULL, 0);
INSERT INTO `oa_ad_zone_assoc` (`ad_zone_assoc_id`, `zone_id`, `ad_id`, `priority`, `link_type`, `priority_factor`, `to_be_delivered`) VALUES(227, 46, 227, 0, 0, 1, 1);
INSERT INTO `oa_banners` (`bannerid`, `contenttype`, `pluginversion`, `storagetype`, `filename`, `imageurl`, `htmltemplate`, `htmlcache`, `width`, `height`, `weight`, `seq`, `target`, `url`, `alt`, `keyword`, `bannertext`, `description`, `autohtml`, `block`, `capping`, `compiledlimitation`, `append`, `appendtype`, `bannertype`, `transparent`, `campaignid`, `adserver`, `session_capping`, `acl_plugins`, `alt_filename`, `alt_imageurl`, `alt_contenttype`, `comments`, `updated`, `parameters`, `acls_updated`, `statustext`, `an_banner_id`, `as_banner_id`, `status`) VALUES(228, 'gif', 0, 'sql', '120x120.gif', '', '', '', 120, 120, 1, 0, '', 'http://www.wp.pl', '', '', '', '', 'f', 0, 0, 0x74727565, 0x48744d6c202d20, 0, 0, 0, 46, '', 0, '', '', '', '', '', '2007-11-20 15:14:41', 'N;', '2007-11-20 15:14:41', '', NULL, NULL, 0);
INSERT INTO `oa_ad_zone_assoc` (`ad_zone_assoc_id`, `zone_id`, `ad_id`, `priority`, `link_type`, `priority_factor`, `to_be_delivered`) VALUES(228, 46, 228, 0, 0, 1, 1);
INSERT INTO `oa_banners` (`bannerid`, `contenttype`, `pluginversion`, `storagetype`, `filename`, `imageurl`, `htmltemplate`, `htmlcache`, `width`, `height`, `weight`, `seq`, `target`, `url`, `alt`, `keyword`, `bannertext`, `description`, `autohtml`, `block`, `capping`, `compiledlimitation`, `append`, `appendtype`, `bannertype`, `transparent`, `campaignid`, `adserver`, `session_capping`, `acl_plugins`, `alt_filename`, `alt_imageurl`, `alt_contenttype`, `comments`, `updated`, `parameters`, `acls_updated`, `statustext`, `an_banner_id`, `as_banner_id`, `status`) VALUES(229, 'gif', 0, 'sql', '120x120.gif', '', '', '', 120, 120, 1, 0, '', 'http://www.wp.pl', '', '', '', '', 'f', 0, 0, 0x74727565, 0x48744d6c202d20, 0, 0, 0, 46, '', 0, '', '', '', '', '', '2007-11-20 15:14:41', 'N;', '2007-11-20 15:14:41', '', NULL, NULL, 0);
INSERT INTO `oa_ad_zone_assoc` (`ad_zone_assoc_id`, `zone_id`, `ad_id`, `priority`, `link_type`, `priority_factor`, `to_be_delivered`) VALUES(229, 46, 229, 0, 0, 1, 1);
INSERT INTO `oa_banners` (`bannerid`, `contenttype`, `pluginversion`, `storagetype`, `filename`, `imageurl`, `htmltemplate`, `htmlcache`, `width`, `height`, `weight`, `seq`, `target`, `url`, `alt`, `keyword`, `bannertext`, `description`, `autohtml`, `block`, `capping`, `compiledlimitation`, `append`, `appendtype`, `bannertype`, `transparent`, `campaignid`, `adserver`, `session_capping`, `acl_plugins`, `alt_filename`, `alt_imageurl`, `alt_contenttype`, `comments`, `updated`, `parameters`, `acls_updated`, `statustext`, `an_banner_id`, `as_banner_id`, `status`) VALUES(230, 'gif', 0, 'sql', '120x120.gif', '', '', '', 120, 120, 1, 0, '', 'http://www.wp.pl', '', '', '', '', 'f', 0, 0, 0x74727565, 0x48744d6c202d20, 0, 0, 0, 46, '', 0, '', '', '', '', '', '2007-11-20 15:14:41', 'N;', '2007-11-20 15:14:41', '', NULL, NULL, 0);
INSERT INTO `oa_ad_zone_assoc` (`ad_zone_assoc_id`, `zone_id`, `ad_id`, `priority`, `link_type`, `priority_factor`, `to_be_delivered`) VALUES(230, 46, 230, 0, 0, 1, 1);
INSERT INTO `oa_campaigns` (`campaignid`, `campaignname`, `clientid`, `views`, `clicks`, `conversions`, `expire`, `activate`, `priority`, `weight`, `target_impression`, `target_click`, `target_conversion`, `anonymous`, `companion`, `comments`, `revenue`, `revenue_type`, `updated`, `block`, `capping`, `session_capping`, `an_campaign_id`, `as_campaign_id`, `status`, `an_status`) VALUES(47, 'QA - Default Campaign47', 1, 1000, 1000, 1000, '0000-00-00', '0000-00-00', -1, 1, 0, 0, 0, 'f', 0, '', 1.0000, 2, '2007-11-20 16:09:08', 0, 0, 0, NULL, NULL, 0, 0);
INSERT INTO `oa_zones` (`zoneid`, `affiliateid`, `zonename`, `description`, `delivery`, `zonetype`, `what`, `width`, `height`, `chain`, `prepend`, `append`, `appendtype`, `category`, `ad_selection`, `forceappend`, `inventory_forecast_type`, `comments`, `cost`, `cost_type`, `cost_variable_id`, `technology_cost`, `technology_cost_type`, `updated`, `block`, `capping`, `session_capping`, `as_zone_id`) VALUES(47, 1, 'http://www.test1.org - Default', '', 0, 3, '', 120, 120, '', '', 0x5a6f6e65, 0, '', '', 'f', 0, '', 1.3333, 2, '', NULL, NULL, '2007-11-20 15:10:34', 0, 0, 0, NULL);
INSERT INTO `oa_placement_zone_assoc` (`placement_zone_assoc_id`, `zone_id`, `placement_id`) VALUES(47, 47, 47);

INSERT INTO `oa_banners` (`bannerid`, `contenttype`, `pluginversion`, `storagetype`, `filename`, `imageurl`, `htmltemplate`, `htmlcache`, `width`, `height`, `weight`, `seq`, `target`, `url`, `alt`, `keyword`, `bannertext`, `description`, `autohtml`, `block`, `capping`, `compiledlimitation`, `append`, `appendtype`, `bannertype`, `transparent`, `campaignid`, `adserver`, `session_capping`, `acl_plugins`, `alt_filename`, `alt_imageurl`, `alt_contenttype`, `comments`, `updated`, `parameters`, `acls_updated`, `statustext`, `an_banner_id`, `as_banner_id`, `status`) VALUES(231, 'gif', 0, 'sql', '120x120.gif', '', '', '', 120, 120, 1, 0, '', 'http://www.wp.pl', '', '', '', '', 'f', 0, 0, 0x74727565, 0x48744d6c202d20, 0, 0, 0, 47, '', 0, '', '', '', '', '', '2007-11-20 15:14:41', 'N;', '2007-11-20 15:14:41', '', NULL, NULL, 0);
INSERT INTO `oa_ad_zone_assoc` (`ad_zone_assoc_id`, `zone_id`, `ad_id`, `priority`, `link_type`, `priority_factor`, `to_be_delivered`) VALUES(231, 47, 231, 0, 0, 1, 1);
INSERT INTO `oa_banners` (`bannerid`, `contenttype`, `pluginversion`, `storagetype`, `filename`, `imageurl`, `htmltemplate`, `htmlcache`, `width`, `height`, `weight`, `seq`, `target`, `url`, `alt`, `keyword`, `bannertext`, `description`, `autohtml`, `block`, `capping`, `compiledlimitation`, `append`, `appendtype`, `bannertype`, `transparent`, `campaignid`, `adserver`, `session_capping`, `acl_plugins`, `alt_filename`, `alt_imageurl`, `alt_contenttype`, `comments`, `updated`, `parameters`, `acls_updated`, `statustext`, `an_banner_id`, `as_banner_id`, `status`) VALUES(232, 'gif', 0, 'sql', '120x120.gif', '', '', '', 120, 120, 1, 0, '', 'http://www.wp.pl', '', '', '', '', 'f', 0, 0, 0x74727565, 0x48744d6c202d20, 0, 0, 0, 47, '', 0, '', '', '', '', '', '2007-11-20 15:14:41', 'N;', '2007-11-20 15:14:41', '', NULL, NULL, 0);
INSERT INTO `oa_ad_zone_assoc` (`ad_zone_assoc_id`, `zone_id`, `ad_id`, `priority`, `link_type`, `priority_factor`, `to_be_delivered`) VALUES(232, 47, 232, 0, 0, 1, 1);
INSERT INTO `oa_banners` (`bannerid`, `contenttype`, `pluginversion`, `storagetype`, `filename`, `imageurl`, `htmltemplate`, `htmlcache`, `width`, `height`, `weight`, `seq`, `target`, `url`, `alt`, `keyword`, `bannertext`, `description`, `autohtml`, `block`, `capping`, `compiledlimitation`, `append`, `appendtype`, `bannertype`, `transparent`, `campaignid`, `adserver`, `session_capping`, `acl_plugins`, `alt_filename`, `alt_imageurl`, `alt_contenttype`, `comments`, `updated`, `parameters`, `acls_updated`, `statustext`, `an_banner_id`, `as_banner_id`, `status`) VALUES(233, 'gif', 0, 'sql', '120x120.gif', '', '', '', 120, 120, 1, 0, '', 'http://www.wp.pl', '', '', '', '', 'f', 0, 0, 0x74727565, 0x48744d6c202d20, 0, 0, 0, 47, '', 0, '', '', '', '', '', '2007-11-20 15:14:41', 'N;', '2007-11-20 15:14:41', '', NULL, NULL, 0);
INSERT INTO `oa_ad_zone_assoc` (`ad_zone_assoc_id`, `zone_id`, `ad_id`, `priority`, `link_type`, `priority_factor`, `to_be_delivered`) VALUES(233, 47, 233, 0, 0, 1, 1);
INSERT INTO `oa_banners` (`bannerid`, `contenttype`, `pluginversion`, `storagetype`, `filename`, `imageurl`, `htmltemplate`, `htmlcache`, `width`, `height`, `weight`, `seq`, `target`, `url`, `alt`, `keyword`, `bannertext`, `description`, `autohtml`, `block`, `capping`, `compiledlimitation`, `append`, `appendtype`, `bannertype`, `transparent`, `campaignid`, `adserver`, `session_capping`, `acl_plugins`, `alt_filename`, `alt_imageurl`, `alt_contenttype`, `comments`, `updated`, `parameters`, `acls_updated`, `statustext`, `an_banner_id`, `as_banner_id`, `status`) VALUES(234, 'gif', 0, 'sql', '120x120.gif', '', '', '', 120, 120, 1, 0, '', 'http://www.wp.pl', '', '', '', '', 'f', 0, 0, 0x74727565, 0x48744d6c202d20, 0, 0, 0, 47, '', 0, '', '', '', '', '', '2007-11-20 15:14:41', 'N;', '2007-11-20 15:14:41', '', NULL, NULL, 0);
INSERT INTO `oa_ad_zone_assoc` (`ad_zone_assoc_id`, `zone_id`, `ad_id`, `priority`, `link_type`, `priority_factor`, `to_be_delivered`) VALUES(234, 47, 234, 0, 0, 1, 1);
INSERT INTO `oa_banners` (`bannerid`, `contenttype`, `pluginversion`, `storagetype`, `filename`, `imageurl`, `htmltemplate`, `htmlcache`, `width`, `height`, `weight`, `seq`, `target`, `url`, `alt`, `keyword`, `bannertext`, `description`, `autohtml`, `block`, `capping`, `compiledlimitation`, `append`, `appendtype`, `bannertype`, `transparent`, `campaignid`, `adserver`, `session_capping`, `acl_plugins`, `alt_filename`, `alt_imageurl`, `alt_contenttype`, `comments`, `updated`, `parameters`, `acls_updated`, `statustext`, `an_banner_id`, `as_banner_id`, `status`) VALUES(235, 'gif', 0, 'sql', '120x120.gif', '', '', '', 120, 120, 1, 0, '', 'http://www.wp.pl', '', '', '', '', 'f', 0, 0, 0x74727565, 0x48744d6c202d20, 0, 0, 0, 47, '', 0, '', '', '', '', '', '2007-11-20 15:14:41', 'N;', '2007-11-20 15:14:41', '', NULL, NULL, 0);
INSERT INTO `oa_ad_zone_assoc` (`ad_zone_assoc_id`, `zone_id`, `ad_id`, `priority`, `link_type`, `priority_factor`, `to_be_delivered`) VALUES(235, 47, 235, 0, 0, 1, 1);
INSERT INTO `oa_campaigns` (`campaignid`, `campaignname`, `clientid`, `views`, `clicks`, `conversions`, `expire`, `activate`, `priority`, `weight`, `target_impression`, `target_click`, `target_conversion`, `anonymous`, `companion`, `comments`, `revenue`, `revenue_type`, `updated`, `block`, `capping`, `session_capping`, `an_campaign_id`, `as_campaign_id`, `status`, `an_status`) VALUES(48, 'QA - Default Campaign48', 1, 1000, 1000, 1000, '0000-00-00', '0000-00-00', -1, 1, 0, 0, 0, 'f', 0, '', 1.0000, 2, '2007-11-20 16:09:08', 0, 0, 0, NULL, NULL, 0, 0);
INSERT INTO `oa_zones` (`zoneid`, `affiliateid`, `zonename`, `description`, `delivery`, `zonetype`, `what`, `width`, `height`, `chain`, `prepend`, `append`, `appendtype`, `category`, `ad_selection`, `forceappend`, `inventory_forecast_type`, `comments`, `cost`, `cost_type`, `cost_variable_id`, `technology_cost`, `technology_cost_type`, `updated`, `block`, `capping`, `session_capping`, `as_zone_id`) VALUES(48, 1, 'http://www.test1.org - Default', '', 0, 3, '', 120, 120, '', '', 0x5a6f6e65, 0, '', '', 'f', 0, '', 1.3333, 2, '', NULL, NULL, '2007-11-20 15:10:34', 0, 0, 0, NULL);
INSERT INTO `oa_placement_zone_assoc` (`placement_zone_assoc_id`, `zone_id`, `placement_id`) VALUES(48, 48, 48);

INSERT INTO `oa_banners` (`bannerid`, `contenttype`, `pluginversion`, `storagetype`, `filename`, `imageurl`, `htmltemplate`, `htmlcache`, `width`, `height`, `weight`, `seq`, `target`, `url`, `alt`, `keyword`, `bannertext`, `description`, `autohtml`, `block`, `capping`, `compiledlimitation`, `append`, `appendtype`, `bannertype`, `transparent`, `campaignid`, `adserver`, `session_capping`, `acl_plugins`, `alt_filename`, `alt_imageurl`, `alt_contenttype`, `comments`, `updated`, `parameters`, `acls_updated`, `statustext`, `an_banner_id`, `as_banner_id`, `status`) VALUES(236, 'gif', 0, 'sql', '120x120.gif', '', '', '', 120, 120, 1, 0, '', 'http://www.wp.pl', '', '', '', '', 'f', 0, 0, 0x74727565, 0x48744d6c202d20, 0, 0, 0, 48, '', 0, '', '', '', '', '', '2007-11-20 15:14:41', 'N;', '2007-11-20 15:14:41', '', NULL, NULL, 0);
INSERT INTO `oa_ad_zone_assoc` (`ad_zone_assoc_id`, `zone_id`, `ad_id`, `priority`, `link_type`, `priority_factor`, `to_be_delivered`) VALUES(236, 48, 236, 0, 0, 1, 1);
INSERT INTO `oa_banners` (`bannerid`, `contenttype`, `pluginversion`, `storagetype`, `filename`, `imageurl`, `htmltemplate`, `htmlcache`, `width`, `height`, `weight`, `seq`, `target`, `url`, `alt`, `keyword`, `bannertext`, `description`, `autohtml`, `block`, `capping`, `compiledlimitation`, `append`, `appendtype`, `bannertype`, `transparent`, `campaignid`, `adserver`, `session_capping`, `acl_plugins`, `alt_filename`, `alt_imageurl`, `alt_contenttype`, `comments`, `updated`, `parameters`, `acls_updated`, `statustext`, `an_banner_id`, `as_banner_id`, `status`) VALUES(237, 'gif', 0, 'sql', '120x120.gif', '', '', '', 120, 120, 1, 0, '', 'http://www.wp.pl', '', '', '', '', 'f', 0, 0, 0x74727565, 0x48744d6c202d20, 0, 0, 0, 48, '', 0, '', '', '', '', '', '2007-11-20 15:14:41', 'N;', '2007-11-20 15:14:41', '', NULL, NULL, 0);
INSERT INTO `oa_ad_zone_assoc` (`ad_zone_assoc_id`, `zone_id`, `ad_id`, `priority`, `link_type`, `priority_factor`, `to_be_delivered`) VALUES(237, 48, 237, 0, 0, 1, 1);
INSERT INTO `oa_banners` (`bannerid`, `contenttype`, `pluginversion`, `storagetype`, `filename`, `imageurl`, `htmltemplate`, `htmlcache`, `width`, `height`, `weight`, `seq`, `target`, `url`, `alt`, `keyword`, `bannertext`, `description`, `autohtml`, `block`, `capping`, `compiledlimitation`, `append`, `appendtype`, `bannertype`, `transparent`, `campaignid`, `adserver`, `session_capping`, `acl_plugins`, `alt_filename`, `alt_imageurl`, `alt_contenttype`, `comments`, `updated`, `parameters`, `acls_updated`, `statustext`, `an_banner_id`, `as_banner_id`, `status`) VALUES(238, 'gif', 0, 'sql', '120x120.gif', '', '', '', 120, 120, 1, 0, '', 'http://www.wp.pl', '', '', '', '', 'f', 0, 0, 0x74727565, 0x48744d6c202d20, 0, 0, 0, 48, '', 0, '', '', '', '', '', '2007-11-20 15:14:41', 'N;', '2007-11-20 15:14:41', '', NULL, NULL, 0);
INSERT INTO `oa_ad_zone_assoc` (`ad_zone_assoc_id`, `zone_id`, `ad_id`, `priority`, `link_type`, `priority_factor`, `to_be_delivered`) VALUES(238, 48, 238, 0, 0, 1, 1);
INSERT INTO `oa_banners` (`bannerid`, `contenttype`, `pluginversion`, `storagetype`, `filename`, `imageurl`, `htmltemplate`, `htmlcache`, `width`, `height`, `weight`, `seq`, `target`, `url`, `alt`, `keyword`, `bannertext`, `description`, `autohtml`, `block`, `capping`, `compiledlimitation`, `append`, `appendtype`, `bannertype`, `transparent`, `campaignid`, `adserver`, `session_capping`, `acl_plugins`, `alt_filename`, `alt_imageurl`, `alt_contenttype`, `comments`, `updated`, `parameters`, `acls_updated`, `statustext`, `an_banner_id`, `as_banner_id`, `status`) VALUES(239, 'gif', 0, 'sql', '120x120.gif', '', '', '', 120, 120, 1, 0, '', 'http://www.wp.pl', '', '', '', '', 'f', 0, 0, 0x74727565, 0x48744d6c202d20, 0, 0, 0, 48, '', 0, '', '', '', '', '', '2007-11-20 15:14:41', 'N;', '2007-11-20 15:14:41', '', NULL, NULL, 0);
INSERT INTO `oa_ad_zone_assoc` (`ad_zone_assoc_id`, `zone_id`, `ad_id`, `priority`, `link_type`, `priority_factor`, `to_be_delivered`) VALUES(239, 48, 239, 0, 0, 1, 1);
INSERT INTO `oa_banners` (`bannerid`, `contenttype`, `pluginversion`, `storagetype`, `filename`, `imageurl`, `htmltemplate`, `htmlcache`, `width`, `height`, `weight`, `seq`, `target`, `url`, `alt`, `keyword`, `bannertext`, `description`, `autohtml`, `block`, `capping`, `compiledlimitation`, `append`, `appendtype`, `bannertype`, `transparent`, `campaignid`, `adserver`, `session_capping`, `acl_plugins`, `alt_filename`, `alt_imageurl`, `alt_contenttype`, `comments`, `updated`, `parameters`, `acls_updated`, `statustext`, `an_banner_id`, `as_banner_id`, `status`) VALUES(240, 'gif', 0, 'sql', '120x120.gif', '', '', '', 120, 120, 1, 0, '', 'http://www.wp.pl', '', '', '', '', 'f', 0, 0, 0x74727565, 0x48744d6c202d20, 0, 0, 0, 48, '', 0, '', '', '', '', '', '2007-11-20 15:14:41', 'N;', '2007-11-20 15:14:41', '', NULL, NULL, 0);
INSERT INTO `oa_ad_zone_assoc` (`ad_zone_assoc_id`, `zone_id`, `ad_id`, `priority`, `link_type`, `priority_factor`, `to_be_delivered`) VALUES(240, 48, 240, 0, 0, 1, 1);
INSERT INTO `oa_campaigns` (`campaignid`, `campaignname`, `clientid`, `views`, `clicks`, `conversions`, `expire`, `activate`, `priority`, `weight`, `target_impression`, `target_click`, `target_conversion`, `anonymous`, `companion`, `comments`, `revenue`, `revenue_type`, `updated`, `block`, `capping`, `session_capping`, `an_campaign_id`, `as_campaign_id`, `status`, `an_status`) VALUES(49, 'QA - Default Campaign49', 1, 1000, 1000, 1000, '0000-00-00', '0000-00-00', -1, 1, 0, 0, 0, 'f', 0, '', 1.0000, 2, '2007-11-20 16:09:08', 0, 0, 0, NULL, NULL, 0, 0);
INSERT INTO `oa_zones` (`zoneid`, `affiliateid`, `zonename`, `description`, `delivery`, `zonetype`, `what`, `width`, `height`, `chain`, `prepend`, `append`, `appendtype`, `category`, `ad_selection`, `forceappend`, `inventory_forecast_type`, `comments`, `cost`, `cost_type`, `cost_variable_id`, `technology_cost`, `technology_cost_type`, `updated`, `block`, `capping`, `session_capping`, `as_zone_id`) VALUES(49, 1, 'http://www.test1.org - Default', '', 0, 3, '', 120, 120, '', '', 0x5a6f6e65, 0, '', '', 'f', 0, '', 1.3333, 2, '', NULL, NULL, '2007-11-20 15:10:34', 0, 0, 0, NULL);
INSERT INTO `oa_placement_zone_assoc` (`placement_zone_assoc_id`, `zone_id`, `placement_id`) VALUES(49, 49, 49);

INSERT INTO `oa_banners` (`bannerid`, `contenttype`, `pluginversion`, `storagetype`, `filename`, `imageurl`, `htmltemplate`, `htmlcache`, `width`, `height`, `weight`, `seq`, `target`, `url`, `alt`, `keyword`, `bannertext`, `description`, `autohtml`, `block`, `capping`, `compiledlimitation`, `append`, `appendtype`, `bannertype`, `transparent`, `campaignid`, `adserver`, `session_capping`, `acl_plugins`, `alt_filename`, `alt_imageurl`, `alt_contenttype`, `comments`, `updated`, `parameters`, `acls_updated`, `statustext`, `an_banner_id`, `as_banner_id`, `status`) VALUES(241, 'gif', 0, 'sql', '120x120.gif', '', '', '', 120, 120, 1, 0, '', 'http://www.wp.pl', '', '', '', '', 'f', 0, 0, 0x74727565, 0x48744d6c202d20, 0, 0, 0, 49, '', 0, '', '', '', '', '', '2007-11-20 15:14:41', 'N;', '2007-11-20 15:14:41', '', NULL, NULL, 0);
INSERT INTO `oa_ad_zone_assoc` (`ad_zone_assoc_id`, `zone_id`, `ad_id`, `priority`, `link_type`, `priority_factor`, `to_be_delivered`) VALUES(241, 49, 241, 0, 0, 1, 1);
INSERT INTO `oa_banners` (`bannerid`, `contenttype`, `pluginversion`, `storagetype`, `filename`, `imageurl`, `htmltemplate`, `htmlcache`, `width`, `height`, `weight`, `seq`, `target`, `url`, `alt`, `keyword`, `bannertext`, `description`, `autohtml`, `block`, `capping`, `compiledlimitation`, `append`, `appendtype`, `bannertype`, `transparent`, `campaignid`, `adserver`, `session_capping`, `acl_plugins`, `alt_filename`, `alt_imageurl`, `alt_contenttype`, `comments`, `updated`, `parameters`, `acls_updated`, `statustext`, `an_banner_id`, `as_banner_id`, `status`) VALUES(242, 'gif', 0, 'sql', '120x120.gif', '', '', '', 120, 120, 1, 0, '', 'http://www.wp.pl', '', '', '', '', 'f', 0, 0, 0x74727565, 0x48744d6c202d20, 0, 0, 0, 49, '', 0, '', '', '', '', '', '2007-11-20 15:14:41', 'N;', '2007-11-20 15:14:41', '', NULL, NULL, 0);
INSERT INTO `oa_ad_zone_assoc` (`ad_zone_assoc_id`, `zone_id`, `ad_id`, `priority`, `link_type`, `priority_factor`, `to_be_delivered`) VALUES(242, 49, 242, 0, 0, 1, 1);
INSERT INTO `oa_banners` (`bannerid`, `contenttype`, `pluginversion`, `storagetype`, `filename`, `imageurl`, `htmltemplate`, `htmlcache`, `width`, `height`, `weight`, `seq`, `target`, `url`, `alt`, `keyword`, `bannertext`, `description`, `autohtml`, `block`, `capping`, `compiledlimitation`, `append`, `appendtype`, `bannertype`, `transparent`, `campaignid`, `adserver`, `session_capping`, `acl_plugins`, `alt_filename`, `alt_imageurl`, `alt_contenttype`, `comments`, `updated`, `parameters`, `acls_updated`, `statustext`, `an_banner_id`, `as_banner_id`, `status`) VALUES(243, 'gif', 0, 'sql', '120x120.gif', '', '', '', 120, 120, 1, 0, '', 'http://www.wp.pl', '', '', '', '', 'f', 0, 0, 0x74727565, 0x48744d6c202d20, 0, 0, 0, 49, '', 0, '', '', '', '', '', '2007-11-20 15:14:41', 'N;', '2007-11-20 15:14:41', '', NULL, NULL, 0);
INSERT INTO `oa_ad_zone_assoc` (`ad_zone_assoc_id`, `zone_id`, `ad_id`, `priority`, `link_type`, `priority_factor`, `to_be_delivered`) VALUES(243, 49, 243, 0, 0, 1, 1);
INSERT INTO `oa_banners` (`bannerid`, `contenttype`, `pluginversion`, `storagetype`, `filename`, `imageurl`, `htmltemplate`, `htmlcache`, `width`, `height`, `weight`, `seq`, `target`, `url`, `alt`, `keyword`, `bannertext`, `description`, `autohtml`, `block`, `capping`, `compiledlimitation`, `append`, `appendtype`, `bannertype`, `transparent`, `campaignid`, `adserver`, `session_capping`, `acl_plugins`, `alt_filename`, `alt_imageurl`, `alt_contenttype`, `comments`, `updated`, `parameters`, `acls_updated`, `statustext`, `an_banner_id`, `as_banner_id`, `status`) VALUES(244, 'gif', 0, 'sql', '120x120.gif', '', '', '', 120, 120, 1, 0, '', 'http://www.wp.pl', '', '', '', '', 'f', 0, 0, 0x74727565, 0x48744d6c202d20, 0, 0, 0, 49, '', 0, '', '', '', '', '', '2007-11-20 15:14:41', 'N;', '2007-11-20 15:14:41', '', NULL, NULL, 0);
INSERT INTO `oa_ad_zone_assoc` (`ad_zone_assoc_id`, `zone_id`, `ad_id`, `priority`, `link_type`, `priority_factor`, `to_be_delivered`) VALUES(244, 49, 244, 0, 0, 1, 1);
INSERT INTO `oa_banners` (`bannerid`, `contenttype`, `pluginversion`, `storagetype`, `filename`, `imageurl`, `htmltemplate`, `htmlcache`, `width`, `height`, `weight`, `seq`, `target`, `url`, `alt`, `keyword`, `bannertext`, `description`, `autohtml`, `block`, `capping`, `compiledlimitation`, `append`, `appendtype`, `bannertype`, `transparent`, `campaignid`, `adserver`, `session_capping`, `acl_plugins`, `alt_filename`, `alt_imageurl`, `alt_contenttype`, `comments`, `updated`, `parameters`, `acls_updated`, `statustext`, `an_banner_id`, `as_banner_id`, `status`) VALUES(245, 'gif', 0, 'sql', '120x120.gif', '', '', '', 120, 120, 1, 0, '', 'http://www.wp.pl', '', '', '', '', 'f', 0, 0, 0x74727565, 0x48744d6c202d20, 0, 0, 0, 49, '', 0, '', '', '', '', '', '2007-11-20 15:14:41', 'N;', '2007-11-20 15:14:41', '', NULL, NULL, 0);
INSERT INTO `oa_ad_zone_assoc` (`ad_zone_assoc_id`, `zone_id`, `ad_id`, `priority`, `link_type`, `priority_factor`, `to_be_delivered`) VALUES(245, 49, 245, 0, 0, 1, 1);
INSERT INTO `oa_campaigns` (`campaignid`, `campaignname`, `clientid`, `views`, `clicks`, `conversions`, `expire`, `activate`, `priority`, `weight`, `target_impression`, `target_click`, `target_conversion`, `anonymous`, `companion`, `comments`, `revenue`, `revenue_type`, `updated`, `block`, `capping`, `session_capping`, `an_campaign_id`, `as_campaign_id`, `status`, `an_status`) VALUES(50, 'QA - Default Campaign50', 1, 1000, 1000, 1000, '0000-00-00', '0000-00-00', -1, 1, 0, 0, 0, 'f', 0, '', 1.0000, 2, '2007-11-20 16:09:08', 0, 0, 0, NULL, NULL, 0, 0);
INSERT INTO `oa_zones` (`zoneid`, `affiliateid`, `zonename`, `description`, `delivery`, `zonetype`, `what`, `width`, `height`, `chain`, `prepend`, `append`, `appendtype`, `category`, `ad_selection`, `forceappend`, `inventory_forecast_type`, `comments`, `cost`, `cost_type`, `cost_variable_id`, `technology_cost`, `technology_cost_type`, `updated`, `block`, `capping`, `session_capping`, `as_zone_id`) VALUES(50, 1, 'http://www.test1.org - Default', '', 0, 3, '', 120, 120, '', '', 0x5a6f6e65, 0, '', '', 'f', 0, '', 1.3333, 2, '', NULL, NULL, '2007-11-20 15:10:34', 0, 0, 0, NULL);
INSERT INTO `oa_placement_zone_assoc` (`placement_zone_assoc_id`, `zone_id`, `placement_id`) VALUES(50, 50, 50);

INSERT INTO `oa_banners` (`bannerid`, `contenttype`, `pluginversion`, `storagetype`, `filename`, `imageurl`, `htmltemplate`, `htmlcache`, `width`, `height`, `weight`, `seq`, `target`, `url`, `alt`, `keyword`, `bannertext`, `description`, `autohtml`, `block`, `capping`, `compiledlimitation`, `append`, `appendtype`, `bannertype`, `transparent`, `campaignid`, `adserver`, `session_capping`, `acl_plugins`, `alt_filename`, `alt_imageurl`, `alt_contenttype`, `comments`, `updated`, `parameters`, `acls_updated`, `statustext`, `an_banner_id`, `as_banner_id`, `status`) VALUES(246, 'gif', 0, 'sql', '120x120.gif', '', '', '', 120, 120, 1, 0, '', 'http://www.wp.pl', '', '', '', '', 'f', 0, 0, 0x74727565, 0x48744d6c202d20, 0, 0, 0, 50, '', 0, '', '', '', '', '', '2007-11-20 15:14:41', 'N;', '2007-11-20 15:14:41', '', NULL, NULL, 0);
INSERT INTO `oa_ad_zone_assoc` (`ad_zone_assoc_id`, `zone_id`, `ad_id`, `priority`, `link_type`, `priority_factor`, `to_be_delivered`) VALUES(246, 50, 246, 0, 0, 1, 1);
INSERT INTO `oa_banners` (`bannerid`, `contenttype`, `pluginversion`, `storagetype`, `filename`, `imageurl`, `htmltemplate`, `htmlcache`, `width`, `height`, `weight`, `seq`, `target`, `url`, `alt`, `keyword`, `bannertext`, `description`, `autohtml`, `block`, `capping`, `compiledlimitation`, `append`, `appendtype`, `bannertype`, `transparent`, `campaignid`, `adserver`, `session_capping`, `acl_plugins`, `alt_filename`, `alt_imageurl`, `alt_contenttype`, `comments`, `updated`, `parameters`, `acls_updated`, `statustext`, `an_banner_id`, `as_banner_id`, `status`) VALUES(247, 'gif', 0, 'sql', '120x120.gif', '', '', '', 120, 120, 1, 0, '', 'http://www.wp.pl', '', '', '', '', 'f', 0, 0, 0x74727565, 0x48744d6c202d20, 0, 0, 0, 50, '', 0, '', '', '', '', '', '2007-11-20 15:14:41', 'N;', '2007-11-20 15:14:41', '', NULL, NULL, 0);
INSERT INTO `oa_ad_zone_assoc` (`ad_zone_assoc_id`, `zone_id`, `ad_id`, `priority`, `link_type`, `priority_factor`, `to_be_delivered`) VALUES(247, 50, 247, 0, 0, 1, 1);
INSERT INTO `oa_banners` (`bannerid`, `contenttype`, `pluginversion`, `storagetype`, `filename`, `imageurl`, `htmltemplate`, `htmlcache`, `width`, `height`, `weight`, `seq`, `target`, `url`, `alt`, `keyword`, `bannertext`, `description`, `autohtml`, `block`, `capping`, `compiledlimitation`, `append`, `appendtype`, `bannertype`, `transparent`, `campaignid`, `adserver`, `session_capping`, `acl_plugins`, `alt_filename`, `alt_imageurl`, `alt_contenttype`, `comments`, `updated`, `parameters`, `acls_updated`, `statustext`, `an_banner_id`, `as_banner_id`, `status`) VALUES(248, 'gif', 0, 'sql', '120x120.gif', '', '', '', 120, 120, 1, 0, '', 'http://www.wp.pl', '', '', '', '', 'f', 0, 0, 0x74727565, 0x48744d6c202d20, 0, 0, 0, 50, '', 0, '', '', '', '', '', '2007-11-20 15:14:41', 'N;', '2007-11-20 15:14:41', '', NULL, NULL, 0);
INSERT INTO `oa_ad_zone_assoc` (`ad_zone_assoc_id`, `zone_id`, `ad_id`, `priority`, `link_type`, `priority_factor`, `to_be_delivered`) VALUES(248, 50, 248, 0, 0, 1, 1);
INSERT INTO `oa_banners` (`bannerid`, `contenttype`, `pluginversion`, `storagetype`, `filename`, `imageurl`, `htmltemplate`, `htmlcache`, `width`, `height`, `weight`, `seq`, `target`, `url`, `alt`, `keyword`, `bannertext`, `description`, `autohtml`, `block`, `capping`, `compiledlimitation`, `append`, `appendtype`, `bannertype`, `transparent`, `campaignid`, `adserver`, `session_capping`, `acl_plugins`, `alt_filename`, `alt_imageurl`, `alt_contenttype`, `comments`, `updated`, `parameters`, `acls_updated`, `statustext`, `an_banner_id`, `as_banner_id`, `status`) VALUES(249, 'gif', 0, 'sql', '120x120.gif', '', '', '', 120, 120, 1, 0, '', 'http://www.wp.pl', '', '', '', '', 'f', 0, 0, 0x74727565, 0x48744d6c202d20, 0, 0, 0, 50, '', 0, '', '', '', '', '', '2007-11-20 15:14:41', 'N;', '2007-11-20 15:14:41', '', NULL, NULL, 0);
INSERT INTO `oa_ad_zone_assoc` (`ad_zone_assoc_id`, `zone_id`, `ad_id`, `priority`, `link_type`, `priority_factor`, `to_be_delivered`) VALUES(249, 50, 249, 0, 0, 1, 1);
INSERT INTO `oa_banners` (`bannerid`, `contenttype`, `pluginversion`, `storagetype`, `filename`, `imageurl`, `htmltemplate`, `htmlcache`, `width`, `height`, `weight`, `seq`, `target`, `url`, `alt`, `keyword`, `bannertext`, `description`, `autohtml`, `block`, `capping`, `compiledlimitation`, `append`, `appendtype`, `bannertype`, `transparent`, `campaignid`, `adserver`, `session_capping`, `acl_plugins`, `alt_filename`, `alt_imageurl`, `alt_contenttype`, `comments`, `updated`, `parameters`, `acls_updated`, `statustext`, `an_banner_id`, `as_banner_id`, `status`) VALUES(250, 'gif', 0, 'sql', '120x120.gif', '', '', '', 120, 120, 1, 0, '', 'http://www.wp.pl', '', '', '', '', 'f', 0, 0, 0x74727565, 0x48744d6c202d20, 0, 0, 0, 50, '', 0, '', '', '', '', '', '2007-11-20 15:14:41', 'N;', '2007-11-20 15:14:41', '', NULL, NULL, 0);
INSERT INTO `oa_ad_zone_assoc` (`ad_zone_assoc_id`, `zone_id`, `ad_id`, `priority`, `link_type`, `priority_factor`, `to_be_delivered`) VALUES(250, 50, 250, 0, 0, 1, 1);
INSERT INTO `oa_campaigns` (`campaignid`, `campaignname`, `clientid`, `views`, `clicks`, `conversions`, `expire`, `activate`, `priority`, `weight`, `target_impression`, `target_click`, `target_conversion`, `anonymous`, `companion`, `comments`, `revenue`, `revenue_type`, `updated`, `block`, `capping`, `session_capping`, `an_campaign_id`, `as_campaign_id`, `status`, `an_status`) VALUES(51, 'QA - Default Campaign51', 1, 1000, 1000, 1000, '0000-00-00', '0000-00-00', -1, 1, 0, 0, 0, 'f', 0, '', 1.0000, 2, '2007-11-20 16:09:08', 0, 0, 0, NULL, NULL, 0, 0);
INSERT INTO `oa_zones` (`zoneid`, `affiliateid`, `zonename`, `description`, `delivery`, `zonetype`, `what`, `width`, `height`, `chain`, `prepend`, `append`, `appendtype`, `category`, `ad_selection`, `forceappend`, `inventory_forecast_type`, `comments`, `cost`, `cost_type`, `cost_variable_id`, `technology_cost`, `technology_cost_type`, `updated`, `block`, `capping`, `session_capping`, `as_zone_id`) VALUES(51, 1, 'http://www.test1.org - Default', '', 0, 3, '', 120, 120, '', '', 0x5a6f6e65, 0, '', '', 'f', 0, '', 1.3333, 2, '', NULL, NULL, '2007-11-20 15:10:34', 0, 0, 0, NULL);
INSERT INTO `oa_placement_zone_assoc` (`placement_zone_assoc_id`, `zone_id`, `placement_id`) VALUES(51, 51, 51);

INSERT INTO `oa_banners` (`bannerid`, `contenttype`, `pluginversion`, `storagetype`, `filename`, `imageurl`, `htmltemplate`, `htmlcache`, `width`, `height`, `weight`, `seq`, `target`, `url`, `alt`, `keyword`, `bannertext`, `description`, `autohtml`, `block`, `capping`, `compiledlimitation`, `append`, `appendtype`, `bannertype`, `transparent`, `campaignid`, `adserver`, `session_capping`, `acl_plugins`, `alt_filename`, `alt_imageurl`, `alt_contenttype`, `comments`, `updated`, `parameters`, `acls_updated`, `statustext`, `an_banner_id`, `as_banner_id`, `status`) VALUES(251, 'gif', 0, 'sql', '120x120.gif', '', '', '', 120, 120, 1, 0, '', 'http://www.wp.pl', '', '', '', '', 'f', 0, 0, 0x74727565, 0x48744d6c202d20, 0, 0, 0, 51, '', 0, '', '', '', '', '', '2007-11-20 15:14:41', 'N;', '2007-11-20 15:14:41', '', NULL, NULL, 0);
INSERT INTO `oa_ad_zone_assoc` (`ad_zone_assoc_id`, `zone_id`, `ad_id`, `priority`, `link_type`, `priority_factor`, `to_be_delivered`) VALUES(251, 51, 251, 0, 0, 1, 1);
INSERT INTO `oa_banners` (`bannerid`, `contenttype`, `pluginversion`, `storagetype`, `filename`, `imageurl`, `htmltemplate`, `htmlcache`, `width`, `height`, `weight`, `seq`, `target`, `url`, `alt`, `keyword`, `bannertext`, `description`, `autohtml`, `block`, `capping`, `compiledlimitation`, `append`, `appendtype`, `bannertype`, `transparent`, `campaignid`, `adserver`, `session_capping`, `acl_plugins`, `alt_filename`, `alt_imageurl`, `alt_contenttype`, `comments`, `updated`, `parameters`, `acls_updated`, `statustext`, `an_banner_id`, `as_banner_id`, `status`) VALUES(252, 'gif', 0, 'sql', '120x120.gif', '', '', '', 120, 120, 1, 0, '', 'http://www.wp.pl', '', '', '', '', 'f', 0, 0, 0x74727565, 0x48744d6c202d20, 0, 0, 0, 51, '', 0, '', '', '', '', '', '2007-11-20 15:14:41', 'N;', '2007-11-20 15:14:41', '', NULL, NULL, 0);
INSERT INTO `oa_ad_zone_assoc` (`ad_zone_assoc_id`, `zone_id`, `ad_id`, `priority`, `link_type`, `priority_factor`, `to_be_delivered`) VALUES(252, 51, 252, 0, 0, 1, 1);
INSERT INTO `oa_banners` (`bannerid`, `contenttype`, `pluginversion`, `storagetype`, `filename`, `imageurl`, `htmltemplate`, `htmlcache`, `width`, `height`, `weight`, `seq`, `target`, `url`, `alt`, `keyword`, `bannertext`, `description`, `autohtml`, `block`, `capping`, `compiledlimitation`, `append`, `appendtype`, `bannertype`, `transparent`, `campaignid`, `adserver`, `session_capping`, `acl_plugins`, `alt_filename`, `alt_imageurl`, `alt_contenttype`, `comments`, `updated`, `parameters`, `acls_updated`, `statustext`, `an_banner_id`, `as_banner_id`, `status`) VALUES(253, 'gif', 0, 'sql', '120x120.gif', '', '', '', 120, 120, 1, 0, '', 'http://www.wp.pl', '', '', '', '', 'f', 0, 0, 0x74727565, 0x48744d6c202d20, 0, 0, 0, 51, '', 0, '', '', '', '', '', '2007-11-20 15:14:41', 'N;', '2007-11-20 15:14:41', '', NULL, NULL, 0);
INSERT INTO `oa_ad_zone_assoc` (`ad_zone_assoc_id`, `zone_id`, `ad_id`, `priority`, `link_type`, `priority_factor`, `to_be_delivered`) VALUES(253, 51, 253, 0, 0, 1, 1);
INSERT INTO `oa_banners` (`bannerid`, `contenttype`, `pluginversion`, `storagetype`, `filename`, `imageurl`, `htmltemplate`, `htmlcache`, `width`, `height`, `weight`, `seq`, `target`, `url`, `alt`, `keyword`, `bannertext`, `description`, `autohtml`, `block`, `capping`, `compiledlimitation`, `append`, `appendtype`, `bannertype`, `transparent`, `campaignid`, `adserver`, `session_capping`, `acl_plugins`, `alt_filename`, `alt_imageurl`, `alt_contenttype`, `comments`, `updated`, `parameters`, `acls_updated`, `statustext`, `an_banner_id`, `as_banner_id`, `status`) VALUES(254, 'gif', 0, 'sql', '120x120.gif', '', '', '', 120, 120, 1, 0, '', 'http://www.wp.pl', '', '', '', '', 'f', 0, 0, 0x74727565, 0x48744d6c202d20, 0, 0, 0, 51, '', 0, '', '', '', '', '', '2007-11-20 15:14:41', 'N;', '2007-11-20 15:14:41', '', NULL, NULL, 0);
INSERT INTO `oa_ad_zone_assoc` (`ad_zone_assoc_id`, `zone_id`, `ad_id`, `priority`, `link_type`, `priority_factor`, `to_be_delivered`) VALUES(254, 51, 254, 0, 0, 1, 1);
INSERT INTO `oa_banners` (`bannerid`, `contenttype`, `pluginversion`, `storagetype`, `filename`, `imageurl`, `htmltemplate`, `htmlcache`, `width`, `height`, `weight`, `seq`, `target`, `url`, `alt`, `keyword`, `bannertext`, `description`, `autohtml`, `block`, `capping`, `compiledlimitation`, `append`, `appendtype`, `bannertype`, `transparent`, `campaignid`, `adserver`, `session_capping`, `acl_plugins`, `alt_filename`, `alt_imageurl`, `alt_contenttype`, `comments`, `updated`, `parameters`, `acls_updated`, `statustext`, `an_banner_id`, `as_banner_id`, `status`) VALUES(255, 'gif', 0, 'sql', '120x120.gif', '', '', '', 120, 120, 1, 0, '', 'http://www.wp.pl', '', '', '', '', 'f', 0, 0, 0x74727565, 0x48744d6c202d20, 0, 0, 0, 51, '', 0, '', '', '', '', '', '2007-11-20 15:14:41', 'N;', '2007-11-20 15:14:41', '', NULL, NULL, 0);
INSERT INTO `oa_ad_zone_assoc` (`ad_zone_assoc_id`, `zone_id`, `ad_id`, `priority`, `link_type`, `priority_factor`, `to_be_delivered`) VALUES(255, 51, 255, 0, 0, 1, 1);
INSERT INTO `oa_campaigns` (`campaignid`, `campaignname`, `clientid`, `views`, `clicks`, `conversions`, `expire`, `activate`, `priority`, `weight`, `target_impression`, `target_click`, `target_conversion`, `anonymous`, `companion`, `comments`, `revenue`, `revenue_type`, `updated`, `block`, `capping`, `session_capping`, `an_campaign_id`, `as_campaign_id`, `status`, `an_status`) VALUES(52, 'QA - Default Campaign52', 1, 1000, 1000, 1000, '0000-00-00', '0000-00-00', -1, 1, 0, 0, 0, 'f', 0, '', 1.0000, 2, '2007-11-20 16:09:08', 0, 0, 0, NULL, NULL, 0, 0);
INSERT INTO `oa_zones` (`zoneid`, `affiliateid`, `zonename`, `description`, `delivery`, `zonetype`, `what`, `width`, `height`, `chain`, `prepend`, `append`, `appendtype`, `category`, `ad_selection`, `forceappend`, `inventory_forecast_type`, `comments`, `cost`, `cost_type`, `cost_variable_id`, `technology_cost`, `technology_cost_type`, `updated`, `block`, `capping`, `session_capping`, `as_zone_id`) VALUES(52, 1, 'http://www.test1.org - Default', '', 0, 3, '', 120, 120, '', '', 0x5a6f6e65, 0, '', '', 'f', 0, '', 1.3333, 2, '', NULL, NULL, '2007-11-20 15:10:34', 0, 0, 0, NULL);
INSERT INTO `oa_placement_zone_assoc` (`placement_zone_assoc_id`, `zone_id`, `placement_id`) VALUES(52, 52, 52);

INSERT INTO `oa_banners` (`bannerid`, `contenttype`, `pluginversion`, `storagetype`, `filename`, `imageurl`, `htmltemplate`, `htmlcache`, `width`, `height`, `weight`, `seq`, `target`, `url`, `alt`, `keyword`, `bannertext`, `description`, `autohtml`, `block`, `capping`, `compiledlimitation`, `append`, `appendtype`, `bannertype`, `transparent`, `campaignid`, `adserver`, `session_capping`, `acl_plugins`, `alt_filename`, `alt_imageurl`, `alt_contenttype`, `comments`, `updated`, `parameters`, `acls_updated`, `statustext`, `an_banner_id`, `as_banner_id`, `status`) VALUES(256, 'gif', 0, 'sql', '120x120.gif', '', '', '', 120, 120, 1, 0, '', 'http://www.wp.pl', '', '', '', '', 'f', 0, 0, 0x74727565, 0x48744d6c202d20, 0, 0, 0, 52, '', 0, '', '', '', '', '', '2007-11-20 15:14:41', 'N;', '2007-11-20 15:14:41', '', NULL, NULL, 0);
INSERT INTO `oa_ad_zone_assoc` (`ad_zone_assoc_id`, `zone_id`, `ad_id`, `priority`, `link_type`, `priority_factor`, `to_be_delivered`) VALUES(256, 52, 256, 0, 0, 1, 1);
INSERT INTO `oa_banners` (`bannerid`, `contenttype`, `pluginversion`, `storagetype`, `filename`, `imageurl`, `htmltemplate`, `htmlcache`, `width`, `height`, `weight`, `seq`, `target`, `url`, `alt`, `keyword`, `bannertext`, `description`, `autohtml`, `block`, `capping`, `compiledlimitation`, `append`, `appendtype`, `bannertype`, `transparent`, `campaignid`, `adserver`, `session_capping`, `acl_plugins`, `alt_filename`, `alt_imageurl`, `alt_contenttype`, `comments`, `updated`, `parameters`, `acls_updated`, `statustext`, `an_banner_id`, `as_banner_id`, `status`) VALUES(257, 'gif', 0, 'sql', '120x120.gif', '', '', '', 120, 120, 1, 0, '', 'http://www.wp.pl', '', '', '', '', 'f', 0, 0, 0x74727565, 0x48744d6c202d20, 0, 0, 0, 52, '', 0, '', '', '', '', '', '2007-11-20 15:14:41', 'N;', '2007-11-20 15:14:41', '', NULL, NULL, 0);
INSERT INTO `oa_ad_zone_assoc` (`ad_zone_assoc_id`, `zone_id`, `ad_id`, `priority`, `link_type`, `priority_factor`, `to_be_delivered`) VALUES(257, 52, 257, 0, 0, 1, 1);
INSERT INTO `oa_banners` (`bannerid`, `contenttype`, `pluginversion`, `storagetype`, `filename`, `imageurl`, `htmltemplate`, `htmlcache`, `width`, `height`, `weight`, `seq`, `target`, `url`, `alt`, `keyword`, `bannertext`, `description`, `autohtml`, `block`, `capping`, `compiledlimitation`, `append`, `appendtype`, `bannertype`, `transparent`, `campaignid`, `adserver`, `session_capping`, `acl_plugins`, `alt_filename`, `alt_imageurl`, `alt_contenttype`, `comments`, `updated`, `parameters`, `acls_updated`, `statustext`, `an_banner_id`, `as_banner_id`, `status`) VALUES(258, 'gif', 0, 'sql', '120x120.gif', '', '', '', 120, 120, 1, 0, '', 'http://www.wp.pl', '', '', '', '', 'f', 0, 0, 0x74727565, 0x48744d6c202d20, 0, 0, 0, 52, '', 0, '', '', '', '', '', '2007-11-20 15:14:41', 'N;', '2007-11-20 15:14:41', '', NULL, NULL, 0);
INSERT INTO `oa_ad_zone_assoc` (`ad_zone_assoc_id`, `zone_id`, `ad_id`, `priority`, `link_type`, `priority_factor`, `to_be_delivered`) VALUES(258, 52, 258, 0, 0, 1, 1);
INSERT INTO `oa_banners` (`bannerid`, `contenttype`, `pluginversion`, `storagetype`, `filename`, `imageurl`, `htmltemplate`, `htmlcache`, `width`, `height`, `weight`, `seq`, `target`, `url`, `alt`, `keyword`, `bannertext`, `description`, `autohtml`, `block`, `capping`, `compiledlimitation`, `append`, `appendtype`, `bannertype`, `transparent`, `campaignid`, `adserver`, `session_capping`, `acl_plugins`, `alt_filename`, `alt_imageurl`, `alt_contenttype`, `comments`, `updated`, `parameters`, `acls_updated`, `statustext`, `an_banner_id`, `as_banner_id`, `status`) VALUES(259, 'gif', 0, 'sql', '120x120.gif', '', '', '', 120, 120, 1, 0, '', 'http://www.wp.pl', '', '', '', '', 'f', 0, 0, 0x74727565, 0x48744d6c202d20, 0, 0, 0, 52, '', 0, '', '', '', '', '', '2007-11-20 15:14:41', 'N;', '2007-11-20 15:14:41', '', NULL, NULL, 0);
INSERT INTO `oa_ad_zone_assoc` (`ad_zone_assoc_id`, `zone_id`, `ad_id`, `priority`, `link_type`, `priority_factor`, `to_be_delivered`) VALUES(259, 52, 259, 0, 0, 1, 1);
INSERT INTO `oa_banners` (`bannerid`, `contenttype`, `pluginversion`, `storagetype`, `filename`, `imageurl`, `htmltemplate`, `htmlcache`, `width`, `height`, `weight`, `seq`, `target`, `url`, `alt`, `keyword`, `bannertext`, `description`, `autohtml`, `block`, `capping`, `compiledlimitation`, `append`, `appendtype`, `bannertype`, `transparent`, `campaignid`, `adserver`, `session_capping`, `acl_plugins`, `alt_filename`, `alt_imageurl`, `alt_contenttype`, `comments`, `updated`, `parameters`, `acls_updated`, `statustext`, `an_banner_id`, `as_banner_id`, `status`) VALUES(260, 'gif', 0, 'sql', '120x120.gif', '', '', '', 120, 120, 1, 0, '', 'http://www.wp.pl', '', '', '', '', 'f', 0, 0, 0x74727565, 0x48744d6c202d20, 0, 0, 0, 52, '', 0, '', '', '', '', '', '2007-11-20 15:14:41', 'N;', '2007-11-20 15:14:41', '', NULL, NULL, 0);
INSERT INTO `oa_ad_zone_assoc` (`ad_zone_assoc_id`, `zone_id`, `ad_id`, `priority`, `link_type`, `priority_factor`, `to_be_delivered`) VALUES(260, 52, 260, 0, 0, 1, 1);
INSERT INTO `oa_campaigns` (`campaignid`, `campaignname`, `clientid`, `views`, `clicks`, `conversions`, `expire`, `activate`, `priority`, `weight`, `target_impression`, `target_click`, `target_conversion`, `anonymous`, `companion`, `comments`, `revenue`, `revenue_type`, `updated`, `block`, `capping`, `session_capping`, `an_campaign_id`, `as_campaign_id`, `status`, `an_status`) VALUES(53, 'QA - Default Campaign53', 1, 1000, 1000, 1000, '0000-00-00', '0000-00-00', -1, 1, 0, 0, 0, 'f', 0, '', 1.0000, 2, '2007-11-20 16:09:08', 0, 0, 0, NULL, NULL, 0, 0);
INSERT INTO `oa_zones` (`zoneid`, `affiliateid`, `zonename`, `description`, `delivery`, `zonetype`, `what`, `width`, `height`, `chain`, `prepend`, `append`, `appendtype`, `category`, `ad_selection`, `forceappend`, `inventory_forecast_type`, `comments`, `cost`, `cost_type`, `cost_variable_id`, `technology_cost`, `technology_cost_type`, `updated`, `block`, `capping`, `session_capping`, `as_zone_id`) VALUES(53, 1, 'http://www.test1.org - Default', '', 0, 3, '', 120, 120, '', '', 0x5a6f6e65, 0, '', '', 'f', 0, '', 1.3333, 2, '', NULL, NULL, '2007-11-20 15:10:34', 0, 0, 0, NULL);
INSERT INTO `oa_placement_zone_assoc` (`placement_zone_assoc_id`, `zone_id`, `placement_id`) VALUES(53, 53, 53);

INSERT INTO `oa_banners` (`bannerid`, `contenttype`, `pluginversion`, `storagetype`, `filename`, `imageurl`, `htmltemplate`, `htmlcache`, `width`, `height`, `weight`, `seq`, `target`, `url`, `alt`, `keyword`, `bannertext`, `description`, `autohtml`, `block`, `capping`, `compiledlimitation`, `append`, `appendtype`, `bannertype`, `transparent`, `campaignid`, `adserver`, `session_capping`, `acl_plugins`, `alt_filename`, `alt_imageurl`, `alt_contenttype`, `comments`, `updated`, `parameters`, `acls_updated`, `statustext`, `an_banner_id`, `as_banner_id`, `status`) VALUES(261, 'gif', 0, 'sql', '120x120.gif', '', '', '', 120, 120, 1, 0, '', 'http://www.wp.pl', '', '', '', '', 'f', 0, 0, 0x74727565, 0x48744d6c202d20, 0, 0, 0, 53, '', 0, '', '', '', '', '', '2007-11-20 15:14:41', 'N;', '2007-11-20 15:14:41', '', NULL, NULL, 0);
INSERT INTO `oa_ad_zone_assoc` (`ad_zone_assoc_id`, `zone_id`, `ad_id`, `priority`, `link_type`, `priority_factor`, `to_be_delivered`) VALUES(261, 53, 261, 0, 0, 1, 1);
INSERT INTO `oa_banners` (`bannerid`, `contenttype`, `pluginversion`, `storagetype`, `filename`, `imageurl`, `htmltemplate`, `htmlcache`, `width`, `height`, `weight`, `seq`, `target`, `url`, `alt`, `keyword`, `bannertext`, `description`, `autohtml`, `block`, `capping`, `compiledlimitation`, `append`, `appendtype`, `bannertype`, `transparent`, `campaignid`, `adserver`, `session_capping`, `acl_plugins`, `alt_filename`, `alt_imageurl`, `alt_contenttype`, `comments`, `updated`, `parameters`, `acls_updated`, `statustext`, `an_banner_id`, `as_banner_id`, `status`) VALUES(262, 'gif', 0, 'sql', '120x120.gif', '', '', '', 120, 120, 1, 0, '', 'http://www.wp.pl', '', '', '', '', 'f', 0, 0, 0x74727565, 0x48744d6c202d20, 0, 0, 0, 53, '', 0, '', '', '', '', '', '2007-11-20 15:14:41', 'N;', '2007-11-20 15:14:41', '', NULL, NULL, 0);
INSERT INTO `oa_ad_zone_assoc` (`ad_zone_assoc_id`, `zone_id`, `ad_id`, `priority`, `link_type`, `priority_factor`, `to_be_delivered`) VALUES(262, 53, 262, 0, 0, 1, 1);
INSERT INTO `oa_banners` (`bannerid`, `contenttype`, `pluginversion`, `storagetype`, `filename`, `imageurl`, `htmltemplate`, `htmlcache`, `width`, `height`, `weight`, `seq`, `target`, `url`, `alt`, `keyword`, `bannertext`, `description`, `autohtml`, `block`, `capping`, `compiledlimitation`, `append`, `appendtype`, `bannertype`, `transparent`, `campaignid`, `adserver`, `session_capping`, `acl_plugins`, `alt_filename`, `alt_imageurl`, `alt_contenttype`, `comments`, `updated`, `parameters`, `acls_updated`, `statustext`, `an_banner_id`, `as_banner_id`, `status`) VALUES(263, 'gif', 0, 'sql', '120x120.gif', '', '', '', 120, 120, 1, 0, '', 'http://www.wp.pl', '', '', '', '', 'f', 0, 0, 0x74727565, 0x48744d6c202d20, 0, 0, 0, 53, '', 0, '', '', '', '', '', '2007-11-20 15:14:41', 'N;', '2007-11-20 15:14:41', '', NULL, NULL, 0);
INSERT INTO `oa_ad_zone_assoc` (`ad_zone_assoc_id`, `zone_id`, `ad_id`, `priority`, `link_type`, `priority_factor`, `to_be_delivered`) VALUES(263, 53, 263, 0, 0, 1, 1);
INSERT INTO `oa_banners` (`bannerid`, `contenttype`, `pluginversion`, `storagetype`, `filename`, `imageurl`, `htmltemplate`, `htmlcache`, `width`, `height`, `weight`, `seq`, `target`, `url`, `alt`, `keyword`, `bannertext`, `description`, `autohtml`, `block`, `capping`, `compiledlimitation`, `append`, `appendtype`, `bannertype`, `transparent`, `campaignid`, `adserver`, `session_capping`, `acl_plugins`, `alt_filename`, `alt_imageurl`, `alt_contenttype`, `comments`, `updated`, `parameters`, `acls_updated`, `statustext`, `an_banner_id`, `as_banner_id`, `status`) VALUES(264, 'gif', 0, 'sql', '120x120.gif', '', '', '', 120, 120, 1, 0, '', 'http://www.wp.pl', '', '', '', '', 'f', 0, 0, 0x74727565, 0x48744d6c202d20, 0, 0, 0, 53, '', 0, '', '', '', '', '', '2007-11-20 15:14:41', 'N;', '2007-11-20 15:14:41', '', NULL, NULL, 0);
INSERT INTO `oa_ad_zone_assoc` (`ad_zone_assoc_id`, `zone_id`, `ad_id`, `priority`, `link_type`, `priority_factor`, `to_be_delivered`) VALUES(264, 53, 264, 0, 0, 1, 1);
INSERT INTO `oa_banners` (`bannerid`, `contenttype`, `pluginversion`, `storagetype`, `filename`, `imageurl`, `htmltemplate`, `htmlcache`, `width`, `height`, `weight`, `seq`, `target`, `url`, `alt`, `keyword`, `bannertext`, `description`, `autohtml`, `block`, `capping`, `compiledlimitation`, `append`, `appendtype`, `bannertype`, `transparent`, `campaignid`, `adserver`, `session_capping`, `acl_plugins`, `alt_filename`, `alt_imageurl`, `alt_contenttype`, `comments`, `updated`, `parameters`, `acls_updated`, `statustext`, `an_banner_id`, `as_banner_id`, `status`) VALUES(265, 'gif', 0, 'sql', '120x120.gif', '', '', '', 120, 120, 1, 0, '', 'http://www.wp.pl', '', '', '', '', 'f', 0, 0, 0x74727565, 0x48744d6c202d20, 0, 0, 0, 53, '', 0, '', '', '', '', '', '2007-11-20 15:14:41', 'N;', '2007-11-20 15:14:41', '', NULL, NULL, 0);
INSERT INTO `oa_ad_zone_assoc` (`ad_zone_assoc_id`, `zone_id`, `ad_id`, `priority`, `link_type`, `priority_factor`, `to_be_delivered`) VALUES(265, 53, 265, 0, 0, 1, 1);
INSERT INTO `oa_campaigns` (`campaignid`, `campaignname`, `clientid`, `views`, `clicks`, `conversions`, `expire`, `activate`, `priority`, `weight`, `target_impression`, `target_click`, `target_conversion`, `anonymous`, `companion`, `comments`, `revenue`, `revenue_type`, `updated`, `block`, `capping`, `session_capping`, `an_campaign_id`, `as_campaign_id`, `status`, `an_status`) VALUES(54, 'QA - Default Campaign54', 1, 1000, 1000, 1000, '0000-00-00', '0000-00-00', -1, 1, 0, 0, 0, 'f', 0, '', 1.0000, 2, '2007-11-20 16:09:08', 0, 0, 0, NULL, NULL, 0, 0);
INSERT INTO `oa_zones` (`zoneid`, `affiliateid`, `zonename`, `description`, `delivery`, `zonetype`, `what`, `width`, `height`, `chain`, `prepend`, `append`, `appendtype`, `category`, `ad_selection`, `forceappend`, `inventory_forecast_type`, `comments`, `cost`, `cost_type`, `cost_variable_id`, `technology_cost`, `technology_cost_type`, `updated`, `block`, `capping`, `session_capping`, `as_zone_id`) VALUES(54, 1, 'http://www.test1.org - Default', '', 0, 3, '', 120, 120, '', '', 0x5a6f6e65, 0, '', '', 'f', 0, '', 1.3333, 2, '', NULL, NULL, '2007-11-20 15:10:34', 0, 0, 0, NULL);
INSERT INTO `oa_placement_zone_assoc` (`placement_zone_assoc_id`, `zone_id`, `placement_id`) VALUES(54, 54, 54);

INSERT INTO `oa_banners` (`bannerid`, `contenttype`, `pluginversion`, `storagetype`, `filename`, `imageurl`, `htmltemplate`, `htmlcache`, `width`, `height`, `weight`, `seq`, `target`, `url`, `alt`, `keyword`, `bannertext`, `description`, `autohtml`, `block`, `capping`, `compiledlimitation`, `append`, `appendtype`, `bannertype`, `transparent`, `campaignid`, `adserver`, `session_capping`, `acl_plugins`, `alt_filename`, `alt_imageurl`, `alt_contenttype`, `comments`, `updated`, `parameters`, `acls_updated`, `statustext`, `an_banner_id`, `as_banner_id`, `status`) VALUES(266, 'gif', 0, 'sql', '120x120.gif', '', '', '', 120, 120, 1, 0, '', 'http://www.wp.pl', '', '', '', '', 'f', 0, 0, 0x74727565, 0x48744d6c202d20, 0, 0, 0, 54, '', 0, '', '', '', '', '', '2007-11-20 15:14:41', 'N;', '2007-11-20 15:14:41', '', NULL, NULL, 0);
INSERT INTO `oa_ad_zone_assoc` (`ad_zone_assoc_id`, `zone_id`, `ad_id`, `priority`, `link_type`, `priority_factor`, `to_be_delivered`) VALUES(266, 54, 266, 0, 0, 1, 1);
INSERT INTO `oa_banners` (`bannerid`, `contenttype`, `pluginversion`, `storagetype`, `filename`, `imageurl`, `htmltemplate`, `htmlcache`, `width`, `height`, `weight`, `seq`, `target`, `url`, `alt`, `keyword`, `bannertext`, `description`, `autohtml`, `block`, `capping`, `compiledlimitation`, `append`, `appendtype`, `bannertype`, `transparent`, `campaignid`, `adserver`, `session_capping`, `acl_plugins`, `alt_filename`, `alt_imageurl`, `alt_contenttype`, `comments`, `updated`, `parameters`, `acls_updated`, `statustext`, `an_banner_id`, `as_banner_id`, `status`) VALUES(267, 'gif', 0, 'sql', '120x120.gif', '', '', '', 120, 120, 1, 0, '', 'http://www.wp.pl', '', '', '', '', 'f', 0, 0, 0x74727565, 0x48744d6c202d20, 0, 0, 0, 54, '', 0, '', '', '', '', '', '2007-11-20 15:14:41', 'N;', '2007-11-20 15:14:41', '', NULL, NULL, 0);
INSERT INTO `oa_ad_zone_assoc` (`ad_zone_assoc_id`, `zone_id`, `ad_id`, `priority`, `link_type`, `priority_factor`, `to_be_delivered`) VALUES(267, 54, 267, 0, 0, 1, 1);
INSERT INTO `oa_banners` (`bannerid`, `contenttype`, `pluginversion`, `storagetype`, `filename`, `imageurl`, `htmltemplate`, `htmlcache`, `width`, `height`, `weight`, `seq`, `target`, `url`, `alt`, `keyword`, `bannertext`, `description`, `autohtml`, `block`, `capping`, `compiledlimitation`, `append`, `appendtype`, `bannertype`, `transparent`, `campaignid`, `adserver`, `session_capping`, `acl_plugins`, `alt_filename`, `alt_imageurl`, `alt_contenttype`, `comments`, `updated`, `parameters`, `acls_updated`, `statustext`, `an_banner_id`, `as_banner_id`, `status`) VALUES(268, 'gif', 0, 'sql', '120x120.gif', '', '', '', 120, 120, 1, 0, '', 'http://www.wp.pl', '', '', '', '', 'f', 0, 0, 0x74727565, 0x48744d6c202d20, 0, 0, 0, 54, '', 0, '', '', '', '', '', '2007-11-20 15:14:41', 'N;', '2007-11-20 15:14:41', '', NULL, NULL, 0);
INSERT INTO `oa_ad_zone_assoc` (`ad_zone_assoc_id`, `zone_id`, `ad_id`, `priority`, `link_type`, `priority_factor`, `to_be_delivered`) VALUES(268, 54, 268, 0, 0, 1, 1);
INSERT INTO `oa_banners` (`bannerid`, `contenttype`, `pluginversion`, `storagetype`, `filename`, `imageurl`, `htmltemplate`, `htmlcache`, `width`, `height`, `weight`, `seq`, `target`, `url`, `alt`, `keyword`, `bannertext`, `description`, `autohtml`, `block`, `capping`, `compiledlimitation`, `append`, `appendtype`, `bannertype`, `transparent`, `campaignid`, `adserver`, `session_capping`, `acl_plugins`, `alt_filename`, `alt_imageurl`, `alt_contenttype`, `comments`, `updated`, `parameters`, `acls_updated`, `statustext`, `an_banner_id`, `as_banner_id`, `status`) VALUES(269, 'gif', 0, 'sql', '120x120.gif', '', '', '', 120, 120, 1, 0, '', 'http://www.wp.pl', '', '', '', '', 'f', 0, 0, 0x74727565, 0x48744d6c202d20, 0, 0, 0, 54, '', 0, '', '', '', '', '', '2007-11-20 15:14:41', 'N;', '2007-11-20 15:14:41', '', NULL, NULL, 0);
INSERT INTO `oa_ad_zone_assoc` (`ad_zone_assoc_id`, `zone_id`, `ad_id`, `priority`, `link_type`, `priority_factor`, `to_be_delivered`) VALUES(269, 54, 269, 0, 0, 1, 1);
INSERT INTO `oa_banners` (`bannerid`, `contenttype`, `pluginversion`, `storagetype`, `filename`, `imageurl`, `htmltemplate`, `htmlcache`, `width`, `height`, `weight`, `seq`, `target`, `url`, `alt`, `keyword`, `bannertext`, `description`, `autohtml`, `block`, `capping`, `compiledlimitation`, `append`, `appendtype`, `bannertype`, `transparent`, `campaignid`, `adserver`, `session_capping`, `acl_plugins`, `alt_filename`, `alt_imageurl`, `alt_contenttype`, `comments`, `updated`, `parameters`, `acls_updated`, `statustext`, `an_banner_id`, `as_banner_id`, `status`) VALUES(270, 'gif', 0, 'sql', '120x120.gif', '', '', '', 120, 120, 1, 0, '', 'http://www.wp.pl', '', '', '', '', 'f', 0, 0, 0x74727565, 0x48744d6c202d20, 0, 0, 0, 54, '', 0, '', '', '', '', '', '2007-11-20 15:14:41', 'N;', '2007-11-20 15:14:41', '', NULL, NULL, 0);
INSERT INTO `oa_ad_zone_assoc` (`ad_zone_assoc_id`, `zone_id`, `ad_id`, `priority`, `link_type`, `priority_factor`, `to_be_delivered`) VALUES(270, 54, 270, 0, 0, 1, 1);
INSERT INTO `oa_campaigns` (`campaignid`, `campaignname`, `clientid`, `views`, `clicks`, `conversions`, `expire`, `activate`, `priority`, `weight`, `target_impression`, `target_click`, `target_conversion`, `anonymous`, `companion`, `comments`, `revenue`, `revenue_type`, `updated`, `block`, `capping`, `session_capping`, `an_campaign_id`, `as_campaign_id`, `status`, `an_status`) VALUES(55, 'QA - Default Campaign55', 1, 1000, 1000, 1000, '0000-00-00', '0000-00-00', -1, 1, 0, 0, 0, 'f', 0, '', 1.0000, 2, '2007-11-20 16:09:08', 0, 0, 0, NULL, NULL, 0, 0);
INSERT INTO `oa_zones` (`zoneid`, `affiliateid`, `zonename`, `description`, `delivery`, `zonetype`, `what`, `width`, `height`, `chain`, `prepend`, `append`, `appendtype`, `category`, `ad_selection`, `forceappend`, `inventory_forecast_type`, `comments`, `cost`, `cost_type`, `cost_variable_id`, `technology_cost`, `technology_cost_type`, `updated`, `block`, `capping`, `session_capping`, `as_zone_id`) VALUES(55, 1, 'http://www.test1.org - Default', '', 0, 3, '', 120, 120, '', '', 0x5a6f6e65, 0, '', '', 'f', 0, '', 1.3333, 2, '', NULL, NULL, '2007-11-20 15:10:34', 0, 0, 0, NULL);
INSERT INTO `oa_placement_zone_assoc` (`placement_zone_assoc_id`, `zone_id`, `placement_id`) VALUES(55, 55, 55);

INSERT INTO `oa_banners` (`bannerid`, `contenttype`, `pluginversion`, `storagetype`, `filename`, `imageurl`, `htmltemplate`, `htmlcache`, `width`, `height`, `weight`, `seq`, `target`, `url`, `alt`, `keyword`, `bannertext`, `description`, `autohtml`, `block`, `capping`, `compiledlimitation`, `append`, `appendtype`, `bannertype`, `transparent`, `campaignid`, `adserver`, `session_capping`, `acl_plugins`, `alt_filename`, `alt_imageurl`, `alt_contenttype`, `comments`, `updated`, `parameters`, `acls_updated`, `statustext`, `an_banner_id`, `as_banner_id`, `status`) VALUES(271, 'gif', 0, 'sql', '120x120.gif', '', '', '', 120, 120, 1, 0, '', 'http://www.wp.pl', '', '', '', '', 'f', 0, 0, 0x74727565, 0x48744d6c202d20, 0, 0, 0, 55, '', 0, '', '', '', '', '', '2007-11-20 15:14:41', 'N;', '2007-11-20 15:14:41', '', NULL, NULL, 0);
INSERT INTO `oa_ad_zone_assoc` (`ad_zone_assoc_id`, `zone_id`, `ad_id`, `priority`, `link_type`, `priority_factor`, `to_be_delivered`) VALUES(271, 55, 271, 0, 0, 1, 1);
INSERT INTO `oa_banners` (`bannerid`, `contenttype`, `pluginversion`, `storagetype`, `filename`, `imageurl`, `htmltemplate`, `htmlcache`, `width`, `height`, `weight`, `seq`, `target`, `url`, `alt`, `keyword`, `bannertext`, `description`, `autohtml`, `block`, `capping`, `compiledlimitation`, `append`, `appendtype`, `bannertype`, `transparent`, `campaignid`, `adserver`, `session_capping`, `acl_plugins`, `alt_filename`, `alt_imageurl`, `alt_contenttype`, `comments`, `updated`, `parameters`, `acls_updated`, `statustext`, `an_banner_id`, `as_banner_id`, `status`) VALUES(272, 'gif', 0, 'sql', '120x120.gif', '', '', '', 120, 120, 1, 0, '', 'http://www.wp.pl', '', '', '', '', 'f', 0, 0, 0x74727565, 0x48744d6c202d20, 0, 0, 0, 55, '', 0, '', '', '', '', '', '2007-11-20 15:14:41', 'N;', '2007-11-20 15:14:41', '', NULL, NULL, 0);
INSERT INTO `oa_ad_zone_assoc` (`ad_zone_assoc_id`, `zone_id`, `ad_id`, `priority`, `link_type`, `priority_factor`, `to_be_delivered`) VALUES(272, 55, 272, 0, 0, 1, 1);
INSERT INTO `oa_banners` (`bannerid`, `contenttype`, `pluginversion`, `storagetype`, `filename`, `imageurl`, `htmltemplate`, `htmlcache`, `width`, `height`, `weight`, `seq`, `target`, `url`, `alt`, `keyword`, `bannertext`, `description`, `autohtml`, `block`, `capping`, `compiledlimitation`, `append`, `appendtype`, `bannertype`, `transparent`, `campaignid`, `adserver`, `session_capping`, `acl_plugins`, `alt_filename`, `alt_imageurl`, `alt_contenttype`, `comments`, `updated`, `parameters`, `acls_updated`, `statustext`, `an_banner_id`, `as_banner_id`, `status`) VALUES(273, 'gif', 0, 'sql', '120x120.gif', '', '', '', 120, 120, 1, 0, '', 'http://www.wp.pl', '', '', '', '', 'f', 0, 0, 0x74727565, 0x48744d6c202d20, 0, 0, 0, 55, '', 0, '', '', '', '', '', '2007-11-20 15:14:41', 'N;', '2007-11-20 15:14:41', '', NULL, NULL, 0);
INSERT INTO `oa_ad_zone_assoc` (`ad_zone_assoc_id`, `zone_id`, `ad_id`, `priority`, `link_type`, `priority_factor`, `to_be_delivered`) VALUES(273, 55, 273, 0, 0, 1, 1);
INSERT INTO `oa_banners` (`bannerid`, `contenttype`, `pluginversion`, `storagetype`, `filename`, `imageurl`, `htmltemplate`, `htmlcache`, `width`, `height`, `weight`, `seq`, `target`, `url`, `alt`, `keyword`, `bannertext`, `description`, `autohtml`, `block`, `capping`, `compiledlimitation`, `append`, `appendtype`, `bannertype`, `transparent`, `campaignid`, `adserver`, `session_capping`, `acl_plugins`, `alt_filename`, `alt_imageurl`, `alt_contenttype`, `comments`, `updated`, `parameters`, `acls_updated`, `statustext`, `an_banner_id`, `as_banner_id`, `status`) VALUES(274, 'gif', 0, 'sql', '120x120.gif', '', '', '', 120, 120, 1, 0, '', 'http://www.wp.pl', '', '', '', '', 'f', 0, 0, 0x74727565, 0x48744d6c202d20, 0, 0, 0, 55, '', 0, '', '', '', '', '', '2007-11-20 15:14:41', 'N;', '2007-11-20 15:14:41', '', NULL, NULL, 0);
INSERT INTO `oa_ad_zone_assoc` (`ad_zone_assoc_id`, `zone_id`, `ad_id`, `priority`, `link_type`, `priority_factor`, `to_be_delivered`) VALUES(274, 55, 274, 0, 0, 1, 1);
INSERT INTO `oa_banners` (`bannerid`, `contenttype`, `pluginversion`, `storagetype`, `filename`, `imageurl`, `htmltemplate`, `htmlcache`, `width`, `height`, `weight`, `seq`, `target`, `url`, `alt`, `keyword`, `bannertext`, `description`, `autohtml`, `block`, `capping`, `compiledlimitation`, `append`, `appendtype`, `bannertype`, `transparent`, `campaignid`, `adserver`, `session_capping`, `acl_plugins`, `alt_filename`, `alt_imageurl`, `alt_contenttype`, `comments`, `updated`, `parameters`, `acls_updated`, `statustext`, `an_banner_id`, `as_banner_id`, `status`) VALUES(275, 'gif', 0, 'sql', '120x120.gif', '', '', '', 120, 120, 1, 0, '', 'http://www.wp.pl', '', '', '', '', 'f', 0, 0, 0x74727565, 0x48744d6c202d20, 0, 0, 0, 55, '', 0, '', '', '', '', '', '2007-11-20 15:14:41', 'N;', '2007-11-20 15:14:41', '', NULL, NULL, 0);
INSERT INTO `oa_ad_zone_assoc` (`ad_zone_assoc_id`, `zone_id`, `ad_id`, `priority`, `link_type`, `priority_factor`, `to_be_delivered`) VALUES(275, 55, 275, 0, 0, 1, 1);
INSERT INTO `oa_campaigns` (`campaignid`, `campaignname`, `clientid`, `views`, `clicks`, `conversions`, `expire`, `activate`, `priority`, `weight`, `target_impression`, `target_click`, `target_conversion`, `anonymous`, `companion`, `comments`, `revenue`, `revenue_type`, `updated`, `block`, `capping`, `session_capping`, `an_campaign_id`, `as_campaign_id`, `status`, `an_status`) VALUES(56, 'QA - Default Campaign56', 1, 1000, 1000, 1000, '0000-00-00', '0000-00-00', -1, 1, 0, 0, 0, 'f', 0, '', 1.0000, 2, '2007-11-20 16:09:08', 0, 0, 0, NULL, NULL, 0, 0);
INSERT INTO `oa_zones` (`zoneid`, `affiliateid`, `zonename`, `description`, `delivery`, `zonetype`, `what`, `width`, `height`, `chain`, `prepend`, `append`, `appendtype`, `category`, `ad_selection`, `forceappend`, `inventory_forecast_type`, `comments`, `cost`, `cost_type`, `cost_variable_id`, `technology_cost`, `technology_cost_type`, `updated`, `block`, `capping`, `session_capping`, `as_zone_id`) VALUES(56, 1, 'http://www.test1.org - Default', '', 0, 3, '', 120, 120, '', '', 0x5a6f6e65, 0, '', '', 'f', 0, '', 1.3333, 2, '', NULL, NULL, '2007-11-20 15:10:34', 0, 0, 0, NULL);
INSERT INTO `oa_placement_zone_assoc` (`placement_zone_assoc_id`, `zone_id`, `placement_id`) VALUES(56, 56, 56);

INSERT INTO `oa_banners` (`bannerid`, `contenttype`, `pluginversion`, `storagetype`, `filename`, `imageurl`, `htmltemplate`, `htmlcache`, `width`, `height`, `weight`, `seq`, `target`, `url`, `alt`, `keyword`, `bannertext`, `description`, `autohtml`, `block`, `capping`, `compiledlimitation`, `append`, `appendtype`, `bannertype`, `transparent`, `campaignid`, `adserver`, `session_capping`, `acl_plugins`, `alt_filename`, `alt_imageurl`, `alt_contenttype`, `comments`, `updated`, `parameters`, `acls_updated`, `statustext`, `an_banner_id`, `as_banner_id`, `status`) VALUES(276, 'gif', 0, 'sql', '120x120.gif', '', '', '', 120, 120, 1, 0, '', 'http://www.wp.pl', '', '', '', '', 'f', 0, 0, 0x74727565, 0x48744d6c202d20, 0, 0, 0, 56, '', 0, '', '', '', '', '', '2007-11-20 15:14:41', 'N;', '2007-11-20 15:14:41', '', NULL, NULL, 0);
INSERT INTO `oa_ad_zone_assoc` (`ad_zone_assoc_id`, `zone_id`, `ad_id`, `priority`, `link_type`, `priority_factor`, `to_be_delivered`) VALUES(276, 56, 276, 0, 0, 1, 1);
INSERT INTO `oa_banners` (`bannerid`, `contenttype`, `pluginversion`, `storagetype`, `filename`, `imageurl`, `htmltemplate`, `htmlcache`, `width`, `height`, `weight`, `seq`, `target`, `url`, `alt`, `keyword`, `bannertext`, `description`, `autohtml`, `block`, `capping`, `compiledlimitation`, `append`, `appendtype`, `bannertype`, `transparent`, `campaignid`, `adserver`, `session_capping`, `acl_plugins`, `alt_filename`, `alt_imageurl`, `alt_contenttype`, `comments`, `updated`, `parameters`, `acls_updated`, `statustext`, `an_banner_id`, `as_banner_id`, `status`) VALUES(277, 'gif', 0, 'sql', '120x120.gif', '', '', '', 120, 120, 1, 0, '', 'http://www.wp.pl', '', '', '', '', 'f', 0, 0, 0x74727565, 0x48744d6c202d20, 0, 0, 0, 56, '', 0, '', '', '', '', '', '2007-11-20 15:14:41', 'N;', '2007-11-20 15:14:41', '', NULL, NULL, 0);
INSERT INTO `oa_ad_zone_assoc` (`ad_zone_assoc_id`, `zone_id`, `ad_id`, `priority`, `link_type`, `priority_factor`, `to_be_delivered`) VALUES(277, 56, 277, 0, 0, 1, 1);
INSERT INTO `oa_banners` (`bannerid`, `contenttype`, `pluginversion`, `storagetype`, `filename`, `imageurl`, `htmltemplate`, `htmlcache`, `width`, `height`, `weight`, `seq`, `target`, `url`, `alt`, `keyword`, `bannertext`, `description`, `autohtml`, `block`, `capping`, `compiledlimitation`, `append`, `appendtype`, `bannertype`, `transparent`, `campaignid`, `adserver`, `session_capping`, `acl_plugins`, `alt_filename`, `alt_imageurl`, `alt_contenttype`, `comments`, `updated`, `parameters`, `acls_updated`, `statustext`, `an_banner_id`, `as_banner_id`, `status`) VALUES(278, 'gif', 0, 'sql', '120x120.gif', '', '', '', 120, 120, 1, 0, '', 'http://www.wp.pl', '', '', '', '', 'f', 0, 0, 0x74727565, 0x48744d6c202d20, 0, 0, 0, 56, '', 0, '', '', '', '', '', '2007-11-20 15:14:41', 'N;', '2007-11-20 15:14:41', '', NULL, NULL, 0);
INSERT INTO `oa_ad_zone_assoc` (`ad_zone_assoc_id`, `zone_id`, `ad_id`, `priority`, `link_type`, `priority_factor`, `to_be_delivered`) VALUES(278, 56, 278, 0, 0, 1, 1);
INSERT INTO `oa_banners` (`bannerid`, `contenttype`, `pluginversion`, `storagetype`, `filename`, `imageurl`, `htmltemplate`, `htmlcache`, `width`, `height`, `weight`, `seq`, `target`, `url`, `alt`, `keyword`, `bannertext`, `description`, `autohtml`, `block`, `capping`, `compiledlimitation`, `append`, `appendtype`, `bannertype`, `transparent`, `campaignid`, `adserver`, `session_capping`, `acl_plugins`, `alt_filename`, `alt_imageurl`, `alt_contenttype`, `comments`, `updated`, `parameters`, `acls_updated`, `statustext`, `an_banner_id`, `as_banner_id`, `status`) VALUES(279, 'gif', 0, 'sql', '120x120.gif', '', '', '', 120, 120, 1, 0, '', 'http://www.wp.pl', '', '', '', '', 'f', 0, 0, 0x74727565, 0x48744d6c202d20, 0, 0, 0, 56, '', 0, '', '', '', '', '', '2007-11-20 15:14:41', 'N;', '2007-11-20 15:14:41', '', NULL, NULL, 0);
INSERT INTO `oa_ad_zone_assoc` (`ad_zone_assoc_id`, `zone_id`, `ad_id`, `priority`, `link_type`, `priority_factor`, `to_be_delivered`) VALUES(279, 56, 279, 0, 0, 1, 1);
INSERT INTO `oa_banners` (`bannerid`, `contenttype`, `pluginversion`, `storagetype`, `filename`, `imageurl`, `htmltemplate`, `htmlcache`, `width`, `height`, `weight`, `seq`, `target`, `url`, `alt`, `keyword`, `bannertext`, `description`, `autohtml`, `block`, `capping`, `compiledlimitation`, `append`, `appendtype`, `bannertype`, `transparent`, `campaignid`, `adserver`, `session_capping`, `acl_plugins`, `alt_filename`, `alt_imageurl`, `alt_contenttype`, `comments`, `updated`, `parameters`, `acls_updated`, `statustext`, `an_banner_id`, `as_banner_id`, `status`) VALUES(280, 'gif', 0, 'sql', '120x120.gif', '', '', '', 120, 120, 1, 0, '', 'http://www.wp.pl', '', '', '', '', 'f', 0, 0, 0x74727565, 0x48744d6c202d20, 0, 0, 0, 56, '', 0, '', '', '', '', '', '2007-11-20 15:14:41', 'N;', '2007-11-20 15:14:41', '', NULL, NULL, 0);
INSERT INTO `oa_ad_zone_assoc` (`ad_zone_assoc_id`, `zone_id`, `ad_id`, `priority`, `link_type`, `priority_factor`, `to_be_delivered`) VALUES(280, 56, 280, 0, 0, 1, 1);
INSERT INTO `oa_campaigns` (`campaignid`, `campaignname`, `clientid`, `views`, `clicks`, `conversions`, `expire`, `activate`, `priority`, `weight`, `target_impression`, `target_click`, `target_conversion`, `anonymous`, `companion`, `comments`, `revenue`, `revenue_type`, `updated`, `block`, `capping`, `session_capping`, `an_campaign_id`, `as_campaign_id`, `status`, `an_status`) VALUES(57, 'QA - Default Campaign57', 1, 1000, 1000, 1000, '0000-00-00', '0000-00-00', -1, 1, 0, 0, 0, 'f', 0, '', 1.0000, 2, '2007-11-20 16:09:08', 0, 0, 0, NULL, NULL, 0, 0);
INSERT INTO `oa_zones` (`zoneid`, `affiliateid`, `zonename`, `description`, `delivery`, `zonetype`, `what`, `width`, `height`, `chain`, `prepend`, `append`, `appendtype`, `category`, `ad_selection`, `forceappend`, `inventory_forecast_type`, `comments`, `cost`, `cost_type`, `cost_variable_id`, `technology_cost`, `technology_cost_type`, `updated`, `block`, `capping`, `session_capping`, `as_zone_id`) VALUES(57, 1, 'http://www.test1.org - Default', '', 0, 3, '', 120, 120, '', '', 0x5a6f6e65, 0, '', '', 'f', 0, '', 1.3333, 2, '', NULL, NULL, '2007-11-20 15:10:34', 0, 0, 0, NULL);
INSERT INTO `oa_placement_zone_assoc` (`placement_zone_assoc_id`, `zone_id`, `placement_id`) VALUES(57, 57, 57);

INSERT INTO `oa_banners` (`bannerid`, `contenttype`, `pluginversion`, `storagetype`, `filename`, `imageurl`, `htmltemplate`, `htmlcache`, `width`, `height`, `weight`, `seq`, `target`, `url`, `alt`, `keyword`, `bannertext`, `description`, `autohtml`, `block`, `capping`, `compiledlimitation`, `append`, `appendtype`, `bannertype`, `transparent`, `campaignid`, `adserver`, `session_capping`, `acl_plugins`, `alt_filename`, `alt_imageurl`, `alt_contenttype`, `comments`, `updated`, `parameters`, `acls_updated`, `statustext`, `an_banner_id`, `as_banner_id`, `status`) VALUES(281, 'gif', 0, 'sql', '120x120.gif', '', '', '', 120, 120, 1, 0, '', 'http://www.wp.pl', '', '', '', '', 'f', 0, 0, 0x74727565, 0x48744d6c202d20, 0, 0, 0, 57, '', 0, '', '', '', '', '', '2007-11-20 15:14:41', 'N;', '2007-11-20 15:14:41', '', NULL, NULL, 0);
INSERT INTO `oa_ad_zone_assoc` (`ad_zone_assoc_id`, `zone_id`, `ad_id`, `priority`, `link_type`, `priority_factor`, `to_be_delivered`) VALUES(281, 57, 281, 0, 0, 1, 1);
INSERT INTO `oa_banners` (`bannerid`, `contenttype`, `pluginversion`, `storagetype`, `filename`, `imageurl`, `htmltemplate`, `htmlcache`, `width`, `height`, `weight`, `seq`, `target`, `url`, `alt`, `keyword`, `bannertext`, `description`, `autohtml`, `block`, `capping`, `compiledlimitation`, `append`, `appendtype`, `bannertype`, `transparent`, `campaignid`, `adserver`, `session_capping`, `acl_plugins`, `alt_filename`, `alt_imageurl`, `alt_contenttype`, `comments`, `updated`, `parameters`, `acls_updated`, `statustext`, `an_banner_id`, `as_banner_id`, `status`) VALUES(282, 'gif', 0, 'sql', '120x120.gif', '', '', '', 120, 120, 1, 0, '', 'http://www.wp.pl', '', '', '', '', 'f', 0, 0, 0x74727565, 0x48744d6c202d20, 0, 0, 0, 57, '', 0, '', '', '', '', '', '2007-11-20 15:14:41', 'N;', '2007-11-20 15:14:41', '', NULL, NULL, 0);
INSERT INTO `oa_ad_zone_assoc` (`ad_zone_assoc_id`, `zone_id`, `ad_id`, `priority`, `link_type`, `priority_factor`, `to_be_delivered`) VALUES(282, 57, 282, 0, 0, 1, 1);
INSERT INTO `oa_banners` (`bannerid`, `contenttype`, `pluginversion`, `storagetype`, `filename`, `imageurl`, `htmltemplate`, `htmlcache`, `width`, `height`, `weight`, `seq`, `target`, `url`, `alt`, `keyword`, `bannertext`, `description`, `autohtml`, `block`, `capping`, `compiledlimitation`, `append`, `appendtype`, `bannertype`, `transparent`, `campaignid`, `adserver`, `session_capping`, `acl_plugins`, `alt_filename`, `alt_imageurl`, `alt_contenttype`, `comments`, `updated`, `parameters`, `acls_updated`, `statustext`, `an_banner_id`, `as_banner_id`, `status`) VALUES(283, 'gif', 0, 'sql', '120x120.gif', '', '', '', 120, 120, 1, 0, '', 'http://www.wp.pl', '', '', '', '', 'f', 0, 0, 0x74727565, 0x48744d6c202d20, 0, 0, 0, 57, '', 0, '', '', '', '', '', '2007-11-20 15:14:41', 'N;', '2007-11-20 15:14:41', '', NULL, NULL, 0);
INSERT INTO `oa_ad_zone_assoc` (`ad_zone_assoc_id`, `zone_id`, `ad_id`, `priority`, `link_type`, `priority_factor`, `to_be_delivered`) VALUES(283, 57, 283, 0, 0, 1, 1);
INSERT INTO `oa_banners` (`bannerid`, `contenttype`, `pluginversion`, `storagetype`, `filename`, `imageurl`, `htmltemplate`, `htmlcache`, `width`, `height`, `weight`, `seq`, `target`, `url`, `alt`, `keyword`, `bannertext`, `description`, `autohtml`, `block`, `capping`, `compiledlimitation`, `append`, `appendtype`, `bannertype`, `transparent`, `campaignid`, `adserver`, `session_capping`, `acl_plugins`, `alt_filename`, `alt_imageurl`, `alt_contenttype`, `comments`, `updated`, `parameters`, `acls_updated`, `statustext`, `an_banner_id`, `as_banner_id`, `status`) VALUES(284, 'gif', 0, 'sql', '120x120.gif', '', '', '', 120, 120, 1, 0, '', 'http://www.wp.pl', '', '', '', '', 'f', 0, 0, 0x74727565, 0x48744d6c202d20, 0, 0, 0, 57, '', 0, '', '', '', '', '', '2007-11-20 15:14:41', 'N;', '2007-11-20 15:14:41', '', NULL, NULL, 0);
INSERT INTO `oa_ad_zone_assoc` (`ad_zone_assoc_id`, `zone_id`, `ad_id`, `priority`, `link_type`, `priority_factor`, `to_be_delivered`) VALUES(284, 57, 284, 0, 0, 1, 1);
INSERT INTO `oa_banners` (`bannerid`, `contenttype`, `pluginversion`, `storagetype`, `filename`, `imageurl`, `htmltemplate`, `htmlcache`, `width`, `height`, `weight`, `seq`, `target`, `url`, `alt`, `keyword`, `bannertext`, `description`, `autohtml`, `block`, `capping`, `compiledlimitation`, `append`, `appendtype`, `bannertype`, `transparent`, `campaignid`, `adserver`, `session_capping`, `acl_plugins`, `alt_filename`, `alt_imageurl`, `alt_contenttype`, `comments`, `updated`, `parameters`, `acls_updated`, `statustext`, `an_banner_id`, `as_banner_id`, `status`) VALUES(285, 'gif', 0, 'sql', '120x120.gif', '', '', '', 120, 120, 1, 0, '', 'http://www.wp.pl', '', '', '', '', 'f', 0, 0, 0x74727565, 0x48744d6c202d20, 0, 0, 0, 57, '', 0, '', '', '', '', '', '2007-11-20 15:14:41', 'N;', '2007-11-20 15:14:41', '', NULL, NULL, 0);
INSERT INTO `oa_ad_zone_assoc` (`ad_zone_assoc_id`, `zone_id`, `ad_id`, `priority`, `link_type`, `priority_factor`, `to_be_delivered`) VALUES(285, 57, 285, 0, 0, 1, 1);
INSERT INTO `oa_campaigns` (`campaignid`, `campaignname`, `clientid`, `views`, `clicks`, `conversions`, `expire`, `activate`, `priority`, `weight`, `target_impression`, `target_click`, `target_conversion`, `anonymous`, `companion`, `comments`, `revenue`, `revenue_type`, `updated`, `block`, `capping`, `session_capping`, `an_campaign_id`, `as_campaign_id`, `status`, `an_status`) VALUES(58, 'QA - Default Campaign58', 1, 1000, 1000, 1000, '0000-00-00', '0000-00-00', -1, 1, 0, 0, 0, 'f', 0, '', 1.0000, 2, '2007-11-20 16:09:08', 0, 0, 0, NULL, NULL, 0, 0);
INSERT INTO `oa_zones` (`zoneid`, `affiliateid`, `zonename`, `description`, `delivery`, `zonetype`, `what`, `width`, `height`, `chain`, `prepend`, `append`, `appendtype`, `category`, `ad_selection`, `forceappend`, `inventory_forecast_type`, `comments`, `cost`, `cost_type`, `cost_variable_id`, `technology_cost`, `technology_cost_type`, `updated`, `block`, `capping`, `session_capping`, `as_zone_id`) VALUES(58, 1, 'http://www.test1.org - Default', '', 0, 3, '', 120, 120, '', '', 0x5a6f6e65, 0, '', '', 'f', 0, '', 1.3333, 2, '', NULL, NULL, '2007-11-20 15:10:34', 0, 0, 0, NULL);
INSERT INTO `oa_placement_zone_assoc` (`placement_zone_assoc_id`, `zone_id`, `placement_id`) VALUES(58, 58, 58);

INSERT INTO `oa_banners` (`bannerid`, `contenttype`, `pluginversion`, `storagetype`, `filename`, `imageurl`, `htmltemplate`, `htmlcache`, `width`, `height`, `weight`, `seq`, `target`, `url`, `alt`, `keyword`, `bannertext`, `description`, `autohtml`, `block`, `capping`, `compiledlimitation`, `append`, `appendtype`, `bannertype`, `transparent`, `campaignid`, `adserver`, `session_capping`, `acl_plugins`, `alt_filename`, `alt_imageurl`, `alt_contenttype`, `comments`, `updated`, `parameters`, `acls_updated`, `statustext`, `an_banner_id`, `as_banner_id`, `status`) VALUES(286, 'gif', 0, 'sql', '120x120.gif', '', '', '', 120, 120, 1, 0, '', 'http://www.wp.pl', '', '', '', '', 'f', 0, 0, 0x74727565, 0x48744d6c202d20, 0, 0, 0, 58, '', 0, '', '', '', '', '', '2007-11-20 15:14:41', 'N;', '2007-11-20 15:14:41', '', NULL, NULL, 0);
INSERT INTO `oa_ad_zone_assoc` (`ad_zone_assoc_id`, `zone_id`, `ad_id`, `priority`, `link_type`, `priority_factor`, `to_be_delivered`) VALUES(286, 58, 286, 0, 0, 1, 1);
INSERT INTO `oa_banners` (`bannerid`, `contenttype`, `pluginversion`, `storagetype`, `filename`, `imageurl`, `htmltemplate`, `htmlcache`, `width`, `height`, `weight`, `seq`, `target`, `url`, `alt`, `keyword`, `bannertext`, `description`, `autohtml`, `block`, `capping`, `compiledlimitation`, `append`, `appendtype`, `bannertype`, `transparent`, `campaignid`, `adserver`, `session_capping`, `acl_plugins`, `alt_filename`, `alt_imageurl`, `alt_contenttype`, `comments`, `updated`, `parameters`, `acls_updated`, `statustext`, `an_banner_id`, `as_banner_id`, `status`) VALUES(287, 'gif', 0, 'sql', '120x120.gif', '', '', '', 120, 120, 1, 0, '', 'http://www.wp.pl', '', '', '', '', 'f', 0, 0, 0x74727565, 0x48744d6c202d20, 0, 0, 0, 58, '', 0, '', '', '', '', '', '2007-11-20 15:14:41', 'N;', '2007-11-20 15:14:41', '', NULL, NULL, 0);
INSERT INTO `oa_ad_zone_assoc` (`ad_zone_assoc_id`, `zone_id`, `ad_id`, `priority`, `link_type`, `priority_factor`, `to_be_delivered`) VALUES(287, 58, 287, 0, 0, 1, 1);
INSERT INTO `oa_banners` (`bannerid`, `contenttype`, `pluginversion`, `storagetype`, `filename`, `imageurl`, `htmltemplate`, `htmlcache`, `width`, `height`, `weight`, `seq`, `target`, `url`, `alt`, `keyword`, `bannertext`, `description`, `autohtml`, `block`, `capping`, `compiledlimitation`, `append`, `appendtype`, `bannertype`, `transparent`, `campaignid`, `adserver`, `session_capping`, `acl_plugins`, `alt_filename`, `alt_imageurl`, `alt_contenttype`, `comments`, `updated`, `parameters`, `acls_updated`, `statustext`, `an_banner_id`, `as_banner_id`, `status`) VALUES(288, 'gif', 0, 'sql', '120x120.gif', '', '', '', 120, 120, 1, 0, '', 'http://www.wp.pl', '', '', '', '', 'f', 0, 0, 0x74727565, 0x48744d6c202d20, 0, 0, 0, 58, '', 0, '', '', '', '', '', '2007-11-20 15:14:41', 'N;', '2007-11-20 15:14:41', '', NULL, NULL, 0);
INSERT INTO `oa_ad_zone_assoc` (`ad_zone_assoc_id`, `zone_id`, `ad_id`, `priority`, `link_type`, `priority_factor`, `to_be_delivered`) VALUES(288, 58, 288, 0, 0, 1, 1);
INSERT INTO `oa_banners` (`bannerid`, `contenttype`, `pluginversion`, `storagetype`, `filename`, `imageurl`, `htmltemplate`, `htmlcache`, `width`, `height`, `weight`, `seq`, `target`, `url`, `alt`, `keyword`, `bannertext`, `description`, `autohtml`, `block`, `capping`, `compiledlimitation`, `append`, `appendtype`, `bannertype`, `transparent`, `campaignid`, `adserver`, `session_capping`, `acl_plugins`, `alt_filename`, `alt_imageurl`, `alt_contenttype`, `comments`, `updated`, `parameters`, `acls_updated`, `statustext`, `an_banner_id`, `as_banner_id`, `status`) VALUES(289, 'gif', 0, 'sql', '120x120.gif', '', '', '', 120, 120, 1, 0, '', 'http://www.wp.pl', '', '', '', '', 'f', 0, 0, 0x74727565, 0x48744d6c202d20, 0, 0, 0, 58, '', 0, '', '', '', '', '', '2007-11-20 15:14:41', 'N;', '2007-11-20 15:14:41', '', NULL, NULL, 0);
INSERT INTO `oa_ad_zone_assoc` (`ad_zone_assoc_id`, `zone_id`, `ad_id`, `priority`, `link_type`, `priority_factor`, `to_be_delivered`) VALUES(289, 58, 289, 0, 0, 1, 1);
INSERT INTO `oa_banners` (`bannerid`, `contenttype`, `pluginversion`, `storagetype`, `filename`, `imageurl`, `htmltemplate`, `htmlcache`, `width`, `height`, `weight`, `seq`, `target`, `url`, `alt`, `keyword`, `bannertext`, `description`, `autohtml`, `block`, `capping`, `compiledlimitation`, `append`, `appendtype`, `bannertype`, `transparent`, `campaignid`, `adserver`, `session_capping`, `acl_plugins`, `alt_filename`, `alt_imageurl`, `alt_contenttype`, `comments`, `updated`, `parameters`, `acls_updated`, `statustext`, `an_banner_id`, `as_banner_id`, `status`) VALUES(290, 'gif', 0, 'sql', '120x120.gif', '', '', '', 120, 120, 1, 0, '', 'http://www.wp.pl', '', '', '', '', 'f', 0, 0, 0x74727565, 0x48744d6c202d20, 0, 0, 0, 58, '', 0, '', '', '', '', '', '2007-11-20 15:14:41', 'N;', '2007-11-20 15:14:41', '', NULL, NULL, 0);
INSERT INTO `oa_ad_zone_assoc` (`ad_zone_assoc_id`, `zone_id`, `ad_id`, `priority`, `link_type`, `priority_factor`, `to_be_delivered`) VALUES(290, 58, 290, 0, 0, 1, 1);
INSERT INTO `oa_campaigns` (`campaignid`, `campaignname`, `clientid`, `views`, `clicks`, `conversions`, `expire`, `activate`, `priority`, `weight`, `target_impression`, `target_click`, `target_conversion`, `anonymous`, `companion`, `comments`, `revenue`, `revenue_type`, `updated`, `block`, `capping`, `session_capping`, `an_campaign_id`, `as_campaign_id`, `status`, `an_status`) VALUES(59, 'QA - Default Campaign59', 1, 1000, 1000, 1000, '0000-00-00', '0000-00-00', -1, 1, 0, 0, 0, 'f', 0, '', 1.0000, 2, '2007-11-20 16:09:08', 0, 0, 0, NULL, NULL, 0, 0);
INSERT INTO `oa_zones` (`zoneid`, `affiliateid`, `zonename`, `description`, `delivery`, `zonetype`, `what`, `width`, `height`, `chain`, `prepend`, `append`, `appendtype`, `category`, `ad_selection`, `forceappend`, `inventory_forecast_type`, `comments`, `cost`, `cost_type`, `cost_variable_id`, `technology_cost`, `technology_cost_type`, `updated`, `block`, `capping`, `session_capping`, `as_zone_id`) VALUES(59, 1, 'http://www.test1.org - Default', '', 0, 3, '', 120, 120, '', '', 0x5a6f6e65, 0, '', '', 'f', 0, '', 1.3333, 2, '', NULL, NULL, '2007-11-20 15:10:34', 0, 0, 0, NULL);
INSERT INTO `oa_placement_zone_assoc` (`placement_zone_assoc_id`, `zone_id`, `placement_id`) VALUES(59, 59, 59);

INSERT INTO `oa_banners` (`bannerid`, `contenttype`, `pluginversion`, `storagetype`, `filename`, `imageurl`, `htmltemplate`, `htmlcache`, `width`, `height`, `weight`, `seq`, `target`, `url`, `alt`, `keyword`, `bannertext`, `description`, `autohtml`, `block`, `capping`, `compiledlimitation`, `append`, `appendtype`, `bannertype`, `transparent`, `campaignid`, `adserver`, `session_capping`, `acl_plugins`, `alt_filename`, `alt_imageurl`, `alt_contenttype`, `comments`, `updated`, `parameters`, `acls_updated`, `statustext`, `an_banner_id`, `as_banner_id`, `status`) VALUES(291, 'gif', 0, 'sql', '120x120.gif', '', '', '', 120, 120, 1, 0, '', 'http://www.wp.pl', '', '', '', '', 'f', 0, 0, 0x74727565, 0x48744d6c202d20, 0, 0, 0, 59, '', 0, '', '', '', '', '', '2007-11-20 15:14:41', 'N;', '2007-11-20 15:14:41', '', NULL, NULL, 0);
INSERT INTO `oa_ad_zone_assoc` (`ad_zone_assoc_id`, `zone_id`, `ad_id`, `priority`, `link_type`, `priority_factor`, `to_be_delivered`) VALUES(291, 59, 291, 0, 0, 1, 1);
INSERT INTO `oa_banners` (`bannerid`, `contenttype`, `pluginversion`, `storagetype`, `filename`, `imageurl`, `htmltemplate`, `htmlcache`, `width`, `height`, `weight`, `seq`, `target`, `url`, `alt`, `keyword`, `bannertext`, `description`, `autohtml`, `block`, `capping`, `compiledlimitation`, `append`, `appendtype`, `bannertype`, `transparent`, `campaignid`, `adserver`, `session_capping`, `acl_plugins`, `alt_filename`, `alt_imageurl`, `alt_contenttype`, `comments`, `updated`, `parameters`, `acls_updated`, `statustext`, `an_banner_id`, `as_banner_id`, `status`) VALUES(292, 'gif', 0, 'sql', '120x120.gif', '', '', '', 120, 120, 1, 0, '', 'http://www.wp.pl', '', '', '', '', 'f', 0, 0, 0x74727565, 0x48744d6c202d20, 0, 0, 0, 59, '', 0, '', '', '', '', '', '2007-11-20 15:14:41', 'N;', '2007-11-20 15:14:41', '', NULL, NULL, 0);
INSERT INTO `oa_ad_zone_assoc` (`ad_zone_assoc_id`, `zone_id`, `ad_id`, `priority`, `link_type`, `priority_factor`, `to_be_delivered`) VALUES(292, 59, 292, 0, 0, 1, 1);
INSERT INTO `oa_banners` (`bannerid`, `contenttype`, `pluginversion`, `storagetype`, `filename`, `imageurl`, `htmltemplate`, `htmlcache`, `width`, `height`, `weight`, `seq`, `target`, `url`, `alt`, `keyword`, `bannertext`, `description`, `autohtml`, `block`, `capping`, `compiledlimitation`, `append`, `appendtype`, `bannertype`, `transparent`, `campaignid`, `adserver`, `session_capping`, `acl_plugins`, `alt_filename`, `alt_imageurl`, `alt_contenttype`, `comments`, `updated`, `parameters`, `acls_updated`, `statustext`, `an_banner_id`, `as_banner_id`, `status`) VALUES(293, 'gif', 0, 'sql', '120x120.gif', '', '', '', 120, 120, 1, 0, '', 'http://www.wp.pl', '', '', '', '', 'f', 0, 0, 0x74727565, 0x48744d6c202d20, 0, 0, 0, 59, '', 0, '', '', '', '', '', '2007-11-20 15:14:41', 'N;', '2007-11-20 15:14:41', '', NULL, NULL, 0);
INSERT INTO `oa_ad_zone_assoc` (`ad_zone_assoc_id`, `zone_id`, `ad_id`, `priority`, `link_type`, `priority_factor`, `to_be_delivered`) VALUES(293, 59, 293, 0, 0, 1, 1);
INSERT INTO `oa_banners` (`bannerid`, `contenttype`, `pluginversion`, `storagetype`, `filename`, `imageurl`, `htmltemplate`, `htmlcache`, `width`, `height`, `weight`, `seq`, `target`, `url`, `alt`, `keyword`, `bannertext`, `description`, `autohtml`, `block`, `capping`, `compiledlimitation`, `append`, `appendtype`, `bannertype`, `transparent`, `campaignid`, `adserver`, `session_capping`, `acl_plugins`, `alt_filename`, `alt_imageurl`, `alt_contenttype`, `comments`, `updated`, `parameters`, `acls_updated`, `statustext`, `an_banner_id`, `as_banner_id`, `status`) VALUES(294, 'gif', 0, 'sql', '120x120.gif', '', '', '', 120, 120, 1, 0, '', 'http://www.wp.pl', '', '', '', '', 'f', 0, 0, 0x74727565, 0x48744d6c202d20, 0, 0, 0, 59, '', 0, '', '', '', '', '', '2007-11-20 15:14:41', 'N;', '2007-11-20 15:14:41', '', NULL, NULL, 0);
INSERT INTO `oa_ad_zone_assoc` (`ad_zone_assoc_id`, `zone_id`, `ad_id`, `priority`, `link_type`, `priority_factor`, `to_be_delivered`) VALUES(294, 59, 294, 0, 0, 1, 1);
INSERT INTO `oa_banners` (`bannerid`, `contenttype`, `pluginversion`, `storagetype`, `filename`, `imageurl`, `htmltemplate`, `htmlcache`, `width`, `height`, `weight`, `seq`, `target`, `url`, `alt`, `keyword`, `bannertext`, `description`, `autohtml`, `block`, `capping`, `compiledlimitation`, `append`, `appendtype`, `bannertype`, `transparent`, `campaignid`, `adserver`, `session_capping`, `acl_plugins`, `alt_filename`, `alt_imageurl`, `alt_contenttype`, `comments`, `updated`, `parameters`, `acls_updated`, `statustext`, `an_banner_id`, `as_banner_id`, `status`) VALUES(295, 'gif', 0, 'sql', '120x120.gif', '', '', '', 120, 120, 1, 0, '', 'http://www.wp.pl', '', '', '', '', 'f', 0, 0, 0x74727565, 0x48744d6c202d20, 0, 0, 0, 59, '', 0, '', '', '', '', '', '2007-11-20 15:14:41', 'N;', '2007-11-20 15:14:41', '', NULL, NULL, 0);
INSERT INTO `oa_ad_zone_assoc` (`ad_zone_assoc_id`, `zone_id`, `ad_id`, `priority`, `link_type`, `priority_factor`, `to_be_delivered`) VALUES(295, 59, 295, 0, 0, 1, 1);
INSERT INTO `oa_campaigns` (`campaignid`, `campaignname`, `clientid`, `views`, `clicks`, `conversions`, `expire`, `activate`, `priority`, `weight`, `target_impression`, `target_click`, `target_conversion`, `anonymous`, `companion`, `comments`, `revenue`, `revenue_type`, `updated`, `block`, `capping`, `session_capping`, `an_campaign_id`, `as_campaign_id`, `status`, `an_status`) VALUES(60, 'QA - Default Campaign60', 1, 1000, 1000, 1000, '0000-00-00', '0000-00-00', -1, 1, 0, 0, 0, 'f', 0, '', 1.0000, 2, '2007-11-20 16:09:08', 0, 0, 0, NULL, NULL, 0, 0);
INSERT INTO `oa_zones` (`zoneid`, `affiliateid`, `zonename`, `description`, `delivery`, `zonetype`, `what`, `width`, `height`, `chain`, `prepend`, `append`, `appendtype`, `category`, `ad_selection`, `forceappend`, `inventory_forecast_type`, `comments`, `cost`, `cost_type`, `cost_variable_id`, `technology_cost`, `technology_cost_type`, `updated`, `block`, `capping`, `session_capping`, `as_zone_id`) VALUES(60, 1, 'http://www.test1.org - Default', '', 0, 3, '', 120, 120, '', '', 0x5a6f6e65, 0, '', '', 'f', 0, '', 1.3333, 2, '', NULL, NULL, '2007-11-20 15:10:34', 0, 0, 0, NULL);
INSERT INTO `oa_placement_zone_assoc` (`placement_zone_assoc_id`, `zone_id`, `placement_id`) VALUES(60, 60, 60);

INSERT INTO `oa_banners` (`bannerid`, `contenttype`, `pluginversion`, `storagetype`, `filename`, `imageurl`, `htmltemplate`, `htmlcache`, `width`, `height`, `weight`, `seq`, `target`, `url`, `alt`, `keyword`, `bannertext`, `description`, `autohtml`, `block`, `capping`, `compiledlimitation`, `append`, `appendtype`, `bannertype`, `transparent`, `campaignid`, `adserver`, `session_capping`, `acl_plugins`, `alt_filename`, `alt_imageurl`, `alt_contenttype`, `comments`, `updated`, `parameters`, `acls_updated`, `statustext`, `an_banner_id`, `as_banner_id`, `status`) VALUES(296, 'gif', 0, 'sql', '120x120.gif', '', '', '', 120, 120, 1, 0, '', 'http://www.wp.pl', '', '', '', '', 'f', 0, 0, 0x74727565, 0x48744d6c202d20, 0, 0, 0, 60, '', 0, '', '', '', '', '', '2007-11-20 15:14:41', 'N;', '2007-11-20 15:14:41', '', NULL, NULL, 0);
INSERT INTO `oa_ad_zone_assoc` (`ad_zone_assoc_id`, `zone_id`, `ad_id`, `priority`, `link_type`, `priority_factor`, `to_be_delivered`) VALUES(296, 60, 296, 0, 0, 1, 1);
INSERT INTO `oa_banners` (`bannerid`, `contenttype`, `pluginversion`, `storagetype`, `filename`, `imageurl`, `htmltemplate`, `htmlcache`, `width`, `height`, `weight`, `seq`, `target`, `url`, `alt`, `keyword`, `bannertext`, `description`, `autohtml`, `block`, `capping`, `compiledlimitation`, `append`, `appendtype`, `bannertype`, `transparent`, `campaignid`, `adserver`, `session_capping`, `acl_plugins`, `alt_filename`, `alt_imageurl`, `alt_contenttype`, `comments`, `updated`, `parameters`, `acls_updated`, `statustext`, `an_banner_id`, `as_banner_id`, `status`) VALUES(297, 'gif', 0, 'sql', '120x120.gif', '', '', '', 120, 120, 1, 0, '', 'http://www.wp.pl', '', '', '', '', 'f', 0, 0, 0x74727565, 0x48744d6c202d20, 0, 0, 0, 60, '', 0, '', '', '', '', '', '2007-11-20 15:14:41', 'N;', '2007-11-20 15:14:41', '', NULL, NULL, 0);
INSERT INTO `oa_ad_zone_assoc` (`ad_zone_assoc_id`, `zone_id`, `ad_id`, `priority`, `link_type`, `priority_factor`, `to_be_delivered`) VALUES(297, 60, 297, 0, 0, 1, 1);
INSERT INTO `oa_banners` (`bannerid`, `contenttype`, `pluginversion`, `storagetype`, `filename`, `imageurl`, `htmltemplate`, `htmlcache`, `width`, `height`, `weight`, `seq`, `target`, `url`, `alt`, `keyword`, `bannertext`, `description`, `autohtml`, `block`, `capping`, `compiledlimitation`, `append`, `appendtype`, `bannertype`, `transparent`, `campaignid`, `adserver`, `session_capping`, `acl_plugins`, `alt_filename`, `alt_imageurl`, `alt_contenttype`, `comments`, `updated`, `parameters`, `acls_updated`, `statustext`, `an_banner_id`, `as_banner_id`, `status`) VALUES(298, 'gif', 0, 'sql', '120x120.gif', '', '', '', 120, 120, 1, 0, '', 'http://www.wp.pl', '', '', '', '', 'f', 0, 0, 0x74727565, 0x48744d6c202d20, 0, 0, 0, 60, '', 0, '', '', '', '', '', '2007-11-20 15:14:41', 'N;', '2007-11-20 15:14:41', '', NULL, NULL, 0);
INSERT INTO `oa_ad_zone_assoc` (`ad_zone_assoc_id`, `zone_id`, `ad_id`, `priority`, `link_type`, `priority_factor`, `to_be_delivered`) VALUES(298, 60, 298, 0, 0, 1, 1);
INSERT INTO `oa_banners` (`bannerid`, `contenttype`, `pluginversion`, `storagetype`, `filename`, `imageurl`, `htmltemplate`, `htmlcache`, `width`, `height`, `weight`, `seq`, `target`, `url`, `alt`, `keyword`, `bannertext`, `description`, `autohtml`, `block`, `capping`, `compiledlimitation`, `append`, `appendtype`, `bannertype`, `transparent`, `campaignid`, `adserver`, `session_capping`, `acl_plugins`, `alt_filename`, `alt_imageurl`, `alt_contenttype`, `comments`, `updated`, `parameters`, `acls_updated`, `statustext`, `an_banner_id`, `as_banner_id`, `status`) VALUES(299, 'gif', 0, 'sql', '120x120.gif', '', '', '', 120, 120, 1, 0, '', 'http://www.wp.pl', '', '', '', '', 'f', 0, 0, 0x74727565, 0x48744d6c202d20, 0, 0, 0, 60, '', 0, '', '', '', '', '', '2007-11-20 15:14:41', 'N;', '2007-11-20 15:14:41', '', NULL, NULL, 0);
INSERT INTO `oa_ad_zone_assoc` (`ad_zone_assoc_id`, `zone_id`, `ad_id`, `priority`, `link_type`, `priority_factor`, `to_be_delivered`) VALUES(299, 60, 299, 0, 0, 1, 1);
INSERT INTO `oa_banners` (`bannerid`, `contenttype`, `pluginversion`, `storagetype`, `filename`, `imageurl`, `htmltemplate`, `htmlcache`, `width`, `height`, `weight`, `seq`, `target`, `url`, `alt`, `keyword`, `bannertext`, `description`, `autohtml`, `block`, `capping`, `compiledlimitation`, `append`, `appendtype`, `bannertype`, `transparent`, `campaignid`, `adserver`, `session_capping`, `acl_plugins`, `alt_filename`, `alt_imageurl`, `alt_contenttype`, `comments`, `updated`, `parameters`, `acls_updated`, `statustext`, `an_banner_id`, `as_banner_id`, `status`) VALUES(300, 'gif', 0, 'sql', '120x120.gif', '', '', '', 120, 120, 1, 0, '', 'http://www.wp.pl', '', '', '', '', 'f', 0, 0, 0x74727565, 0x48744d6c202d20, 0, 0, 0, 60, '', 0, '', '', '', '', '', '2007-11-20 15:14:41', 'N;', '2007-11-20 15:14:41', '', NULL, NULL, 0);
INSERT INTO `oa_ad_zone_assoc` (`ad_zone_assoc_id`, `zone_id`, `ad_id`, `priority`, `link_type`, `priority_factor`, `to_be_delivered`) VALUES(300, 60, 300, 0, 0, 1, 1);
INSERT INTO `oa_campaigns` (`campaignid`, `campaignname`, `clientid`, `views`, `clicks`, `conversions`, `expire`, `activate`, `priority`, `weight`, `target_impression`, `target_click`, `target_conversion`, `anonymous`, `companion`, `comments`, `revenue`, `revenue_type`, `updated`, `block`, `capping`, `session_capping`, `an_campaign_id`, `as_campaign_id`, `status`, `an_status`) VALUES(61, 'QA - Default Campaign61', 1, 1000, 1000, 1000, '0000-00-00', '0000-00-00', -1, 1, 0, 0, 0, 'f', 0, '', 1.0000, 2, '2007-11-20 16:09:08', 0, 0, 0, NULL, NULL, 0, 0);
INSERT INTO `oa_zones` (`zoneid`, `affiliateid`, `zonename`, `description`, `delivery`, `zonetype`, `what`, `width`, `height`, `chain`, `prepend`, `append`, `appendtype`, `category`, `ad_selection`, `forceappend`, `inventory_forecast_type`, `comments`, `cost`, `cost_type`, `cost_variable_id`, `technology_cost`, `technology_cost_type`, `updated`, `block`, `capping`, `session_capping`, `as_zone_id`) VALUES(61, 1, 'http://www.test1.org - Default', '', 0, 3, '', 120, 120, '', '', 0x5a6f6e65, 0, '', '', 'f', 0, '', 1.3333, 2, '', NULL, NULL, '2007-11-20 15:10:34', 0, 0, 0, NULL);
INSERT INTO `oa_placement_zone_assoc` (`placement_zone_assoc_id`, `zone_id`, `placement_id`) VALUES(61, 61, 61);

INSERT INTO `oa_banners` (`bannerid`, `contenttype`, `pluginversion`, `storagetype`, `filename`, `imageurl`, `htmltemplate`, `htmlcache`, `width`, `height`, `weight`, `seq`, `target`, `url`, `alt`, `keyword`, `bannertext`, `description`, `autohtml`, `block`, `capping`, `compiledlimitation`, `append`, `appendtype`, `bannertype`, `transparent`, `campaignid`, `adserver`, `session_capping`, `acl_plugins`, `alt_filename`, `alt_imageurl`, `alt_contenttype`, `comments`, `updated`, `parameters`, `acls_updated`, `statustext`, `an_banner_id`, `as_banner_id`, `status`) VALUES(301, 'gif', 0, 'sql', '120x120.gif', '', '', '', 120, 120, 1, 0, '', 'http://www.wp.pl', '', '', '', '', 'f', 0, 0, 0x74727565, 0x48744d6c202d20, 0, 0, 0, 61, '', 0, '', '', '', '', '', '2007-11-20 15:14:41', 'N;', '2007-11-20 15:14:41', '', NULL, NULL, 0);
INSERT INTO `oa_ad_zone_assoc` (`ad_zone_assoc_id`, `zone_id`, `ad_id`, `priority`, `link_type`, `priority_factor`, `to_be_delivered`) VALUES(301, 61, 301, 0, 0, 1, 1);
INSERT INTO `oa_banners` (`bannerid`, `contenttype`, `pluginversion`, `storagetype`, `filename`, `imageurl`, `htmltemplate`, `htmlcache`, `width`, `height`, `weight`, `seq`, `target`, `url`, `alt`, `keyword`, `bannertext`, `description`, `autohtml`, `block`, `capping`, `compiledlimitation`, `append`, `appendtype`, `bannertype`, `transparent`, `campaignid`, `adserver`, `session_capping`, `acl_plugins`, `alt_filename`, `alt_imageurl`, `alt_contenttype`, `comments`, `updated`, `parameters`, `acls_updated`, `statustext`, `an_banner_id`, `as_banner_id`, `status`) VALUES(302, 'gif', 0, 'sql', '120x120.gif', '', '', '', 120, 120, 1, 0, '', 'http://www.wp.pl', '', '', '', '', 'f', 0, 0, 0x74727565, 0x48744d6c202d20, 0, 0, 0, 61, '', 0, '', '', '', '', '', '2007-11-20 15:14:41', 'N;', '2007-11-20 15:14:41', '', NULL, NULL, 0);
INSERT INTO `oa_ad_zone_assoc` (`ad_zone_assoc_id`, `zone_id`, `ad_id`, `priority`, `link_type`, `priority_factor`, `to_be_delivered`) VALUES(302, 61, 302, 0, 0, 1, 1);
INSERT INTO `oa_banners` (`bannerid`, `contenttype`, `pluginversion`, `storagetype`, `filename`, `imageurl`, `htmltemplate`, `htmlcache`, `width`, `height`, `weight`, `seq`, `target`, `url`, `alt`, `keyword`, `bannertext`, `description`, `autohtml`, `block`, `capping`, `compiledlimitation`, `append`, `appendtype`, `bannertype`, `transparent`, `campaignid`, `adserver`, `session_capping`, `acl_plugins`, `alt_filename`, `alt_imageurl`, `alt_contenttype`, `comments`, `updated`, `parameters`, `acls_updated`, `statustext`, `an_banner_id`, `as_banner_id`, `status`) VALUES(303, 'gif', 0, 'sql', '120x120.gif', '', '', '', 120, 120, 1, 0, '', 'http://www.wp.pl', '', '', '', '', 'f', 0, 0, 0x74727565, 0x48744d6c202d20, 0, 0, 0, 61, '', 0, '', '', '', '', '', '2007-11-20 15:14:41', 'N;', '2007-11-20 15:14:41', '', NULL, NULL, 0);
INSERT INTO `oa_ad_zone_assoc` (`ad_zone_assoc_id`, `zone_id`, `ad_id`, `priority`, `link_type`, `priority_factor`, `to_be_delivered`) VALUES(303, 61, 303, 0, 0, 1, 1);
INSERT INTO `oa_banners` (`bannerid`, `contenttype`, `pluginversion`, `storagetype`, `filename`, `imageurl`, `htmltemplate`, `htmlcache`, `width`, `height`, `weight`, `seq`, `target`, `url`, `alt`, `keyword`, `bannertext`, `description`, `autohtml`, `block`, `capping`, `compiledlimitation`, `append`, `appendtype`, `bannertype`, `transparent`, `campaignid`, `adserver`, `session_capping`, `acl_plugins`, `alt_filename`, `alt_imageurl`, `alt_contenttype`, `comments`, `updated`, `parameters`, `acls_updated`, `statustext`, `an_banner_id`, `as_banner_id`, `status`) VALUES(304, 'gif', 0, 'sql', '120x120.gif', '', '', '', 120, 120, 1, 0, '', 'http://www.wp.pl', '', '', '', '', 'f', 0, 0, 0x74727565, 0x48744d6c202d20, 0, 0, 0, 61, '', 0, '', '', '', '', '', '2007-11-20 15:14:41', 'N;', '2007-11-20 15:14:41', '', NULL, NULL, 0);
INSERT INTO `oa_ad_zone_assoc` (`ad_zone_assoc_id`, `zone_id`, `ad_id`, `priority`, `link_type`, `priority_factor`, `to_be_delivered`) VALUES(304, 61, 304, 0, 0, 1, 1);
INSERT INTO `oa_banners` (`bannerid`, `contenttype`, `pluginversion`, `storagetype`, `filename`, `imageurl`, `htmltemplate`, `htmlcache`, `width`, `height`, `weight`, `seq`, `target`, `url`, `alt`, `keyword`, `bannertext`, `description`, `autohtml`, `block`, `capping`, `compiledlimitation`, `append`, `appendtype`, `bannertype`, `transparent`, `campaignid`, `adserver`, `session_capping`, `acl_plugins`, `alt_filename`, `alt_imageurl`, `alt_contenttype`, `comments`, `updated`, `parameters`, `acls_updated`, `statustext`, `an_banner_id`, `as_banner_id`, `status`) VALUES(305, 'gif', 0, 'sql', '120x120.gif', '', '', '', 120, 120, 1, 0, '', 'http://www.wp.pl', '', '', '', '', 'f', 0, 0, 0x74727565, 0x48744d6c202d20, 0, 0, 0, 61, '', 0, '', '', '', '', '', '2007-11-20 15:14:41', 'N;', '2007-11-20 15:14:41', '', NULL, NULL, 0);
INSERT INTO `oa_ad_zone_assoc` (`ad_zone_assoc_id`, `zone_id`, `ad_id`, `priority`, `link_type`, `priority_factor`, `to_be_delivered`) VALUES(305, 61, 305, 0, 0, 1, 1);
INSERT INTO `oa_campaigns` (`campaignid`, `campaignname`, `clientid`, `views`, `clicks`, `conversions`, `expire`, `activate`, `priority`, `weight`, `target_impression`, `target_click`, `target_conversion`, `anonymous`, `companion`, `comments`, `revenue`, `revenue_type`, `updated`, `block`, `capping`, `session_capping`, `an_campaign_id`, `as_campaign_id`, `status`, `an_status`) VALUES(62, 'QA - Default Campaign62', 1, 1000, 1000, 1000, '0000-00-00', '0000-00-00', -1, 1, 0, 0, 0, 'f', 0, '', 1.0000, 2, '2007-11-20 16:09:08', 0, 0, 0, NULL, NULL, 0, 0);
INSERT INTO `oa_zones` (`zoneid`, `affiliateid`, `zonename`, `description`, `delivery`, `zonetype`, `what`, `width`, `height`, `chain`, `prepend`, `append`, `appendtype`, `category`, `ad_selection`, `forceappend`, `inventory_forecast_type`, `comments`, `cost`, `cost_type`, `cost_variable_id`, `technology_cost`, `technology_cost_type`, `updated`, `block`, `capping`, `session_capping`, `as_zone_id`) VALUES(62, 1, 'http://www.test1.org - Default', '', 0, 3, '', 120, 120, '', '', 0x5a6f6e65, 0, '', '', 'f', 0, '', 1.3333, 2, '', NULL, NULL, '2007-11-20 15:10:34', 0, 0, 0, NULL);
INSERT INTO `oa_placement_zone_assoc` (`placement_zone_assoc_id`, `zone_id`, `placement_id`) VALUES(62, 62, 62);

INSERT INTO `oa_banners` (`bannerid`, `contenttype`, `pluginversion`, `storagetype`, `filename`, `imageurl`, `htmltemplate`, `htmlcache`, `width`, `height`, `weight`, `seq`, `target`, `url`, `alt`, `keyword`, `bannertext`, `description`, `autohtml`, `block`, `capping`, `compiledlimitation`, `append`, `appendtype`, `bannertype`, `transparent`, `campaignid`, `adserver`, `session_capping`, `acl_plugins`, `alt_filename`, `alt_imageurl`, `alt_contenttype`, `comments`, `updated`, `parameters`, `acls_updated`, `statustext`, `an_banner_id`, `as_banner_id`, `status`) VALUES(306, 'gif', 0, 'sql', '120x120.gif', '', '', '', 120, 120, 1, 0, '', 'http://www.wp.pl', '', '', '', '', 'f', 0, 0, 0x74727565, 0x48744d6c202d20, 0, 0, 0, 62, '', 0, '', '', '', '', '', '2007-11-20 15:14:41', 'N;', '2007-11-20 15:14:41', '', NULL, NULL, 0);
INSERT INTO `oa_ad_zone_assoc` (`ad_zone_assoc_id`, `zone_id`, `ad_id`, `priority`, `link_type`, `priority_factor`, `to_be_delivered`) VALUES(306, 62, 306, 0, 0, 1, 1);
INSERT INTO `oa_banners` (`bannerid`, `contenttype`, `pluginversion`, `storagetype`, `filename`, `imageurl`, `htmltemplate`, `htmlcache`, `width`, `height`, `weight`, `seq`, `target`, `url`, `alt`, `keyword`, `bannertext`, `description`, `autohtml`, `block`, `capping`, `compiledlimitation`, `append`, `appendtype`, `bannertype`, `transparent`, `campaignid`, `adserver`, `session_capping`, `acl_plugins`, `alt_filename`, `alt_imageurl`, `alt_contenttype`, `comments`, `updated`, `parameters`, `acls_updated`, `statustext`, `an_banner_id`, `as_banner_id`, `status`) VALUES(307, 'gif', 0, 'sql', '120x120.gif', '', '', '', 120, 120, 1, 0, '', 'http://www.wp.pl', '', '', '', '', 'f', 0, 0, 0x74727565, 0x48744d6c202d20, 0, 0, 0, 62, '', 0, '', '', '', '', '', '2007-11-20 15:14:41', 'N;', '2007-11-20 15:14:41', '', NULL, NULL, 0);
INSERT INTO `oa_ad_zone_assoc` (`ad_zone_assoc_id`, `zone_id`, `ad_id`, `priority`, `link_type`, `priority_factor`, `to_be_delivered`) VALUES(307, 62, 307, 0, 0, 1, 1);
INSERT INTO `oa_banners` (`bannerid`, `contenttype`, `pluginversion`, `storagetype`, `filename`, `imageurl`, `htmltemplate`, `htmlcache`, `width`, `height`, `weight`, `seq`, `target`, `url`, `alt`, `keyword`, `bannertext`, `description`, `autohtml`, `block`, `capping`, `compiledlimitation`, `append`, `appendtype`, `bannertype`, `transparent`, `campaignid`, `adserver`, `session_capping`, `acl_plugins`, `alt_filename`, `alt_imageurl`, `alt_contenttype`, `comments`, `updated`, `parameters`, `acls_updated`, `statustext`, `an_banner_id`, `as_banner_id`, `status`) VALUES(308, 'gif', 0, 'sql', '120x120.gif', '', '', '', 120, 120, 1, 0, '', 'http://www.wp.pl', '', '', '', '', 'f', 0, 0, 0x74727565, 0x48744d6c202d20, 0, 0, 0, 62, '', 0, '', '', '', '', '', '2007-11-20 15:14:41', 'N;', '2007-11-20 15:14:41', '', NULL, NULL, 0);
INSERT INTO `oa_ad_zone_assoc` (`ad_zone_assoc_id`, `zone_id`, `ad_id`, `priority`, `link_type`, `priority_factor`, `to_be_delivered`) VALUES(308, 62, 308, 0, 0, 1, 1);
INSERT INTO `oa_banners` (`bannerid`, `contenttype`, `pluginversion`, `storagetype`, `filename`, `imageurl`, `htmltemplate`, `htmlcache`, `width`, `height`, `weight`, `seq`, `target`, `url`, `alt`, `keyword`, `bannertext`, `description`, `autohtml`, `block`, `capping`, `compiledlimitation`, `append`, `appendtype`, `bannertype`, `transparent`, `campaignid`, `adserver`, `session_capping`, `acl_plugins`, `alt_filename`, `alt_imageurl`, `alt_contenttype`, `comments`, `updated`, `parameters`, `acls_updated`, `statustext`, `an_banner_id`, `as_banner_id`, `status`) VALUES(309, 'gif', 0, 'sql', '120x120.gif', '', '', '', 120, 120, 1, 0, '', 'http://www.wp.pl', '', '', '', '', 'f', 0, 0, 0x74727565, 0x48744d6c202d20, 0, 0, 0, 62, '', 0, '', '', '', '', '', '2007-11-20 15:14:41', 'N;', '2007-11-20 15:14:41', '', NULL, NULL, 0);
INSERT INTO `oa_ad_zone_assoc` (`ad_zone_assoc_id`, `zone_id`, `ad_id`, `priority`, `link_type`, `priority_factor`, `to_be_delivered`) VALUES(309, 62, 309, 0, 0, 1, 1);
INSERT INTO `oa_banners` (`bannerid`, `contenttype`, `pluginversion`, `storagetype`, `filename`, `imageurl`, `htmltemplate`, `htmlcache`, `width`, `height`, `weight`, `seq`, `target`, `url`, `alt`, `keyword`, `bannertext`, `description`, `autohtml`, `block`, `capping`, `compiledlimitation`, `append`, `appendtype`, `bannertype`, `transparent`, `campaignid`, `adserver`, `session_capping`, `acl_plugins`, `alt_filename`, `alt_imageurl`, `alt_contenttype`, `comments`, `updated`, `parameters`, `acls_updated`, `statustext`, `an_banner_id`, `as_banner_id`, `status`) VALUES(310, 'gif', 0, 'sql', '120x120.gif', '', '', '', 120, 120, 1, 0, '', 'http://www.wp.pl', '', '', '', '', 'f', 0, 0, 0x74727565, 0x48744d6c202d20, 0, 0, 0, 62, '', 0, '', '', '', '', '', '2007-11-20 15:14:41', 'N;', '2007-11-20 15:14:41', '', NULL, NULL, 0);
INSERT INTO `oa_ad_zone_assoc` (`ad_zone_assoc_id`, `zone_id`, `ad_id`, `priority`, `link_type`, `priority_factor`, `to_be_delivered`) VALUES(310, 62, 310, 0, 0, 1, 1);
INSERT INTO `oa_campaigns` (`campaignid`, `campaignname`, `clientid`, `views`, `clicks`, `conversions`, `expire`, `activate`, `priority`, `weight`, `target_impression`, `target_click`, `target_conversion`, `anonymous`, `companion`, `comments`, `revenue`, `revenue_type`, `updated`, `block`, `capping`, `session_capping`, `an_campaign_id`, `as_campaign_id`, `status`, `an_status`) VALUES(63, 'QA - Default Campaign63', 1, 1000, 1000, 1000, '0000-00-00', '0000-00-00', -1, 1, 0, 0, 0, 'f', 0, '', 1.0000, 2, '2007-11-20 16:09:08', 0, 0, 0, NULL, NULL, 0, 0);
INSERT INTO `oa_zones` (`zoneid`, `affiliateid`, `zonename`, `description`, `delivery`, `zonetype`, `what`, `width`, `height`, `chain`, `prepend`, `append`, `appendtype`, `category`, `ad_selection`, `forceappend`, `inventory_forecast_type`, `comments`, `cost`, `cost_type`, `cost_variable_id`, `technology_cost`, `technology_cost_type`, `updated`, `block`, `capping`, `session_capping`, `as_zone_id`) VALUES(63, 1, 'http://www.test1.org - Default', '', 0, 3, '', 120, 120, '', '', 0x5a6f6e65, 0, '', '', 'f', 0, '', 1.3333, 2, '', NULL, NULL, '2007-11-20 15:10:34', 0, 0, 0, NULL);
INSERT INTO `oa_placement_zone_assoc` (`placement_zone_assoc_id`, `zone_id`, `placement_id`) VALUES(63, 63, 63);

INSERT INTO `oa_banners` (`bannerid`, `contenttype`, `pluginversion`, `storagetype`, `filename`, `imageurl`, `htmltemplate`, `htmlcache`, `width`, `height`, `weight`, `seq`, `target`, `url`, `alt`, `keyword`, `bannertext`, `description`, `autohtml`, `block`, `capping`, `compiledlimitation`, `append`, `appendtype`, `bannertype`, `transparent`, `campaignid`, `adserver`, `session_capping`, `acl_plugins`, `alt_filename`, `alt_imageurl`, `alt_contenttype`, `comments`, `updated`, `parameters`, `acls_updated`, `statustext`, `an_banner_id`, `as_banner_id`, `status`) VALUES(311, 'gif', 0, 'sql', '120x120.gif', '', '', '', 120, 120, 1, 0, '', 'http://www.wp.pl', '', '', '', '', 'f', 0, 0, 0x74727565, 0x48744d6c202d20, 0, 0, 0, 63, '', 0, '', '', '', '', '', '2007-11-20 15:14:41', 'N;', '2007-11-20 15:14:41', '', NULL, NULL, 0);
INSERT INTO `oa_ad_zone_assoc` (`ad_zone_assoc_id`, `zone_id`, `ad_id`, `priority`, `link_type`, `priority_factor`, `to_be_delivered`) VALUES(311, 63, 311, 0, 0, 1, 1);
INSERT INTO `oa_banners` (`bannerid`, `contenttype`, `pluginversion`, `storagetype`, `filename`, `imageurl`, `htmltemplate`, `htmlcache`, `width`, `height`, `weight`, `seq`, `target`, `url`, `alt`, `keyword`, `bannertext`, `description`, `autohtml`, `block`, `capping`, `compiledlimitation`, `append`, `appendtype`, `bannertype`, `transparent`, `campaignid`, `adserver`, `session_capping`, `acl_plugins`, `alt_filename`, `alt_imageurl`, `alt_contenttype`, `comments`, `updated`, `parameters`, `acls_updated`, `statustext`, `an_banner_id`, `as_banner_id`, `status`) VALUES(312, 'gif', 0, 'sql', '120x120.gif', '', '', '', 120, 120, 1, 0, '', 'http://www.wp.pl', '', '', '', '', 'f', 0, 0, 0x74727565, 0x48744d6c202d20, 0, 0, 0, 63, '', 0, '', '', '', '', '', '2007-11-20 15:14:41', 'N;', '2007-11-20 15:14:41', '', NULL, NULL, 0);
INSERT INTO `oa_ad_zone_assoc` (`ad_zone_assoc_id`, `zone_id`, `ad_id`, `priority`, `link_type`, `priority_factor`, `to_be_delivered`) VALUES(312, 63, 312, 0, 0, 1, 1);
INSERT INTO `oa_banners` (`bannerid`, `contenttype`, `pluginversion`, `storagetype`, `filename`, `imageurl`, `htmltemplate`, `htmlcache`, `width`, `height`, `weight`, `seq`, `target`, `url`, `alt`, `keyword`, `bannertext`, `description`, `autohtml`, `block`, `capping`, `compiledlimitation`, `append`, `appendtype`, `bannertype`, `transparent`, `campaignid`, `adserver`, `session_capping`, `acl_plugins`, `alt_filename`, `alt_imageurl`, `alt_contenttype`, `comments`, `updated`, `parameters`, `acls_updated`, `statustext`, `an_banner_id`, `as_banner_id`, `status`) VALUES(313, 'gif', 0, 'sql', '120x120.gif', '', '', '', 120, 120, 1, 0, '', 'http://www.wp.pl', '', '', '', '', 'f', 0, 0, 0x74727565, 0x48744d6c202d20, 0, 0, 0, 63, '', 0, '', '', '', '', '', '2007-11-20 15:14:41', 'N;', '2007-11-20 15:14:41', '', NULL, NULL, 0);
INSERT INTO `oa_ad_zone_assoc` (`ad_zone_assoc_id`, `zone_id`, `ad_id`, `priority`, `link_type`, `priority_factor`, `to_be_delivered`) VALUES(313, 63, 313, 0, 0, 1, 1);
INSERT INTO `oa_banners` (`bannerid`, `contenttype`, `pluginversion`, `storagetype`, `filename`, `imageurl`, `htmltemplate`, `htmlcache`, `width`, `height`, `weight`, `seq`, `target`, `url`, `alt`, `keyword`, `bannertext`, `description`, `autohtml`, `block`, `capping`, `compiledlimitation`, `append`, `appendtype`, `bannertype`, `transparent`, `campaignid`, `adserver`, `session_capping`, `acl_plugins`, `alt_filename`, `alt_imageurl`, `alt_contenttype`, `comments`, `updated`, `parameters`, `acls_updated`, `statustext`, `an_banner_id`, `as_banner_id`, `status`) VALUES(314, 'gif', 0, 'sql', '120x120.gif', '', '', '', 120, 120, 1, 0, '', 'http://www.wp.pl', '', '', '', '', 'f', 0, 0, 0x74727565, 0x48744d6c202d20, 0, 0, 0, 63, '', 0, '', '', '', '', '', '2007-11-20 15:14:41', 'N;', '2007-11-20 15:14:41', '', NULL, NULL, 0);
INSERT INTO `oa_ad_zone_assoc` (`ad_zone_assoc_id`, `zone_id`, `ad_id`, `priority`, `link_type`, `priority_factor`, `to_be_delivered`) VALUES(314, 63, 314, 0, 0, 1, 1);
INSERT INTO `oa_banners` (`bannerid`, `contenttype`, `pluginversion`, `storagetype`, `filename`, `imageurl`, `htmltemplate`, `htmlcache`, `width`, `height`, `weight`, `seq`, `target`, `url`, `alt`, `keyword`, `bannertext`, `description`, `autohtml`, `block`, `capping`, `compiledlimitation`, `append`, `appendtype`, `bannertype`, `transparent`, `campaignid`, `adserver`, `session_capping`, `acl_plugins`, `alt_filename`, `alt_imageurl`, `alt_contenttype`, `comments`, `updated`, `parameters`, `acls_updated`, `statustext`, `an_banner_id`, `as_banner_id`, `status`) VALUES(315, 'gif', 0, 'sql', '120x120.gif', '', '', '', 120, 120, 1, 0, '', 'http://www.wp.pl', '', '', '', '', 'f', 0, 0, 0x74727565, 0x48744d6c202d20, 0, 0, 0, 63, '', 0, '', '', '', '', '', '2007-11-20 15:14:41', 'N;', '2007-11-20 15:14:41', '', NULL, NULL, 0);
INSERT INTO `oa_ad_zone_assoc` (`ad_zone_assoc_id`, `zone_id`, `ad_id`, `priority`, `link_type`, `priority_factor`, `to_be_delivered`) VALUES(315, 63, 315, 0, 0, 1, 1);
INSERT INTO `oa_campaigns` (`campaignid`, `campaignname`, `clientid`, `views`, `clicks`, `conversions`, `expire`, `activate`, `priority`, `weight`, `target_impression`, `target_click`, `target_conversion`, `anonymous`, `companion`, `comments`, `revenue`, `revenue_type`, `updated`, `block`, `capping`, `session_capping`, `an_campaign_id`, `as_campaign_id`, `status`, `an_status`) VALUES(64, 'QA - Default Campaign64', 1, 1000, 1000, 1000, '0000-00-00', '0000-00-00', -1, 1, 0, 0, 0, 'f', 0, '', 1.0000, 2, '2007-11-20 16:09:08', 0, 0, 0, NULL, NULL, 0, 0);
INSERT INTO `oa_zones` (`zoneid`, `affiliateid`, `zonename`, `description`, `delivery`, `zonetype`, `what`, `width`, `height`, `chain`, `prepend`, `append`, `appendtype`, `category`, `ad_selection`, `forceappend`, `inventory_forecast_type`, `comments`, `cost`, `cost_type`, `cost_variable_id`, `technology_cost`, `technology_cost_type`, `updated`, `block`, `capping`, `session_capping`, `as_zone_id`) VALUES(64, 1, 'http://www.test1.org - Default', '', 0, 3, '', 120, 120, '', '', 0x5a6f6e65, 0, '', '', 'f', 0, '', 1.3333, 2, '', NULL, NULL, '2007-11-20 15:10:34', 0, 0, 0, NULL);
INSERT INTO `oa_placement_zone_assoc` (`placement_zone_assoc_id`, `zone_id`, `placement_id`) VALUES(64, 64, 64);

INSERT INTO `oa_banners` (`bannerid`, `contenttype`, `pluginversion`, `storagetype`, `filename`, `imageurl`, `htmltemplate`, `htmlcache`, `width`, `height`, `weight`, `seq`, `target`, `url`, `alt`, `keyword`, `bannertext`, `description`, `autohtml`, `block`, `capping`, `compiledlimitation`, `append`, `appendtype`, `bannertype`, `transparent`, `campaignid`, `adserver`, `session_capping`, `acl_plugins`, `alt_filename`, `alt_imageurl`, `alt_contenttype`, `comments`, `updated`, `parameters`, `acls_updated`, `statustext`, `an_banner_id`, `as_banner_id`, `status`) VALUES(316, 'gif', 0, 'sql', '120x120.gif', '', '', '', 120, 120, 1, 0, '', 'http://www.wp.pl', '', '', '', '', 'f', 0, 0, 0x74727565, 0x48744d6c202d20, 0, 0, 0, 64, '', 0, '', '', '', '', '', '2007-11-20 15:14:41', 'N;', '2007-11-20 15:14:41', '', NULL, NULL, 0);
INSERT INTO `oa_ad_zone_assoc` (`ad_zone_assoc_id`, `zone_id`, `ad_id`, `priority`, `link_type`, `priority_factor`, `to_be_delivered`) VALUES(316, 64, 316, 0, 0, 1, 1);
INSERT INTO `oa_banners` (`bannerid`, `contenttype`, `pluginversion`, `storagetype`, `filename`, `imageurl`, `htmltemplate`, `htmlcache`, `width`, `height`, `weight`, `seq`, `target`, `url`, `alt`, `keyword`, `bannertext`, `description`, `autohtml`, `block`, `capping`, `compiledlimitation`, `append`, `appendtype`, `bannertype`, `transparent`, `campaignid`, `adserver`, `session_capping`, `acl_plugins`, `alt_filename`, `alt_imageurl`, `alt_contenttype`, `comments`, `updated`, `parameters`, `acls_updated`, `statustext`, `an_banner_id`, `as_banner_id`, `status`) VALUES(317, 'gif', 0, 'sql', '120x120.gif', '', '', '', 120, 120, 1, 0, '', 'http://www.wp.pl', '', '', '', '', 'f', 0, 0, 0x74727565, 0x48744d6c202d20, 0, 0, 0, 64, '', 0, '', '', '', '', '', '2007-11-20 15:14:41', 'N;', '2007-11-20 15:14:41', '', NULL, NULL, 0);
INSERT INTO `oa_ad_zone_assoc` (`ad_zone_assoc_id`, `zone_id`, `ad_id`, `priority`, `link_type`, `priority_factor`, `to_be_delivered`) VALUES(317, 64, 317, 0, 0, 1, 1);
INSERT INTO `oa_banners` (`bannerid`, `contenttype`, `pluginversion`, `storagetype`, `filename`, `imageurl`, `htmltemplate`, `htmlcache`, `width`, `height`, `weight`, `seq`, `target`, `url`, `alt`, `keyword`, `bannertext`, `description`, `autohtml`, `block`, `capping`, `compiledlimitation`, `append`, `appendtype`, `bannertype`, `transparent`, `campaignid`, `adserver`, `session_capping`, `acl_plugins`, `alt_filename`, `alt_imageurl`, `alt_contenttype`, `comments`, `updated`, `parameters`, `acls_updated`, `statustext`, `an_banner_id`, `as_banner_id`, `status`) VALUES(318, 'gif', 0, 'sql', '120x120.gif', '', '', '', 120, 120, 1, 0, '', 'http://www.wp.pl', '', '', '', '', 'f', 0, 0, 0x74727565, 0x48744d6c202d20, 0, 0, 0, 64, '', 0, '', '', '', '', '', '2007-11-20 15:14:41', 'N;', '2007-11-20 15:14:41', '', NULL, NULL, 0);
INSERT INTO `oa_ad_zone_assoc` (`ad_zone_assoc_id`, `zone_id`, `ad_id`, `priority`, `link_type`, `priority_factor`, `to_be_delivered`) VALUES(318, 64, 318, 0, 0, 1, 1);
INSERT INTO `oa_banners` (`bannerid`, `contenttype`, `pluginversion`, `storagetype`, `filename`, `imageurl`, `htmltemplate`, `htmlcache`, `width`, `height`, `weight`, `seq`, `target`, `url`, `alt`, `keyword`, `bannertext`, `description`, `autohtml`, `block`, `capping`, `compiledlimitation`, `append`, `appendtype`, `bannertype`, `transparent`, `campaignid`, `adserver`, `session_capping`, `acl_plugins`, `alt_filename`, `alt_imageurl`, `alt_contenttype`, `comments`, `updated`, `parameters`, `acls_updated`, `statustext`, `an_banner_id`, `as_banner_id`, `status`) VALUES(319, 'gif', 0, 'sql', '120x120.gif', '', '', '', 120, 120, 1, 0, '', 'http://www.wp.pl', '', '', '', '', 'f', 0, 0, 0x74727565, 0x48744d6c202d20, 0, 0, 0, 64, '', 0, '', '', '', '', '', '2007-11-20 15:14:41', 'N;', '2007-11-20 15:14:41', '', NULL, NULL, 0);
INSERT INTO `oa_ad_zone_assoc` (`ad_zone_assoc_id`, `zone_id`, `ad_id`, `priority`, `link_type`, `priority_factor`, `to_be_delivered`) VALUES(319, 64, 319, 0, 0, 1, 1);
INSERT INTO `oa_banners` (`bannerid`, `contenttype`, `pluginversion`, `storagetype`, `filename`, `imageurl`, `htmltemplate`, `htmlcache`, `width`, `height`, `weight`, `seq`, `target`, `url`, `alt`, `keyword`, `bannertext`, `description`, `autohtml`, `block`, `capping`, `compiledlimitation`, `append`, `appendtype`, `bannertype`, `transparent`, `campaignid`, `adserver`, `session_capping`, `acl_plugins`, `alt_filename`, `alt_imageurl`, `alt_contenttype`, `comments`, `updated`, `parameters`, `acls_updated`, `statustext`, `an_banner_id`, `as_banner_id`, `status`) VALUES(320, 'gif', 0, 'sql', '120x120.gif', '', '', '', 120, 120, 1, 0, '', 'http://www.wp.pl', '', '', '', '', 'f', 0, 0, 0x74727565, 0x48744d6c202d20, 0, 0, 0, 64, '', 0, '', '', '', '', '', '2007-11-20 15:14:41', 'N;', '2007-11-20 15:14:41', '', NULL, NULL, 0);
INSERT INTO `oa_ad_zone_assoc` (`ad_zone_assoc_id`, `zone_id`, `ad_id`, `priority`, `link_type`, `priority_factor`, `to_be_delivered`) VALUES(320, 64, 320, 0, 0, 1, 1);
INSERT INTO `oa_campaigns` (`campaignid`, `campaignname`, `clientid`, `views`, `clicks`, `conversions`, `expire`, `activate`, `priority`, `weight`, `target_impression`, `target_click`, `target_conversion`, `anonymous`, `companion`, `comments`, `revenue`, `revenue_type`, `updated`, `block`, `capping`, `session_capping`, `an_campaign_id`, `as_campaign_id`, `status`, `an_status`) VALUES(65, 'QA - Default Campaign65', 1, 1000, 1000, 1000, '0000-00-00', '0000-00-00', -1, 1, 0, 0, 0, 'f', 0, '', 1.0000, 2, '2007-11-20 16:09:08', 0, 0, 0, NULL, NULL, 0, 0);
INSERT INTO `oa_zones` (`zoneid`, `affiliateid`, `zonename`, `description`, `delivery`, `zonetype`, `what`, `width`, `height`, `chain`, `prepend`, `append`, `appendtype`, `category`, `ad_selection`, `forceappend`, `inventory_forecast_type`, `comments`, `cost`, `cost_type`, `cost_variable_id`, `technology_cost`, `technology_cost_type`, `updated`, `block`, `capping`, `session_capping`, `as_zone_id`) VALUES(65, 1, 'http://www.test1.org - Default', '', 0, 3, '', 120, 120, '', '', 0x5a6f6e65, 0, '', '', 'f', 0, '', 1.3333, 2, '', NULL, NULL, '2007-11-20 15:10:34', 0, 0, 0, NULL);
INSERT INTO `oa_placement_zone_assoc` (`placement_zone_assoc_id`, `zone_id`, `placement_id`) VALUES(65, 65, 65);

INSERT INTO `oa_banners` (`bannerid`, `contenttype`, `pluginversion`, `storagetype`, `filename`, `imageurl`, `htmltemplate`, `htmlcache`, `width`, `height`, `weight`, `seq`, `target`, `url`, `alt`, `keyword`, `bannertext`, `description`, `autohtml`, `block`, `capping`, `compiledlimitation`, `append`, `appendtype`, `bannertype`, `transparent`, `campaignid`, `adserver`, `session_capping`, `acl_plugins`, `alt_filename`, `alt_imageurl`, `alt_contenttype`, `comments`, `updated`, `parameters`, `acls_updated`, `statustext`, `an_banner_id`, `as_banner_id`, `status`) VALUES(321, 'gif', 0, 'sql', '120x120.gif', '', '', '', 120, 120, 1, 0, '', 'http://www.wp.pl', '', '', '', '', 'f', 0, 0, 0x74727565, 0x48744d6c202d20, 0, 0, 0, 65, '', 0, '', '', '', '', '', '2007-11-20 15:14:41', 'N;', '2007-11-20 15:14:41', '', NULL, NULL, 0);
INSERT INTO `oa_ad_zone_assoc` (`ad_zone_assoc_id`, `zone_id`, `ad_id`, `priority`, `link_type`, `priority_factor`, `to_be_delivered`) VALUES(321, 65, 321, 0, 0, 1, 1);
INSERT INTO `oa_banners` (`bannerid`, `contenttype`, `pluginversion`, `storagetype`, `filename`, `imageurl`, `htmltemplate`, `htmlcache`, `width`, `height`, `weight`, `seq`, `target`, `url`, `alt`, `keyword`, `bannertext`, `description`, `autohtml`, `block`, `capping`, `compiledlimitation`, `append`, `appendtype`, `bannertype`, `transparent`, `campaignid`, `adserver`, `session_capping`, `acl_plugins`, `alt_filename`, `alt_imageurl`, `alt_contenttype`, `comments`, `updated`, `parameters`, `acls_updated`, `statustext`, `an_banner_id`, `as_banner_id`, `status`) VALUES(322, 'gif', 0, 'sql', '120x120.gif', '', '', '', 120, 120, 1, 0, '', 'http://www.wp.pl', '', '', '', '', 'f', 0, 0, 0x74727565, 0x48744d6c202d20, 0, 0, 0, 65, '', 0, '', '', '', '', '', '2007-11-20 15:14:41', 'N;', '2007-11-20 15:14:41', '', NULL, NULL, 0);
INSERT INTO `oa_ad_zone_assoc` (`ad_zone_assoc_id`, `zone_id`, `ad_id`, `priority`, `link_type`, `priority_factor`, `to_be_delivered`) VALUES(322, 65, 322, 0, 0, 1, 1);
INSERT INTO `oa_banners` (`bannerid`, `contenttype`, `pluginversion`, `storagetype`, `filename`, `imageurl`, `htmltemplate`, `htmlcache`, `width`, `height`, `weight`, `seq`, `target`, `url`, `alt`, `keyword`, `bannertext`, `description`, `autohtml`, `block`, `capping`, `compiledlimitation`, `append`, `appendtype`, `bannertype`, `transparent`, `campaignid`, `adserver`, `session_capping`, `acl_plugins`, `alt_filename`, `alt_imageurl`, `alt_contenttype`, `comments`, `updated`, `parameters`, `acls_updated`, `statustext`, `an_banner_id`, `as_banner_id`, `status`) VALUES(323, 'gif', 0, 'sql', '120x120.gif', '', '', '', 120, 120, 1, 0, '', 'http://www.wp.pl', '', '', '', '', 'f', 0, 0, 0x74727565, 0x48744d6c202d20, 0, 0, 0, 65, '', 0, '', '', '', '', '', '2007-11-20 15:14:41', 'N;', '2007-11-20 15:14:41', '', NULL, NULL, 0);
INSERT INTO `oa_ad_zone_assoc` (`ad_zone_assoc_id`, `zone_id`, `ad_id`, `priority`, `link_type`, `priority_factor`, `to_be_delivered`) VALUES(323, 65, 323, 0, 0, 1, 1);
INSERT INTO `oa_banners` (`bannerid`, `contenttype`, `pluginversion`, `storagetype`, `filename`, `imageurl`, `htmltemplate`, `htmlcache`, `width`, `height`, `weight`, `seq`, `target`, `url`, `alt`, `keyword`, `bannertext`, `description`, `autohtml`, `block`, `capping`, `compiledlimitation`, `append`, `appendtype`, `bannertype`, `transparent`, `campaignid`, `adserver`, `session_capping`, `acl_plugins`, `alt_filename`, `alt_imageurl`, `alt_contenttype`, `comments`, `updated`, `parameters`, `acls_updated`, `statustext`, `an_banner_id`, `as_banner_id`, `status`) VALUES(324, 'gif', 0, 'sql', '120x120.gif', '', '', '', 120, 120, 1, 0, '', 'http://www.wp.pl', '', '', '', '', 'f', 0, 0, 0x74727565, 0x48744d6c202d20, 0, 0, 0, 65, '', 0, '', '', '', '', '', '2007-11-20 15:14:41', 'N;', '2007-11-20 15:14:41', '', NULL, NULL, 0);
INSERT INTO `oa_ad_zone_assoc` (`ad_zone_assoc_id`, `zone_id`, `ad_id`, `priority`, `link_type`, `priority_factor`, `to_be_delivered`) VALUES(324, 65, 324, 0, 0, 1, 1);
INSERT INTO `oa_banners` (`bannerid`, `contenttype`, `pluginversion`, `storagetype`, `filename`, `imageurl`, `htmltemplate`, `htmlcache`, `width`, `height`, `weight`, `seq`, `target`, `url`, `alt`, `keyword`, `bannertext`, `description`, `autohtml`, `block`, `capping`, `compiledlimitation`, `append`, `appendtype`, `bannertype`, `transparent`, `campaignid`, `adserver`, `session_capping`, `acl_plugins`, `alt_filename`, `alt_imageurl`, `alt_contenttype`, `comments`, `updated`, `parameters`, `acls_updated`, `statustext`, `an_banner_id`, `as_banner_id`, `status`) VALUES(325, 'gif', 0, 'sql', '120x120.gif', '', '', '', 120, 120, 1, 0, '', 'http://www.wp.pl', '', '', '', '', 'f', 0, 0, 0x74727565, 0x48744d6c202d20, 0, 0, 0, 65, '', 0, '', '', '', '', '', '2007-11-20 15:14:41', 'N;', '2007-11-20 15:14:41', '', NULL, NULL, 0);
INSERT INTO `oa_ad_zone_assoc` (`ad_zone_assoc_id`, `zone_id`, `ad_id`, `priority`, `link_type`, `priority_factor`, `to_be_delivered`) VALUES(325, 65, 325, 0, 0, 1, 1);
INSERT INTO `oa_campaigns` (`campaignid`, `campaignname`, `clientid`, `views`, `clicks`, `conversions`, `expire`, `activate`, `priority`, `weight`, `target_impression`, `target_click`, `target_conversion`, `anonymous`, `companion`, `comments`, `revenue`, `revenue_type`, `updated`, `block`, `capping`, `session_capping`, `an_campaign_id`, `as_campaign_id`, `status`, `an_status`) VALUES(66, 'QA - Default Campaign66', 1, 1000, 1000, 1000, '0000-00-00', '0000-00-00', -1, 1, 0, 0, 0, 'f', 0, '', 1.0000, 2, '2007-11-20 16:09:08', 0, 0, 0, NULL, NULL, 0, 0);
INSERT INTO `oa_zones` (`zoneid`, `affiliateid`, `zonename`, `description`, `delivery`, `zonetype`, `what`, `width`, `height`, `chain`, `prepend`, `append`, `appendtype`, `category`, `ad_selection`, `forceappend`, `inventory_forecast_type`, `comments`, `cost`, `cost_type`, `cost_variable_id`, `technology_cost`, `technology_cost_type`, `updated`, `block`, `capping`, `session_capping`, `as_zone_id`) VALUES(66, 1, 'http://www.test1.org - Default', '', 0, 3, '', 120, 120, '', '', 0x5a6f6e65, 0, '', '', 'f', 0, '', 1.3333, 2, '', NULL, NULL, '2007-11-20 15:10:34', 0, 0, 0, NULL);
INSERT INTO `oa_placement_zone_assoc` (`placement_zone_assoc_id`, `zone_id`, `placement_id`) VALUES(66, 66, 66);

INSERT INTO `oa_banners` (`bannerid`, `contenttype`, `pluginversion`, `storagetype`, `filename`, `imageurl`, `htmltemplate`, `htmlcache`, `width`, `height`, `weight`, `seq`, `target`, `url`, `alt`, `keyword`, `bannertext`, `description`, `autohtml`, `block`, `capping`, `compiledlimitation`, `append`, `appendtype`, `bannertype`, `transparent`, `campaignid`, `adserver`, `session_capping`, `acl_plugins`, `alt_filename`, `alt_imageurl`, `alt_contenttype`, `comments`, `updated`, `parameters`, `acls_updated`, `statustext`, `an_banner_id`, `as_banner_id`, `status`) VALUES(326, 'gif', 0, 'sql', '120x120.gif', '', '', '', 120, 120, 1, 0, '', 'http://www.wp.pl', '', '', '', '', 'f', 0, 0, 0x74727565, 0x48744d6c202d20, 0, 0, 0, 66, '', 0, '', '', '', '', '', '2007-11-20 15:14:41', 'N;', '2007-11-20 15:14:41', '', NULL, NULL, 0);
INSERT INTO `oa_ad_zone_assoc` (`ad_zone_assoc_id`, `zone_id`, `ad_id`, `priority`, `link_type`, `priority_factor`, `to_be_delivered`) VALUES(326, 66, 326, 0, 0, 1, 1);
INSERT INTO `oa_banners` (`bannerid`, `contenttype`, `pluginversion`, `storagetype`, `filename`, `imageurl`, `htmltemplate`, `htmlcache`, `width`, `height`, `weight`, `seq`, `target`, `url`, `alt`, `keyword`, `bannertext`, `description`, `autohtml`, `block`, `capping`, `compiledlimitation`, `append`, `appendtype`, `bannertype`, `transparent`, `campaignid`, `adserver`, `session_capping`, `acl_plugins`, `alt_filename`, `alt_imageurl`, `alt_contenttype`, `comments`, `updated`, `parameters`, `acls_updated`, `statustext`, `an_banner_id`, `as_banner_id`, `status`) VALUES(327, 'gif', 0, 'sql', '120x120.gif', '', '', '', 120, 120, 1, 0, '', 'http://www.wp.pl', '', '', '', '', 'f', 0, 0, 0x74727565, 0x48744d6c202d20, 0, 0, 0, 66, '', 0, '', '', '', '', '', '2007-11-20 15:14:41', 'N;', '2007-11-20 15:14:41', '', NULL, NULL, 0);
INSERT INTO `oa_ad_zone_assoc` (`ad_zone_assoc_id`, `zone_id`, `ad_id`, `priority`, `link_type`, `priority_factor`, `to_be_delivered`) VALUES(327, 66, 327, 0, 0, 1, 1);
INSERT INTO `oa_banners` (`bannerid`, `contenttype`, `pluginversion`, `storagetype`, `filename`, `imageurl`, `htmltemplate`, `htmlcache`, `width`, `height`, `weight`, `seq`, `target`, `url`, `alt`, `keyword`, `bannertext`, `description`, `autohtml`, `block`, `capping`, `compiledlimitation`, `append`, `appendtype`, `bannertype`, `transparent`, `campaignid`, `adserver`, `session_capping`, `acl_plugins`, `alt_filename`, `alt_imageurl`, `alt_contenttype`, `comments`, `updated`, `parameters`, `acls_updated`, `statustext`, `an_banner_id`, `as_banner_id`, `status`) VALUES(328, 'gif', 0, 'sql', '120x120.gif', '', '', '', 120, 120, 1, 0, '', 'http://www.wp.pl', '', '', '', '', 'f', 0, 0, 0x74727565, 0x48744d6c202d20, 0, 0, 0, 66, '', 0, '', '', '', '', '', '2007-11-20 15:14:41', 'N;', '2007-11-20 15:14:41', '', NULL, NULL, 0);
INSERT INTO `oa_ad_zone_assoc` (`ad_zone_assoc_id`, `zone_id`, `ad_id`, `priority`, `link_type`, `priority_factor`, `to_be_delivered`) VALUES(328, 66, 328, 0, 0, 1, 1);
INSERT INTO `oa_banners` (`bannerid`, `contenttype`, `pluginversion`, `storagetype`, `filename`, `imageurl`, `htmltemplate`, `htmlcache`, `width`, `height`, `weight`, `seq`, `target`, `url`, `alt`, `keyword`, `bannertext`, `description`, `autohtml`, `block`, `capping`, `compiledlimitation`, `append`, `appendtype`, `bannertype`, `transparent`, `campaignid`, `adserver`, `session_capping`, `acl_plugins`, `alt_filename`, `alt_imageurl`, `alt_contenttype`, `comments`, `updated`, `parameters`, `acls_updated`, `statustext`, `an_banner_id`, `as_banner_id`, `status`) VALUES(329, 'gif', 0, 'sql', '120x120.gif', '', '', '', 120, 120, 1, 0, '', 'http://www.wp.pl', '', '', '', '', 'f', 0, 0, 0x74727565, 0x48744d6c202d20, 0, 0, 0, 66, '', 0, '', '', '', '', '', '2007-11-20 15:14:41', 'N;', '2007-11-20 15:14:41', '', NULL, NULL, 0);
INSERT INTO `oa_ad_zone_assoc` (`ad_zone_assoc_id`, `zone_id`, `ad_id`, `priority`, `link_type`, `priority_factor`, `to_be_delivered`) VALUES(329, 66, 329, 0, 0, 1, 1);
INSERT INTO `oa_banners` (`bannerid`, `contenttype`, `pluginversion`, `storagetype`, `filename`, `imageurl`, `htmltemplate`, `htmlcache`, `width`, `height`, `weight`, `seq`, `target`, `url`, `alt`, `keyword`, `bannertext`, `description`, `autohtml`, `block`, `capping`, `compiledlimitation`, `append`, `appendtype`, `bannertype`, `transparent`, `campaignid`, `adserver`, `session_capping`, `acl_plugins`, `alt_filename`, `alt_imageurl`, `alt_contenttype`, `comments`, `updated`, `parameters`, `acls_updated`, `statustext`, `an_banner_id`, `as_banner_id`, `status`) VALUES(330, 'gif', 0, 'sql', '120x120.gif', '', '', '', 120, 120, 1, 0, '', 'http://www.wp.pl', '', '', '', '', 'f', 0, 0, 0x74727565, 0x48744d6c202d20, 0, 0, 0, 66, '', 0, '', '', '', '', '', '2007-11-20 15:14:41', 'N;', '2007-11-20 15:14:41', '', NULL, NULL, 0);
INSERT INTO `oa_ad_zone_assoc` (`ad_zone_assoc_id`, `zone_id`, `ad_id`, `priority`, `link_type`, `priority_factor`, `to_be_delivered`) VALUES(330, 66, 330, 0, 0, 1, 1);
INSERT INTO `oa_campaigns` (`campaignid`, `campaignname`, `clientid`, `views`, `clicks`, `conversions`, `expire`, `activate`, `priority`, `weight`, `target_impression`, `target_click`, `target_conversion`, `anonymous`, `companion`, `comments`, `revenue`, `revenue_type`, `updated`, `block`, `capping`, `session_capping`, `an_campaign_id`, `as_campaign_id`, `status`, `an_status`) VALUES(67, 'QA - Default Campaign67', 1, 1000, 1000, 1000, '0000-00-00', '0000-00-00', -1, 1, 0, 0, 0, 'f', 0, '', 1.0000, 2, '2007-11-20 16:09:08', 0, 0, 0, NULL, NULL, 0, 0);
INSERT INTO `oa_zones` (`zoneid`, `affiliateid`, `zonename`, `description`, `delivery`, `zonetype`, `what`, `width`, `height`, `chain`, `prepend`, `append`, `appendtype`, `category`, `ad_selection`, `forceappend`, `inventory_forecast_type`, `comments`, `cost`, `cost_type`, `cost_variable_id`, `technology_cost`, `technology_cost_type`, `updated`, `block`, `capping`, `session_capping`, `as_zone_id`) VALUES(67, 1, 'http://www.test1.org - Default', '', 0, 3, '', 120, 120, '', '', 0x5a6f6e65, 0, '', '', 'f', 0, '', 1.3333, 2, '', NULL, NULL, '2007-11-20 15:10:34', 0, 0, 0, NULL);
INSERT INTO `oa_placement_zone_assoc` (`placement_zone_assoc_id`, `zone_id`, `placement_id`) VALUES(67, 67, 67);

INSERT INTO `oa_banners` (`bannerid`, `contenttype`, `pluginversion`, `storagetype`, `filename`, `imageurl`, `htmltemplate`, `htmlcache`, `width`, `height`, `weight`, `seq`, `target`, `url`, `alt`, `keyword`, `bannertext`, `description`, `autohtml`, `block`, `capping`, `compiledlimitation`, `append`, `appendtype`, `bannertype`, `transparent`, `campaignid`, `adserver`, `session_capping`, `acl_plugins`, `alt_filename`, `alt_imageurl`, `alt_contenttype`, `comments`, `updated`, `parameters`, `acls_updated`, `statustext`, `an_banner_id`, `as_banner_id`, `status`) VALUES(331, 'gif', 0, 'sql', '120x120.gif', '', '', '', 120, 120, 1, 0, '', 'http://www.wp.pl', '', '', '', '', 'f', 0, 0, 0x74727565, 0x48744d6c202d20, 0, 0, 0, 67, '', 0, '', '', '', '', '', '2007-11-20 15:14:41', 'N;', '2007-11-20 15:14:41', '', NULL, NULL, 0);
INSERT INTO `oa_ad_zone_assoc` (`ad_zone_assoc_id`, `zone_id`, `ad_id`, `priority`, `link_type`, `priority_factor`, `to_be_delivered`) VALUES(331, 67, 331, 0, 0, 1, 1);
INSERT INTO `oa_banners` (`bannerid`, `contenttype`, `pluginversion`, `storagetype`, `filename`, `imageurl`, `htmltemplate`, `htmlcache`, `width`, `height`, `weight`, `seq`, `target`, `url`, `alt`, `keyword`, `bannertext`, `description`, `autohtml`, `block`, `capping`, `compiledlimitation`, `append`, `appendtype`, `bannertype`, `transparent`, `campaignid`, `adserver`, `session_capping`, `acl_plugins`, `alt_filename`, `alt_imageurl`, `alt_contenttype`, `comments`, `updated`, `parameters`, `acls_updated`, `statustext`, `an_banner_id`, `as_banner_id`, `status`) VALUES(332, 'gif', 0, 'sql', '120x120.gif', '', '', '', 120, 120, 1, 0, '', 'http://www.wp.pl', '', '', '', '', 'f', 0, 0, 0x74727565, 0x48744d6c202d20, 0, 0, 0, 67, '', 0, '', '', '', '', '', '2007-11-20 15:14:41', 'N;', '2007-11-20 15:14:41', '', NULL, NULL, 0);
INSERT INTO `oa_ad_zone_assoc` (`ad_zone_assoc_id`, `zone_id`, `ad_id`, `priority`, `link_type`, `priority_factor`, `to_be_delivered`) VALUES(332, 67, 332, 0, 0, 1, 1);
INSERT INTO `oa_banners` (`bannerid`, `contenttype`, `pluginversion`, `storagetype`, `filename`, `imageurl`, `htmltemplate`, `htmlcache`, `width`, `height`, `weight`, `seq`, `target`, `url`, `alt`, `keyword`, `bannertext`, `description`, `autohtml`, `block`, `capping`, `compiledlimitation`, `append`, `appendtype`, `bannertype`, `transparent`, `campaignid`, `adserver`, `session_capping`, `acl_plugins`, `alt_filename`, `alt_imageurl`, `alt_contenttype`, `comments`, `updated`, `parameters`, `acls_updated`, `statustext`, `an_banner_id`, `as_banner_id`, `status`) VALUES(333, 'gif', 0, 'sql', '120x120.gif', '', '', '', 120, 120, 1, 0, '', 'http://www.wp.pl', '', '', '', '', 'f', 0, 0, 0x74727565, 0x48744d6c202d20, 0, 0, 0, 67, '', 0, '', '', '', '', '', '2007-11-20 15:14:41', 'N;', '2007-11-20 15:14:41', '', NULL, NULL, 0);
INSERT INTO `oa_ad_zone_assoc` (`ad_zone_assoc_id`, `zone_id`, `ad_id`, `priority`, `link_type`, `priority_factor`, `to_be_delivered`) VALUES(333, 67, 333, 0, 0, 1, 1);
INSERT INTO `oa_banners` (`bannerid`, `contenttype`, `pluginversion`, `storagetype`, `filename`, `imageurl`, `htmltemplate`, `htmlcache`, `width`, `height`, `weight`, `seq`, `target`, `url`, `alt`, `keyword`, `bannertext`, `description`, `autohtml`, `block`, `capping`, `compiledlimitation`, `append`, `appendtype`, `bannertype`, `transparent`, `campaignid`, `adserver`, `session_capping`, `acl_plugins`, `alt_filename`, `alt_imageurl`, `alt_contenttype`, `comments`, `updated`, `parameters`, `acls_updated`, `statustext`, `an_banner_id`, `as_banner_id`, `status`) VALUES(334, 'gif', 0, 'sql', '120x120.gif', '', '', '', 120, 120, 1, 0, '', 'http://www.wp.pl', '', '', '', '', 'f', 0, 0, 0x74727565, 0x48744d6c202d20, 0, 0, 0, 67, '', 0, '', '', '', '', '', '2007-11-20 15:14:41', 'N;', '2007-11-20 15:14:41', '', NULL, NULL, 0);
INSERT INTO `oa_ad_zone_assoc` (`ad_zone_assoc_id`, `zone_id`, `ad_id`, `priority`, `link_type`, `priority_factor`, `to_be_delivered`) VALUES(334, 67, 334, 0, 0, 1, 1);
INSERT INTO `oa_banners` (`bannerid`, `contenttype`, `pluginversion`, `storagetype`, `filename`, `imageurl`, `htmltemplate`, `htmlcache`, `width`, `height`, `weight`, `seq`, `target`, `url`, `alt`, `keyword`, `bannertext`, `description`, `autohtml`, `block`, `capping`, `compiledlimitation`, `append`, `appendtype`, `bannertype`, `transparent`, `campaignid`, `adserver`, `session_capping`, `acl_plugins`, `alt_filename`, `alt_imageurl`, `alt_contenttype`, `comments`, `updated`, `parameters`, `acls_updated`, `statustext`, `an_banner_id`, `as_banner_id`, `status`) VALUES(335, 'gif', 0, 'sql', '120x120.gif', '', '', '', 120, 120, 1, 0, '', 'http://www.wp.pl', '', '', '', '', 'f', 0, 0, 0x74727565, 0x48744d6c202d20, 0, 0, 0, 67, '', 0, '', '', '', '', '', '2007-11-20 15:14:41', 'N;', '2007-11-20 15:14:41', '', NULL, NULL, 0);
INSERT INTO `oa_ad_zone_assoc` (`ad_zone_assoc_id`, `zone_id`, `ad_id`, `priority`, `link_type`, `priority_factor`, `to_be_delivered`) VALUES(335, 67, 335, 0, 0, 1, 1);
INSERT INTO `oa_campaigns` (`campaignid`, `campaignname`, `clientid`, `views`, `clicks`, `conversions`, `expire`, `activate`, `priority`, `weight`, `target_impression`, `target_click`, `target_conversion`, `anonymous`, `companion`, `comments`, `revenue`, `revenue_type`, `updated`, `block`, `capping`, `session_capping`, `an_campaign_id`, `as_campaign_id`, `status`, `an_status`) VALUES(68, 'QA - Default Campaign68', 1, 1000, 1000, 1000, '0000-00-00', '0000-00-00', -1, 1, 0, 0, 0, 'f', 0, '', 1.0000, 2, '2007-11-20 16:09:08', 0, 0, 0, NULL, NULL, 0, 0);
INSERT INTO `oa_zones` (`zoneid`, `affiliateid`, `zonename`, `description`, `delivery`, `zonetype`, `what`, `width`, `height`, `chain`, `prepend`, `append`, `appendtype`, `category`, `ad_selection`, `forceappend`, `inventory_forecast_type`, `comments`, `cost`, `cost_type`, `cost_variable_id`, `technology_cost`, `technology_cost_type`, `updated`, `block`, `capping`, `session_capping`, `as_zone_id`) VALUES(68, 1, 'http://www.test1.org - Default', '', 0, 3, '', 120, 120, '', '', 0x5a6f6e65, 0, '', '', 'f', 0, '', 1.3333, 2, '', NULL, NULL, '2007-11-20 15:10:34', 0, 0, 0, NULL);
INSERT INTO `oa_placement_zone_assoc` (`placement_zone_assoc_id`, `zone_id`, `placement_id`) VALUES(68, 68, 68);

INSERT INTO `oa_banners` (`bannerid`, `contenttype`, `pluginversion`, `storagetype`, `filename`, `imageurl`, `htmltemplate`, `htmlcache`, `width`, `height`, `weight`, `seq`, `target`, `url`, `alt`, `keyword`, `bannertext`, `description`, `autohtml`, `block`, `capping`, `compiledlimitation`, `append`, `appendtype`, `bannertype`, `transparent`, `campaignid`, `adserver`, `session_capping`, `acl_plugins`, `alt_filename`, `alt_imageurl`, `alt_contenttype`, `comments`, `updated`, `parameters`, `acls_updated`, `statustext`, `an_banner_id`, `as_banner_id`, `status`) VALUES(336, 'gif', 0, 'sql', '120x120.gif', '', '', '', 120, 120, 1, 0, '', 'http://www.wp.pl', '', '', '', '', 'f', 0, 0, 0x74727565, 0x48744d6c202d20, 0, 0, 0, 68, '', 0, '', '', '', '', '', '2007-11-20 15:14:41', 'N;', '2007-11-20 15:14:41', '', NULL, NULL, 0);
INSERT INTO `oa_ad_zone_assoc` (`ad_zone_assoc_id`, `zone_id`, `ad_id`, `priority`, `link_type`, `priority_factor`, `to_be_delivered`) VALUES(336, 68, 336, 0, 0, 1, 1);
INSERT INTO `oa_banners` (`bannerid`, `contenttype`, `pluginversion`, `storagetype`, `filename`, `imageurl`, `htmltemplate`, `htmlcache`, `width`, `height`, `weight`, `seq`, `target`, `url`, `alt`, `keyword`, `bannertext`, `description`, `autohtml`, `block`, `capping`, `compiledlimitation`, `append`, `appendtype`, `bannertype`, `transparent`, `campaignid`, `adserver`, `session_capping`, `acl_plugins`, `alt_filename`, `alt_imageurl`, `alt_contenttype`, `comments`, `updated`, `parameters`, `acls_updated`, `statustext`, `an_banner_id`, `as_banner_id`, `status`) VALUES(337, 'gif', 0, 'sql', '120x120.gif', '', '', '', 120, 120, 1, 0, '', 'http://www.wp.pl', '', '', '', '', 'f', 0, 0, 0x74727565, 0x48744d6c202d20, 0, 0, 0, 68, '', 0, '', '', '', '', '', '2007-11-20 15:14:41', 'N;', '2007-11-20 15:14:41', '', NULL, NULL, 0);
INSERT INTO `oa_ad_zone_assoc` (`ad_zone_assoc_id`, `zone_id`, `ad_id`, `priority`, `link_type`, `priority_factor`, `to_be_delivered`) VALUES(337, 68, 337, 0, 0, 1, 1);
INSERT INTO `oa_banners` (`bannerid`, `contenttype`, `pluginversion`, `storagetype`, `filename`, `imageurl`, `htmltemplate`, `htmlcache`, `width`, `height`, `weight`, `seq`, `target`, `url`, `alt`, `keyword`, `bannertext`, `description`, `autohtml`, `block`, `capping`, `compiledlimitation`, `append`, `appendtype`, `bannertype`, `transparent`, `campaignid`, `adserver`, `session_capping`, `acl_plugins`, `alt_filename`, `alt_imageurl`, `alt_contenttype`, `comments`, `updated`, `parameters`, `acls_updated`, `statustext`, `an_banner_id`, `as_banner_id`, `status`) VALUES(338, 'gif', 0, 'sql', '120x120.gif', '', '', '', 120, 120, 1, 0, '', 'http://www.wp.pl', '', '', '', '', 'f', 0, 0, 0x74727565, 0x48744d6c202d20, 0, 0, 0, 68, '', 0, '', '', '', '', '', '2007-11-20 15:14:41', 'N;', '2007-11-20 15:14:41', '', NULL, NULL, 0);
INSERT INTO `oa_ad_zone_assoc` (`ad_zone_assoc_id`, `zone_id`, `ad_id`, `priority`, `link_type`, `priority_factor`, `to_be_delivered`) VALUES(338, 68, 338, 0, 0, 1, 1);
INSERT INTO `oa_banners` (`bannerid`, `contenttype`, `pluginversion`, `storagetype`, `filename`, `imageurl`, `htmltemplate`, `htmlcache`, `width`, `height`, `weight`, `seq`, `target`, `url`, `alt`, `keyword`, `bannertext`, `description`, `autohtml`, `block`, `capping`, `compiledlimitation`, `append`, `appendtype`, `bannertype`, `transparent`, `campaignid`, `adserver`, `session_capping`, `acl_plugins`, `alt_filename`, `alt_imageurl`, `alt_contenttype`, `comments`, `updated`, `parameters`, `acls_updated`, `statustext`, `an_banner_id`, `as_banner_id`, `status`) VALUES(339, 'gif', 0, 'sql', '120x120.gif', '', '', '', 120, 120, 1, 0, '', 'http://www.wp.pl', '', '', '', '', 'f', 0, 0, 0x74727565, 0x48744d6c202d20, 0, 0, 0, 68, '', 0, '', '', '', '', '', '2007-11-20 15:14:41', 'N;', '2007-11-20 15:14:41', '', NULL, NULL, 0);
INSERT INTO `oa_ad_zone_assoc` (`ad_zone_assoc_id`, `zone_id`, `ad_id`, `priority`, `link_type`, `priority_factor`, `to_be_delivered`) VALUES(339, 68, 339, 0, 0, 1, 1);
INSERT INTO `oa_banners` (`bannerid`, `contenttype`, `pluginversion`, `storagetype`, `filename`, `imageurl`, `htmltemplate`, `htmlcache`, `width`, `height`, `weight`, `seq`, `target`, `url`, `alt`, `keyword`, `bannertext`, `description`, `autohtml`, `block`, `capping`, `compiledlimitation`, `append`, `appendtype`, `bannertype`, `transparent`, `campaignid`, `adserver`, `session_capping`, `acl_plugins`, `alt_filename`, `alt_imageurl`, `alt_contenttype`, `comments`, `updated`, `parameters`, `acls_updated`, `statustext`, `an_banner_id`, `as_banner_id`, `status`) VALUES(340, 'gif', 0, 'sql', '120x120.gif', '', '', '', 120, 120, 1, 0, '', 'http://www.wp.pl', '', '', '', '', 'f', 0, 0, 0x74727565, 0x48744d6c202d20, 0, 0, 0, 68, '', 0, '', '', '', '', '', '2007-11-20 15:14:41', 'N;', '2007-11-20 15:14:41', '', NULL, NULL, 0);
INSERT INTO `oa_ad_zone_assoc` (`ad_zone_assoc_id`, `zone_id`, `ad_id`, `priority`, `link_type`, `priority_factor`, `to_be_delivered`) VALUES(340, 68, 340, 0, 0, 1, 1);
INSERT INTO `oa_campaigns` (`campaignid`, `campaignname`, `clientid`, `views`, `clicks`, `conversions`, `expire`, `activate`, `priority`, `weight`, `target_impression`, `target_click`, `target_conversion`, `anonymous`, `companion`, `comments`, `revenue`, `revenue_type`, `updated`, `block`, `capping`, `session_capping`, `an_campaign_id`, `as_campaign_id`, `status`, `an_status`) VALUES(69, 'QA - Default Campaign69', 1, 1000, 1000, 1000, '0000-00-00', '0000-00-00', -1, 1, 0, 0, 0, 'f', 0, '', 1.0000, 2, '2007-11-20 16:09:08', 0, 0, 0, NULL, NULL, 0, 0);
INSERT INTO `oa_zones` (`zoneid`, `affiliateid`, `zonename`, `description`, `delivery`, `zonetype`, `what`, `width`, `height`, `chain`, `prepend`, `append`, `appendtype`, `category`, `ad_selection`, `forceappend`, `inventory_forecast_type`, `comments`, `cost`, `cost_type`, `cost_variable_id`, `technology_cost`, `technology_cost_type`, `updated`, `block`, `capping`, `session_capping`, `as_zone_id`) VALUES(69, 1, 'http://www.test1.org - Default', '', 0, 3, '', 120, 120, '', '', 0x5a6f6e65, 0, '', '', 'f', 0, '', 1.3333, 2, '', NULL, NULL, '2007-11-20 15:10:34', 0, 0, 0, NULL);
INSERT INTO `oa_placement_zone_assoc` (`placement_zone_assoc_id`, `zone_id`, `placement_id`) VALUES(69, 69, 69);

INSERT INTO `oa_banners` (`bannerid`, `contenttype`, `pluginversion`, `storagetype`, `filename`, `imageurl`, `htmltemplate`, `htmlcache`, `width`, `height`, `weight`, `seq`, `target`, `url`, `alt`, `keyword`, `bannertext`, `description`, `autohtml`, `block`, `capping`, `compiledlimitation`, `append`, `appendtype`, `bannertype`, `transparent`, `campaignid`, `adserver`, `session_capping`, `acl_plugins`, `alt_filename`, `alt_imageurl`, `alt_contenttype`, `comments`, `updated`, `parameters`, `acls_updated`, `statustext`, `an_banner_id`, `as_banner_id`, `status`) VALUES(341, 'gif', 0, 'sql', '120x120.gif', '', '', '', 120, 120, 1, 0, '', 'http://www.wp.pl', '', '', '', '', 'f', 0, 0, 0x74727565, 0x48744d6c202d20, 0, 0, 0, 69, '', 0, '', '', '', '', '', '2007-11-20 15:14:41', 'N;', '2007-11-20 15:14:41', '', NULL, NULL, 0);
INSERT INTO `oa_ad_zone_assoc` (`ad_zone_assoc_id`, `zone_id`, `ad_id`, `priority`, `link_type`, `priority_factor`, `to_be_delivered`) VALUES(341, 69, 341, 0, 0, 1, 1);
INSERT INTO `oa_banners` (`bannerid`, `contenttype`, `pluginversion`, `storagetype`, `filename`, `imageurl`, `htmltemplate`, `htmlcache`, `width`, `height`, `weight`, `seq`, `target`, `url`, `alt`, `keyword`, `bannertext`, `description`, `autohtml`, `block`, `capping`, `compiledlimitation`, `append`, `appendtype`, `bannertype`, `transparent`, `campaignid`, `adserver`, `session_capping`, `acl_plugins`, `alt_filename`, `alt_imageurl`, `alt_contenttype`, `comments`, `updated`, `parameters`, `acls_updated`, `statustext`, `an_banner_id`, `as_banner_id`, `status`) VALUES(342, 'gif', 0, 'sql', '120x120.gif', '', '', '', 120, 120, 1, 0, '', 'http://www.wp.pl', '', '', '', '', 'f', 0, 0, 0x74727565, 0x48744d6c202d20, 0, 0, 0, 69, '', 0, '', '', '', '', '', '2007-11-20 15:14:41', 'N;', '2007-11-20 15:14:41', '', NULL, NULL, 0);
INSERT INTO `oa_ad_zone_assoc` (`ad_zone_assoc_id`, `zone_id`, `ad_id`, `priority`, `link_type`, `priority_factor`, `to_be_delivered`) VALUES(342, 69, 342, 0, 0, 1, 1);
INSERT INTO `oa_banners` (`bannerid`, `contenttype`, `pluginversion`, `storagetype`, `filename`, `imageurl`, `htmltemplate`, `htmlcache`, `width`, `height`, `weight`, `seq`, `target`, `url`, `alt`, `keyword`, `bannertext`, `description`, `autohtml`, `block`, `capping`, `compiledlimitation`, `append`, `appendtype`, `bannertype`, `transparent`, `campaignid`, `adserver`, `session_capping`, `acl_plugins`, `alt_filename`, `alt_imageurl`, `alt_contenttype`, `comments`, `updated`, `parameters`, `acls_updated`, `statustext`, `an_banner_id`, `as_banner_id`, `status`) VALUES(343, 'gif', 0, 'sql', '120x120.gif', '', '', '', 120, 120, 1, 0, '', 'http://www.wp.pl', '', '', '', '', 'f', 0, 0, 0x74727565, 0x48744d6c202d20, 0, 0, 0, 69, '', 0, '', '', '', '', '', '2007-11-20 15:14:41', 'N;', '2007-11-20 15:14:41', '', NULL, NULL, 0);
INSERT INTO `oa_ad_zone_assoc` (`ad_zone_assoc_id`, `zone_id`, `ad_id`, `priority`, `link_type`, `priority_factor`, `to_be_delivered`) VALUES(343, 69, 343, 0, 0, 1, 1);
INSERT INTO `oa_banners` (`bannerid`, `contenttype`, `pluginversion`, `storagetype`, `filename`, `imageurl`, `htmltemplate`, `htmlcache`, `width`, `height`, `weight`, `seq`, `target`, `url`, `alt`, `keyword`, `bannertext`, `description`, `autohtml`, `block`, `capping`, `compiledlimitation`, `append`, `appendtype`, `bannertype`, `transparent`, `campaignid`, `adserver`, `session_capping`, `acl_plugins`, `alt_filename`, `alt_imageurl`, `alt_contenttype`, `comments`, `updated`, `parameters`, `acls_updated`, `statustext`, `an_banner_id`, `as_banner_id`, `status`) VALUES(344, 'gif', 0, 'sql', '120x120.gif', '', '', '', 120, 120, 1, 0, '', 'http://www.wp.pl', '', '', '', '', 'f', 0, 0, 0x74727565, 0x48744d6c202d20, 0, 0, 0, 69, '', 0, '', '', '', '', '', '2007-11-20 15:14:41', 'N;', '2007-11-20 15:14:41', '', NULL, NULL, 0);
INSERT INTO `oa_ad_zone_assoc` (`ad_zone_assoc_id`, `zone_id`, `ad_id`, `priority`, `link_type`, `priority_factor`, `to_be_delivered`) VALUES(344, 69, 344, 0, 0, 1, 1);
INSERT INTO `oa_banners` (`bannerid`, `contenttype`, `pluginversion`, `storagetype`, `filename`, `imageurl`, `htmltemplate`, `htmlcache`, `width`, `height`, `weight`, `seq`, `target`, `url`, `alt`, `keyword`, `bannertext`, `description`, `autohtml`, `block`, `capping`, `compiledlimitation`, `append`, `appendtype`, `bannertype`, `transparent`, `campaignid`, `adserver`, `session_capping`, `acl_plugins`, `alt_filename`, `alt_imageurl`, `alt_contenttype`, `comments`, `updated`, `parameters`, `acls_updated`, `statustext`, `an_banner_id`, `as_banner_id`, `status`) VALUES(345, 'gif', 0, 'sql', '120x120.gif', '', '', '', 120, 120, 1, 0, '', 'http://www.wp.pl', '', '', '', '', 'f', 0, 0, 0x74727565, 0x48744d6c202d20, 0, 0, 0, 69, '', 0, '', '', '', '', '', '2007-11-20 15:14:41', 'N;', '2007-11-20 15:14:41', '', NULL, NULL, 0);
INSERT INTO `oa_ad_zone_assoc` (`ad_zone_assoc_id`, `zone_id`, `ad_id`, `priority`, `link_type`, `priority_factor`, `to_be_delivered`) VALUES(345, 69, 345, 0, 0, 1, 1);
INSERT INTO `oa_campaigns` (`campaignid`, `campaignname`, `clientid`, `views`, `clicks`, `conversions`, `expire`, `activate`, `priority`, `weight`, `target_impression`, `target_click`, `target_conversion`, `anonymous`, `companion`, `comments`, `revenue`, `revenue_type`, `updated`, `block`, `capping`, `session_capping`, `an_campaign_id`, `as_campaign_id`, `status`, `an_status`) VALUES(70, 'QA - Default Campaign70', 1, 1000, 1000, 1000, '0000-00-00', '0000-00-00', -1, 1, 0, 0, 0, 'f', 0, '', 1.0000, 2, '2007-11-20 16:09:08', 0, 0, 0, NULL, NULL, 0, 0);
INSERT INTO `oa_zones` (`zoneid`, `affiliateid`, `zonename`, `description`, `delivery`, `zonetype`, `what`, `width`, `height`, `chain`, `prepend`, `append`, `appendtype`, `category`, `ad_selection`, `forceappend`, `inventory_forecast_type`, `comments`, `cost`, `cost_type`, `cost_variable_id`, `technology_cost`, `technology_cost_type`, `updated`, `block`, `capping`, `session_capping`, `as_zone_id`) VALUES(70, 1, 'http://www.test1.org - Default', '', 0, 3, '', 120, 120, '', '', 0x5a6f6e65, 0, '', '', 'f', 0, '', 1.3333, 2, '', NULL, NULL, '2007-11-20 15:10:34', 0, 0, 0, NULL);
INSERT INTO `oa_placement_zone_assoc` (`placement_zone_assoc_id`, `zone_id`, `placement_id`) VALUES(70, 70, 70);

INSERT INTO `oa_banners` (`bannerid`, `contenttype`, `pluginversion`, `storagetype`, `filename`, `imageurl`, `htmltemplate`, `htmlcache`, `width`, `height`, `weight`, `seq`, `target`, `url`, `alt`, `keyword`, `bannertext`, `description`, `autohtml`, `block`, `capping`, `compiledlimitation`, `append`, `appendtype`, `bannertype`, `transparent`, `campaignid`, `adserver`, `session_capping`, `acl_plugins`, `alt_filename`, `alt_imageurl`, `alt_contenttype`, `comments`, `updated`, `parameters`, `acls_updated`, `statustext`, `an_banner_id`, `as_banner_id`, `status`) VALUES(346, 'gif', 0, 'sql', '120x120.gif', '', '', '', 120, 120, 1, 0, '', 'http://www.wp.pl', '', '', '', '', 'f', 0, 0, 0x74727565, 0x48744d6c202d20, 0, 0, 0, 70, '', 0, '', '', '', '', '', '2007-11-20 15:14:41', 'N;', '2007-11-20 15:14:41', '', NULL, NULL, 0);
INSERT INTO `oa_ad_zone_assoc` (`ad_zone_assoc_id`, `zone_id`, `ad_id`, `priority`, `link_type`, `priority_factor`, `to_be_delivered`) VALUES(346, 70, 346, 0, 0, 1, 1);
INSERT INTO `oa_banners` (`bannerid`, `contenttype`, `pluginversion`, `storagetype`, `filename`, `imageurl`, `htmltemplate`, `htmlcache`, `width`, `height`, `weight`, `seq`, `target`, `url`, `alt`, `keyword`, `bannertext`, `description`, `autohtml`, `block`, `capping`, `compiledlimitation`, `append`, `appendtype`, `bannertype`, `transparent`, `campaignid`, `adserver`, `session_capping`, `acl_plugins`, `alt_filename`, `alt_imageurl`, `alt_contenttype`, `comments`, `updated`, `parameters`, `acls_updated`, `statustext`, `an_banner_id`, `as_banner_id`, `status`) VALUES(347, 'gif', 0, 'sql', '120x120.gif', '', '', '', 120, 120, 1, 0, '', 'http://www.wp.pl', '', '', '', '', 'f', 0, 0, 0x74727565, 0x48744d6c202d20, 0, 0, 0, 70, '', 0, '', '', '', '', '', '2007-11-20 15:14:41', 'N;', '2007-11-20 15:14:41', '', NULL, NULL, 0);
INSERT INTO `oa_ad_zone_assoc` (`ad_zone_assoc_id`, `zone_id`, `ad_id`, `priority`, `link_type`, `priority_factor`, `to_be_delivered`) VALUES(347, 70, 347, 0, 0, 1, 1);
INSERT INTO `oa_banners` (`bannerid`, `contenttype`, `pluginversion`, `storagetype`, `filename`, `imageurl`, `htmltemplate`, `htmlcache`, `width`, `height`, `weight`, `seq`, `target`, `url`, `alt`, `keyword`, `bannertext`, `description`, `autohtml`, `block`, `capping`, `compiledlimitation`, `append`, `appendtype`, `bannertype`, `transparent`, `campaignid`, `adserver`, `session_capping`, `acl_plugins`, `alt_filename`, `alt_imageurl`, `alt_contenttype`, `comments`, `updated`, `parameters`, `acls_updated`, `statustext`, `an_banner_id`, `as_banner_id`, `status`) VALUES(348, 'gif', 0, 'sql', '120x120.gif', '', '', '', 120, 120, 1, 0, '', 'http://www.wp.pl', '', '', '', '', 'f', 0, 0, 0x74727565, 0x48744d6c202d20, 0, 0, 0, 70, '', 0, '', '', '', '', '', '2007-11-20 15:14:41', 'N;', '2007-11-20 15:14:41', '', NULL, NULL, 0);
INSERT INTO `oa_ad_zone_assoc` (`ad_zone_assoc_id`, `zone_id`, `ad_id`, `priority`, `link_type`, `priority_factor`, `to_be_delivered`) VALUES(348, 70, 348, 0, 0, 1, 1);
INSERT INTO `oa_banners` (`bannerid`, `contenttype`, `pluginversion`, `storagetype`, `filename`, `imageurl`, `htmltemplate`, `htmlcache`, `width`, `height`, `weight`, `seq`, `target`, `url`, `alt`, `keyword`, `bannertext`, `description`, `autohtml`, `block`, `capping`, `compiledlimitation`, `append`, `appendtype`, `bannertype`, `transparent`, `campaignid`, `adserver`, `session_capping`, `acl_plugins`, `alt_filename`, `alt_imageurl`, `alt_contenttype`, `comments`, `updated`, `parameters`, `acls_updated`, `statustext`, `an_banner_id`, `as_banner_id`, `status`) VALUES(349, 'gif', 0, 'sql', '120x120.gif', '', '', '', 120, 120, 1, 0, '', 'http://www.wp.pl', '', '', '', '', 'f', 0, 0, 0x74727565, 0x48744d6c202d20, 0, 0, 0, 70, '', 0, '', '', '', '', '', '2007-11-20 15:14:41', 'N;', '2007-11-20 15:14:41', '', NULL, NULL, 0);
INSERT INTO `oa_ad_zone_assoc` (`ad_zone_assoc_id`, `zone_id`, `ad_id`, `priority`, `link_type`, `priority_factor`, `to_be_delivered`) VALUES(349, 70, 349, 0, 0, 1, 1);
INSERT INTO `oa_banners` (`bannerid`, `contenttype`, `pluginversion`, `storagetype`, `filename`, `imageurl`, `htmltemplate`, `htmlcache`, `width`, `height`, `weight`, `seq`, `target`, `url`, `alt`, `keyword`, `bannertext`, `description`, `autohtml`, `block`, `capping`, `compiledlimitation`, `append`, `appendtype`, `bannertype`, `transparent`, `campaignid`, `adserver`, `session_capping`, `acl_plugins`, `alt_filename`, `alt_imageurl`, `alt_contenttype`, `comments`, `updated`, `parameters`, `acls_updated`, `statustext`, `an_banner_id`, `as_banner_id`, `status`) VALUES(350, 'gif', 0, 'sql', '120x120.gif', '', '', '', 120, 120, 1, 0, '', 'http://www.wp.pl', '', '', '', '', 'f', 0, 0, 0x74727565, 0x48744d6c202d20, 0, 0, 0, 70, '', 0, '', '', '', '', '', '2007-11-20 15:14:41', 'N;', '2007-11-20 15:14:41', '', NULL, NULL, 0);
INSERT INTO `oa_ad_zone_assoc` (`ad_zone_assoc_id`, `zone_id`, `ad_id`, `priority`, `link_type`, `priority_factor`, `to_be_delivered`) VALUES(350, 70, 350, 0, 0, 1, 1);
INSERT INTO `oa_campaigns` (`campaignid`, `campaignname`, `clientid`, `views`, `clicks`, `conversions`, `expire`, `activate`, `priority`, `weight`, `target_impression`, `target_click`, `target_conversion`, `anonymous`, `companion`, `comments`, `revenue`, `revenue_type`, `updated`, `block`, `capping`, `session_capping`, `an_campaign_id`, `as_campaign_id`, `status`, `an_status`) VALUES(71, 'QA - Default Campaign71', 1, 1000, 1000, 1000, '0000-00-00', '0000-00-00', -1, 1, 0, 0, 0, 'f', 0, '', 1.0000, 2, '2007-11-20 16:09:08', 0, 0, 0, NULL, NULL, 0, 0);
INSERT INTO `oa_zones` (`zoneid`, `affiliateid`, `zonename`, `description`, `delivery`, `zonetype`, `what`, `width`, `height`, `chain`, `prepend`, `append`, `appendtype`, `category`, `ad_selection`, `forceappend`, `inventory_forecast_type`, `comments`, `cost`, `cost_type`, `cost_variable_id`, `technology_cost`, `technology_cost_type`, `updated`, `block`, `capping`, `session_capping`, `as_zone_id`) VALUES(71, 1, 'http://www.test1.org - Default', '', 0, 3, '', 120, 120, '', '', 0x5a6f6e65, 0, '', '', 'f', 0, '', 1.3333, 2, '', NULL, NULL, '2007-11-20 15:10:34', 0, 0, 0, NULL);
INSERT INTO `oa_placement_zone_assoc` (`placement_zone_assoc_id`, `zone_id`, `placement_id`) VALUES(71, 71, 71);

INSERT INTO `oa_banners` (`bannerid`, `contenttype`, `pluginversion`, `storagetype`, `filename`, `imageurl`, `htmltemplate`, `htmlcache`, `width`, `height`, `weight`, `seq`, `target`, `url`, `alt`, `keyword`, `bannertext`, `description`, `autohtml`, `block`, `capping`, `compiledlimitation`, `append`, `appendtype`, `bannertype`, `transparent`, `campaignid`, `adserver`, `session_capping`, `acl_plugins`, `alt_filename`, `alt_imageurl`, `alt_contenttype`, `comments`, `updated`, `parameters`, `acls_updated`, `statustext`, `an_banner_id`, `as_banner_id`, `status`) VALUES(351, 'gif', 0, 'sql', '120x120.gif', '', '', '', 120, 120, 1, 0, '', 'http://www.wp.pl', '', '', '', '', 'f', 0, 0, 0x74727565, 0x48744d6c202d20, 0, 0, 0, 71, '', 0, '', '', '', '', '', '2007-11-20 15:14:41', 'N;', '2007-11-20 15:14:41', '', NULL, NULL, 0);
INSERT INTO `oa_ad_zone_assoc` (`ad_zone_assoc_id`, `zone_id`, `ad_id`, `priority`, `link_type`, `priority_factor`, `to_be_delivered`) VALUES(351, 71, 351, 0, 0, 1, 1);
INSERT INTO `oa_banners` (`bannerid`, `contenttype`, `pluginversion`, `storagetype`, `filename`, `imageurl`, `htmltemplate`, `htmlcache`, `width`, `height`, `weight`, `seq`, `target`, `url`, `alt`, `keyword`, `bannertext`, `description`, `autohtml`, `block`, `capping`, `compiledlimitation`, `append`, `appendtype`, `bannertype`, `transparent`, `campaignid`, `adserver`, `session_capping`, `acl_plugins`, `alt_filename`, `alt_imageurl`, `alt_contenttype`, `comments`, `updated`, `parameters`, `acls_updated`, `statustext`, `an_banner_id`, `as_banner_id`, `status`) VALUES(352, 'gif', 0, 'sql', '120x120.gif', '', '', '', 120, 120, 1, 0, '', 'http://www.wp.pl', '', '', '', '', 'f', 0, 0, 0x74727565, 0x48744d6c202d20, 0, 0, 0, 71, '', 0, '', '', '', '', '', '2007-11-20 15:14:41', 'N;', '2007-11-20 15:14:41', '', NULL, NULL, 0);
INSERT INTO `oa_ad_zone_assoc` (`ad_zone_assoc_id`, `zone_id`, `ad_id`, `priority`, `link_type`, `priority_factor`, `to_be_delivered`) VALUES(352, 71, 352, 0, 0, 1, 1);
INSERT INTO `oa_banners` (`bannerid`, `contenttype`, `pluginversion`, `storagetype`, `filename`, `imageurl`, `htmltemplate`, `htmlcache`, `width`, `height`, `weight`, `seq`, `target`, `url`, `alt`, `keyword`, `bannertext`, `description`, `autohtml`, `block`, `capping`, `compiledlimitation`, `append`, `appendtype`, `bannertype`, `transparent`, `campaignid`, `adserver`, `session_capping`, `acl_plugins`, `alt_filename`, `alt_imageurl`, `alt_contenttype`, `comments`, `updated`, `parameters`, `acls_updated`, `statustext`, `an_banner_id`, `as_banner_id`, `status`) VALUES(353, 'gif', 0, 'sql', '120x120.gif', '', '', '', 120, 120, 1, 0, '', 'http://www.wp.pl', '', '', '', '', 'f', 0, 0, 0x74727565, 0x48744d6c202d20, 0, 0, 0, 71, '', 0, '', '', '', '', '', '2007-11-20 15:14:41', 'N;', '2007-11-20 15:14:41', '', NULL, NULL, 0);
INSERT INTO `oa_ad_zone_assoc` (`ad_zone_assoc_id`, `zone_id`, `ad_id`, `priority`, `link_type`, `priority_factor`, `to_be_delivered`) VALUES(353, 71, 353, 0, 0, 1, 1);
INSERT INTO `oa_banners` (`bannerid`, `contenttype`, `pluginversion`, `storagetype`, `filename`, `imageurl`, `htmltemplate`, `htmlcache`, `width`, `height`, `weight`, `seq`, `target`, `url`, `alt`, `keyword`, `bannertext`, `description`, `autohtml`, `block`, `capping`, `compiledlimitation`, `append`, `appendtype`, `bannertype`, `transparent`, `campaignid`, `adserver`, `session_capping`, `acl_plugins`, `alt_filename`, `alt_imageurl`, `alt_contenttype`, `comments`, `updated`, `parameters`, `acls_updated`, `statustext`, `an_banner_id`, `as_banner_id`, `status`) VALUES(354, 'gif', 0, 'sql', '120x120.gif', '', '', '', 120, 120, 1, 0, '', 'http://www.wp.pl', '', '', '', '', 'f', 0, 0, 0x74727565, 0x48744d6c202d20, 0, 0, 0, 71, '', 0, '', '', '', '', '', '2007-11-20 15:14:41', 'N;', '2007-11-20 15:14:41', '', NULL, NULL, 0);
INSERT INTO `oa_ad_zone_assoc` (`ad_zone_assoc_id`, `zone_id`, `ad_id`, `priority`, `link_type`, `priority_factor`, `to_be_delivered`) VALUES(354, 71, 354, 0, 0, 1, 1);
INSERT INTO `oa_banners` (`bannerid`, `contenttype`, `pluginversion`, `storagetype`, `filename`, `imageurl`, `htmltemplate`, `htmlcache`, `width`, `height`, `weight`, `seq`, `target`, `url`, `alt`, `keyword`, `bannertext`, `description`, `autohtml`, `block`, `capping`, `compiledlimitation`, `append`, `appendtype`, `bannertype`, `transparent`, `campaignid`, `adserver`, `session_capping`, `acl_plugins`, `alt_filename`, `alt_imageurl`, `alt_contenttype`, `comments`, `updated`, `parameters`, `acls_updated`, `statustext`, `an_banner_id`, `as_banner_id`, `status`) VALUES(355, 'gif', 0, 'sql', '120x120.gif', '', '', '', 120, 120, 1, 0, '', 'http://www.wp.pl', '', '', '', '', 'f', 0, 0, 0x74727565, 0x48744d6c202d20, 0, 0, 0, 71, '', 0, '', '', '', '', '', '2007-11-20 15:14:41', 'N;', '2007-11-20 15:14:41', '', NULL, NULL, 0);
INSERT INTO `oa_ad_zone_assoc` (`ad_zone_assoc_id`, `zone_id`, `ad_id`, `priority`, `link_type`, `priority_factor`, `to_be_delivered`) VALUES(355, 71, 355, 0, 0, 1, 1);
INSERT INTO `oa_campaigns` (`campaignid`, `campaignname`, `clientid`, `views`, `clicks`, `conversions`, `expire`, `activate`, `priority`, `weight`, `target_impression`, `target_click`, `target_conversion`, `anonymous`, `companion`, `comments`, `revenue`, `revenue_type`, `updated`, `block`, `capping`, `session_capping`, `an_campaign_id`, `as_campaign_id`, `status`, `an_status`) VALUES(72, 'QA - Default Campaign72', 1, 1000, 1000, 1000, '0000-00-00', '0000-00-00', -1, 1, 0, 0, 0, 'f', 0, '', 1.0000, 2, '2007-11-20 16:09:08', 0, 0, 0, NULL, NULL, 0, 0);
INSERT INTO `oa_zones` (`zoneid`, `affiliateid`, `zonename`, `description`, `delivery`, `zonetype`, `what`, `width`, `height`, `chain`, `prepend`, `append`, `appendtype`, `category`, `ad_selection`, `forceappend`, `inventory_forecast_type`, `comments`, `cost`, `cost_type`, `cost_variable_id`, `technology_cost`, `technology_cost_type`, `updated`, `block`, `capping`, `session_capping`, `as_zone_id`) VALUES(72, 1, 'http://www.test1.org - Default', '', 0, 3, '', 120, 120, '', '', 0x5a6f6e65, 0, '', '', 'f', 0, '', 1.3333, 2, '', NULL, NULL, '2007-11-20 15:10:34', 0, 0, 0, NULL);
INSERT INTO `oa_placement_zone_assoc` (`placement_zone_assoc_id`, `zone_id`, `placement_id`) VALUES(72, 72, 72);

INSERT INTO `oa_banners` (`bannerid`, `contenttype`, `pluginversion`, `storagetype`, `filename`, `imageurl`, `htmltemplate`, `htmlcache`, `width`, `height`, `weight`, `seq`, `target`, `url`, `alt`, `keyword`, `bannertext`, `description`, `autohtml`, `block`, `capping`, `compiledlimitation`, `append`, `appendtype`, `bannertype`, `transparent`, `campaignid`, `adserver`, `session_capping`, `acl_plugins`, `alt_filename`, `alt_imageurl`, `alt_contenttype`, `comments`, `updated`, `parameters`, `acls_updated`, `statustext`, `an_banner_id`, `as_banner_id`, `status`) VALUES(356, 'gif', 0, 'sql', '120x120.gif', '', '', '', 120, 120, 1, 0, '', 'http://www.wp.pl', '', '', '', '', 'f', 0, 0, 0x74727565, 0x48744d6c202d20, 0, 0, 0, 72, '', 0, '', '', '', '', '', '2007-11-20 15:14:41', 'N;', '2007-11-20 15:14:41', '', NULL, NULL, 0);
INSERT INTO `oa_ad_zone_assoc` (`ad_zone_assoc_id`, `zone_id`, `ad_id`, `priority`, `link_type`, `priority_factor`, `to_be_delivered`) VALUES(356, 72, 356, 0, 0, 1, 1);
INSERT INTO `oa_banners` (`bannerid`, `contenttype`, `pluginversion`, `storagetype`, `filename`, `imageurl`, `htmltemplate`, `htmlcache`, `width`, `height`, `weight`, `seq`, `target`, `url`, `alt`, `keyword`, `bannertext`, `description`, `autohtml`, `block`, `capping`, `compiledlimitation`, `append`, `appendtype`, `bannertype`, `transparent`, `campaignid`, `adserver`, `session_capping`, `acl_plugins`, `alt_filename`, `alt_imageurl`, `alt_contenttype`, `comments`, `updated`, `parameters`, `acls_updated`, `statustext`, `an_banner_id`, `as_banner_id`, `status`) VALUES(357, 'gif', 0, 'sql', '120x120.gif', '', '', '', 120, 120, 1, 0, '', 'http://www.wp.pl', '', '', '', '', 'f', 0, 0, 0x74727565, 0x48744d6c202d20, 0, 0, 0, 72, '', 0, '', '', '', '', '', '2007-11-20 15:14:41', 'N;', '2007-11-20 15:14:41', '', NULL, NULL, 0);
INSERT INTO `oa_ad_zone_assoc` (`ad_zone_assoc_id`, `zone_id`, `ad_id`, `priority`, `link_type`, `priority_factor`, `to_be_delivered`) VALUES(357, 72, 357, 0, 0, 1, 1);
INSERT INTO `oa_banners` (`bannerid`, `contenttype`, `pluginversion`, `storagetype`, `filename`, `imageurl`, `htmltemplate`, `htmlcache`, `width`, `height`, `weight`, `seq`, `target`, `url`, `alt`, `keyword`, `bannertext`, `description`, `autohtml`, `block`, `capping`, `compiledlimitation`, `append`, `appendtype`, `bannertype`, `transparent`, `campaignid`, `adserver`, `session_capping`, `acl_plugins`, `alt_filename`, `alt_imageurl`, `alt_contenttype`, `comments`, `updated`, `parameters`, `acls_updated`, `statustext`, `an_banner_id`, `as_banner_id`, `status`) VALUES(358, 'gif', 0, 'sql', '120x120.gif', '', '', '', 120, 120, 1, 0, '', 'http://www.wp.pl', '', '', '', '', 'f', 0, 0, 0x74727565, 0x48744d6c202d20, 0, 0, 0, 72, '', 0, '', '', '', '', '', '2007-11-20 15:14:41', 'N;', '2007-11-20 15:14:41', '', NULL, NULL, 0);
INSERT INTO `oa_ad_zone_assoc` (`ad_zone_assoc_id`, `zone_id`, `ad_id`, `priority`, `link_type`, `priority_factor`, `to_be_delivered`) VALUES(358, 72, 358, 0, 0, 1, 1);
INSERT INTO `oa_banners` (`bannerid`, `contenttype`, `pluginversion`, `storagetype`, `filename`, `imageurl`, `htmltemplate`, `htmlcache`, `width`, `height`, `weight`, `seq`, `target`, `url`, `alt`, `keyword`, `bannertext`, `description`, `autohtml`, `block`, `capping`, `compiledlimitation`, `append`, `appendtype`, `bannertype`, `transparent`, `campaignid`, `adserver`, `session_capping`, `acl_plugins`, `alt_filename`, `alt_imageurl`, `alt_contenttype`, `comments`, `updated`, `parameters`, `acls_updated`, `statustext`, `an_banner_id`, `as_banner_id`, `status`) VALUES(359, 'gif', 0, 'sql', '120x120.gif', '', '', '', 120, 120, 1, 0, '', 'http://www.wp.pl', '', '', '', '', 'f', 0, 0, 0x74727565, 0x48744d6c202d20, 0, 0, 0, 72, '', 0, '', '', '', '', '', '2007-11-20 15:14:41', 'N;', '2007-11-20 15:14:41', '', NULL, NULL, 0);
INSERT INTO `oa_ad_zone_assoc` (`ad_zone_assoc_id`, `zone_id`, `ad_id`, `priority`, `link_type`, `priority_factor`, `to_be_delivered`) VALUES(359, 72, 359, 0, 0, 1, 1);
INSERT INTO `oa_banners` (`bannerid`, `contenttype`, `pluginversion`, `storagetype`, `filename`, `imageurl`, `htmltemplate`, `htmlcache`, `width`, `height`, `weight`, `seq`, `target`, `url`, `alt`, `keyword`, `bannertext`, `description`, `autohtml`, `block`, `capping`, `compiledlimitation`, `append`, `appendtype`, `bannertype`, `transparent`, `campaignid`, `adserver`, `session_capping`, `acl_plugins`, `alt_filename`, `alt_imageurl`, `alt_contenttype`, `comments`, `updated`, `parameters`, `acls_updated`, `statustext`, `an_banner_id`, `as_banner_id`, `status`) VALUES(360, 'gif', 0, 'sql', '120x120.gif', '', '', '', 120, 120, 1, 0, '', 'http://www.wp.pl', '', '', '', '', 'f', 0, 0, 0x74727565, 0x48744d6c202d20, 0, 0, 0, 72, '', 0, '', '', '', '', '', '2007-11-20 15:14:41', 'N;', '2007-11-20 15:14:41', '', NULL, NULL, 0);
INSERT INTO `oa_ad_zone_assoc` (`ad_zone_assoc_id`, `zone_id`, `ad_id`, `priority`, `link_type`, `priority_factor`, `to_be_delivered`) VALUES(360, 72, 360, 0, 0, 1, 1);
INSERT INTO `oa_campaigns` (`campaignid`, `campaignname`, `clientid`, `views`, `clicks`, `conversions`, `expire`, `activate`, `priority`, `weight`, `target_impression`, `target_click`, `target_conversion`, `anonymous`, `companion`, `comments`, `revenue`, `revenue_type`, `updated`, `block`, `capping`, `session_capping`, `an_campaign_id`, `as_campaign_id`, `status`, `an_status`) VALUES(73, 'QA - Default Campaign73', 1, 1000, 1000, 1000, '0000-00-00', '0000-00-00', -1, 1, 0, 0, 0, 'f', 0, '', 1.0000, 2, '2007-11-20 16:09:08', 0, 0, 0, NULL, NULL, 0, 0);
INSERT INTO `oa_zones` (`zoneid`, `affiliateid`, `zonename`, `description`, `delivery`, `zonetype`, `what`, `width`, `height`, `chain`, `prepend`, `append`, `appendtype`, `category`, `ad_selection`, `forceappend`, `inventory_forecast_type`, `comments`, `cost`, `cost_type`, `cost_variable_id`, `technology_cost`, `technology_cost_type`, `updated`, `block`, `capping`, `session_capping`, `as_zone_id`) VALUES(73, 1, 'http://www.test1.org - Default', '', 0, 3, '', 120, 120, '', '', 0x5a6f6e65, 0, '', '', 'f', 0, '', 1.3333, 2, '', NULL, NULL, '2007-11-20 15:10:34', 0, 0, 0, NULL);
INSERT INTO `oa_placement_zone_assoc` (`placement_zone_assoc_id`, `zone_id`, `placement_id`) VALUES(73, 73, 73);

INSERT INTO `oa_banners` (`bannerid`, `contenttype`, `pluginversion`, `storagetype`, `filename`, `imageurl`, `htmltemplate`, `htmlcache`, `width`, `height`, `weight`, `seq`, `target`, `url`, `alt`, `keyword`, `bannertext`, `description`, `autohtml`, `block`, `capping`, `compiledlimitation`, `append`, `appendtype`, `bannertype`, `transparent`, `campaignid`, `adserver`, `session_capping`, `acl_plugins`, `alt_filename`, `alt_imageurl`, `alt_contenttype`, `comments`, `updated`, `parameters`, `acls_updated`, `statustext`, `an_banner_id`, `as_banner_id`, `status`) VALUES(361, 'gif', 0, 'sql', '120x120.gif', '', '', '', 120, 120, 1, 0, '', 'http://www.wp.pl', '', '', '', '', 'f', 0, 0, 0x74727565, 0x48744d6c202d20, 0, 0, 0, 73, '', 0, '', '', '', '', '', '2007-11-20 15:14:41', 'N;', '2007-11-20 15:14:41', '', NULL, NULL, 0);
INSERT INTO `oa_ad_zone_assoc` (`ad_zone_assoc_id`, `zone_id`, `ad_id`, `priority`, `link_type`, `priority_factor`, `to_be_delivered`) VALUES(361, 73, 361, 0, 0, 1, 1);
INSERT INTO `oa_banners` (`bannerid`, `contenttype`, `pluginversion`, `storagetype`, `filename`, `imageurl`, `htmltemplate`, `htmlcache`, `width`, `height`, `weight`, `seq`, `target`, `url`, `alt`, `keyword`, `bannertext`, `description`, `autohtml`, `block`, `capping`, `compiledlimitation`, `append`, `appendtype`, `bannertype`, `transparent`, `campaignid`, `adserver`, `session_capping`, `acl_plugins`, `alt_filename`, `alt_imageurl`, `alt_contenttype`, `comments`, `updated`, `parameters`, `acls_updated`, `statustext`, `an_banner_id`, `as_banner_id`, `status`) VALUES(362, 'gif', 0, 'sql', '120x120.gif', '', '', '', 120, 120, 1, 0, '', 'http://www.wp.pl', '', '', '', '', 'f', 0, 0, 0x74727565, 0x48744d6c202d20, 0, 0, 0, 73, '', 0, '', '', '', '', '', '2007-11-20 15:14:41', 'N;', '2007-11-20 15:14:41', '', NULL, NULL, 0);
INSERT INTO `oa_ad_zone_assoc` (`ad_zone_assoc_id`, `zone_id`, `ad_id`, `priority`, `link_type`, `priority_factor`, `to_be_delivered`) VALUES(362, 73, 362, 0, 0, 1, 1);
INSERT INTO `oa_banners` (`bannerid`, `contenttype`, `pluginversion`, `storagetype`, `filename`, `imageurl`, `htmltemplate`, `htmlcache`, `width`, `height`, `weight`, `seq`, `target`, `url`, `alt`, `keyword`, `bannertext`, `description`, `autohtml`, `block`, `capping`, `compiledlimitation`, `append`, `appendtype`, `bannertype`, `transparent`, `campaignid`, `adserver`, `session_capping`, `acl_plugins`, `alt_filename`, `alt_imageurl`, `alt_contenttype`, `comments`, `updated`, `parameters`, `acls_updated`, `statustext`, `an_banner_id`, `as_banner_id`, `status`) VALUES(363, 'gif', 0, 'sql', '120x120.gif', '', '', '', 120, 120, 1, 0, '', 'http://www.wp.pl', '', '', '', '', 'f', 0, 0, 0x74727565, 0x48744d6c202d20, 0, 0, 0, 73, '', 0, '', '', '', '', '', '2007-11-20 15:14:41', 'N;', '2007-11-20 15:14:41', '', NULL, NULL, 0);
INSERT INTO `oa_ad_zone_assoc` (`ad_zone_assoc_id`, `zone_id`, `ad_id`, `priority`, `link_type`, `priority_factor`, `to_be_delivered`) VALUES(363, 73, 363, 0, 0, 1, 1);
INSERT INTO `oa_banners` (`bannerid`, `contenttype`, `pluginversion`, `storagetype`, `filename`, `imageurl`, `htmltemplate`, `htmlcache`, `width`, `height`, `weight`, `seq`, `target`, `url`, `alt`, `keyword`, `bannertext`, `description`, `autohtml`, `block`, `capping`, `compiledlimitation`, `append`, `appendtype`, `bannertype`, `transparent`, `campaignid`, `adserver`, `session_capping`, `acl_plugins`, `alt_filename`, `alt_imageurl`, `alt_contenttype`, `comments`, `updated`, `parameters`, `acls_updated`, `statustext`, `an_banner_id`, `as_banner_id`, `status`) VALUES(364, 'gif', 0, 'sql', '120x120.gif', '', '', '', 120, 120, 1, 0, '', 'http://www.wp.pl', '', '', '', '', 'f', 0, 0, 0x74727565, 0x48744d6c202d20, 0, 0, 0, 73, '', 0, '', '', '', '', '', '2007-11-20 15:14:41', 'N;', '2007-11-20 15:14:41', '', NULL, NULL, 0);
INSERT INTO `oa_ad_zone_assoc` (`ad_zone_assoc_id`, `zone_id`, `ad_id`, `priority`, `link_type`, `priority_factor`, `to_be_delivered`) VALUES(364, 73, 364, 0, 0, 1, 1);
INSERT INTO `oa_banners` (`bannerid`, `contenttype`, `pluginversion`, `storagetype`, `filename`, `imageurl`, `htmltemplate`, `htmlcache`, `width`, `height`, `weight`, `seq`, `target`, `url`, `alt`, `keyword`, `bannertext`, `description`, `autohtml`, `block`, `capping`, `compiledlimitation`, `append`, `appendtype`, `bannertype`, `transparent`, `campaignid`, `adserver`, `session_capping`, `acl_plugins`, `alt_filename`, `alt_imageurl`, `alt_contenttype`, `comments`, `updated`, `parameters`, `acls_updated`, `statustext`, `an_banner_id`, `as_banner_id`, `status`) VALUES(365, 'gif', 0, 'sql', '120x120.gif', '', '', '', 120, 120, 1, 0, '', 'http://www.wp.pl', '', '', '', '', 'f', 0, 0, 0x74727565, 0x48744d6c202d20, 0, 0, 0, 73, '', 0, '', '', '', '', '', '2007-11-20 15:14:41', 'N;', '2007-11-20 15:14:41', '', NULL, NULL, 0);
INSERT INTO `oa_ad_zone_assoc` (`ad_zone_assoc_id`, `zone_id`, `ad_id`, `priority`, `link_type`, `priority_factor`, `to_be_delivered`) VALUES(365, 73, 365, 0, 0, 1, 1);
INSERT INTO `oa_campaigns` (`campaignid`, `campaignname`, `clientid`, `views`, `clicks`, `conversions`, `expire`, `activate`, `priority`, `weight`, `target_impression`, `target_click`, `target_conversion`, `anonymous`, `companion`, `comments`, `revenue`, `revenue_type`, `updated`, `block`, `capping`, `session_capping`, `an_campaign_id`, `as_campaign_id`, `status`, `an_status`) VALUES(74, 'QA - Default Campaign74', 1, 1000, 1000, 1000, '0000-00-00', '0000-00-00', -1, 1, 0, 0, 0, 'f', 0, '', 1.0000, 2, '2007-11-20 16:09:08', 0, 0, 0, NULL, NULL, 0, 0);
INSERT INTO `oa_zones` (`zoneid`, `affiliateid`, `zonename`, `description`, `delivery`, `zonetype`, `what`, `width`, `height`, `chain`, `prepend`, `append`, `appendtype`, `category`, `ad_selection`, `forceappend`, `inventory_forecast_type`, `comments`, `cost`, `cost_type`, `cost_variable_id`, `technology_cost`, `technology_cost_type`, `updated`, `block`, `capping`, `session_capping`, `as_zone_id`) VALUES(74, 1, 'http://www.test1.org - Default', '', 0, 3, '', 120, 120, '', '', 0x5a6f6e65, 0, '', '', 'f', 0, '', 1.3333, 2, '', NULL, NULL, '2007-11-20 15:10:34', 0, 0, 0, NULL);
INSERT INTO `oa_placement_zone_assoc` (`placement_zone_assoc_id`, `zone_id`, `placement_id`) VALUES(74, 74, 74);

INSERT INTO `oa_banners` (`bannerid`, `contenttype`, `pluginversion`, `storagetype`, `filename`, `imageurl`, `htmltemplate`, `htmlcache`, `width`, `height`, `weight`, `seq`, `target`, `url`, `alt`, `keyword`, `bannertext`, `description`, `autohtml`, `block`, `capping`, `compiledlimitation`, `append`, `appendtype`, `bannertype`, `transparent`, `campaignid`, `adserver`, `session_capping`, `acl_plugins`, `alt_filename`, `alt_imageurl`, `alt_contenttype`, `comments`, `updated`, `parameters`, `acls_updated`, `statustext`, `an_banner_id`, `as_banner_id`, `status`) VALUES(366, 'gif', 0, 'sql', '120x120.gif', '', '', '', 120, 120, 1, 0, '', 'http://www.wp.pl', '', '', '', '', 'f', 0, 0, 0x74727565, 0x48744d6c202d20, 0, 0, 0, 74, '', 0, '', '', '', '', '', '2007-11-20 15:14:41', 'N;', '2007-11-20 15:14:41', '', NULL, NULL, 0);
INSERT INTO `oa_ad_zone_assoc` (`ad_zone_assoc_id`, `zone_id`, `ad_id`, `priority`, `link_type`, `priority_factor`, `to_be_delivered`) VALUES(366, 74, 366, 0, 0, 1, 1);
INSERT INTO `oa_banners` (`bannerid`, `contenttype`, `pluginversion`, `storagetype`, `filename`, `imageurl`, `htmltemplate`, `htmlcache`, `width`, `height`, `weight`, `seq`, `target`, `url`, `alt`, `keyword`, `bannertext`, `description`, `autohtml`, `block`, `capping`, `compiledlimitation`, `append`, `appendtype`, `bannertype`, `transparent`, `campaignid`, `adserver`, `session_capping`, `acl_plugins`, `alt_filename`, `alt_imageurl`, `alt_contenttype`, `comments`, `updated`, `parameters`, `acls_updated`, `statustext`, `an_banner_id`, `as_banner_id`, `status`) VALUES(367, 'gif', 0, 'sql', '120x120.gif', '', '', '', 120, 120, 1, 0, '', 'http://www.wp.pl', '', '', '', '', 'f', 0, 0, 0x74727565, 0x48744d6c202d20, 0, 0, 0, 74, '', 0, '', '', '', '', '', '2007-11-20 15:14:41', 'N;', '2007-11-20 15:14:41', '', NULL, NULL, 0);
INSERT INTO `oa_ad_zone_assoc` (`ad_zone_assoc_id`, `zone_id`, `ad_id`, `priority`, `link_type`, `priority_factor`, `to_be_delivered`) VALUES(367, 74, 367, 0, 0, 1, 1);
INSERT INTO `oa_banners` (`bannerid`, `contenttype`, `pluginversion`, `storagetype`, `filename`, `imageurl`, `htmltemplate`, `htmlcache`, `width`, `height`, `weight`, `seq`, `target`, `url`, `alt`, `keyword`, `bannertext`, `description`, `autohtml`, `block`, `capping`, `compiledlimitation`, `append`, `appendtype`, `bannertype`, `transparent`, `campaignid`, `adserver`, `session_capping`, `acl_plugins`, `alt_filename`, `alt_imageurl`, `alt_contenttype`, `comments`, `updated`, `parameters`, `acls_updated`, `statustext`, `an_banner_id`, `as_banner_id`, `status`) VALUES(368, 'gif', 0, 'sql', '120x120.gif', '', '', '', 120, 120, 1, 0, '', 'http://www.wp.pl', '', '', '', '', 'f', 0, 0, 0x74727565, 0x48744d6c202d20, 0, 0, 0, 74, '', 0, '', '', '', '', '', '2007-11-20 15:14:41', 'N;', '2007-11-20 15:14:41', '', NULL, NULL, 0);
INSERT INTO `oa_ad_zone_assoc` (`ad_zone_assoc_id`, `zone_id`, `ad_id`, `priority`, `link_type`, `priority_factor`, `to_be_delivered`) VALUES(368, 74, 368, 0, 0, 1, 1);
INSERT INTO `oa_banners` (`bannerid`, `contenttype`, `pluginversion`, `storagetype`, `filename`, `imageurl`, `htmltemplate`, `htmlcache`, `width`, `height`, `weight`, `seq`, `target`, `url`, `alt`, `keyword`, `bannertext`, `description`, `autohtml`, `block`, `capping`, `compiledlimitation`, `append`, `appendtype`, `bannertype`, `transparent`, `campaignid`, `adserver`, `session_capping`, `acl_plugins`, `alt_filename`, `alt_imageurl`, `alt_contenttype`, `comments`, `updated`, `parameters`, `acls_updated`, `statustext`, `an_banner_id`, `as_banner_id`, `status`) VALUES(369, 'gif', 0, 'sql', '120x120.gif', '', '', '', 120, 120, 1, 0, '', 'http://www.wp.pl', '', '', '', '', 'f', 0, 0, 0x74727565, 0x48744d6c202d20, 0, 0, 0, 74, '', 0, '', '', '', '', '', '2007-11-20 15:14:41', 'N;', '2007-11-20 15:14:41', '', NULL, NULL, 0);
INSERT INTO `oa_ad_zone_assoc` (`ad_zone_assoc_id`, `zone_id`, `ad_id`, `priority`, `link_type`, `priority_factor`, `to_be_delivered`) VALUES(369, 74, 369, 0, 0, 1, 1);
INSERT INTO `oa_banners` (`bannerid`, `contenttype`, `pluginversion`, `storagetype`, `filename`, `imageurl`, `htmltemplate`, `htmlcache`, `width`, `height`, `weight`, `seq`, `target`, `url`, `alt`, `keyword`, `bannertext`, `description`, `autohtml`, `block`, `capping`, `compiledlimitation`, `append`, `appendtype`, `bannertype`, `transparent`, `campaignid`, `adserver`, `session_capping`, `acl_plugins`, `alt_filename`, `alt_imageurl`, `alt_contenttype`, `comments`, `updated`, `parameters`, `acls_updated`, `statustext`, `an_banner_id`, `as_banner_id`, `status`) VALUES(370, 'gif', 0, 'sql', '120x120.gif', '', '', '', 120, 120, 1, 0, '', 'http://www.wp.pl', '', '', '', '', 'f', 0, 0, 0x74727565, 0x48744d6c202d20, 0, 0, 0, 74, '', 0, '', '', '', '', '', '2007-11-20 15:14:41', 'N;', '2007-11-20 15:14:41', '', NULL, NULL, 0);
INSERT INTO `oa_ad_zone_assoc` (`ad_zone_assoc_id`, `zone_id`, `ad_id`, `priority`, `link_type`, `priority_factor`, `to_be_delivered`) VALUES(370, 74, 370, 0, 0, 1, 1);
INSERT INTO `oa_campaigns` (`campaignid`, `campaignname`, `clientid`, `views`, `clicks`, `conversions`, `expire`, `activate`, `priority`, `weight`, `target_impression`, `target_click`, `target_conversion`, `anonymous`, `companion`, `comments`, `revenue`, `revenue_type`, `updated`, `block`, `capping`, `session_capping`, `an_campaign_id`, `as_campaign_id`, `status`, `an_status`) VALUES(75, 'QA - Default Campaign75', 1, 1000, 1000, 1000, '0000-00-00', '0000-00-00', -1, 1, 0, 0, 0, 'f', 0, '', 1.0000, 2, '2007-11-20 16:09:08', 0, 0, 0, NULL, NULL, 0, 0);
INSERT INTO `oa_zones` (`zoneid`, `affiliateid`, `zonename`, `description`, `delivery`, `zonetype`, `what`, `width`, `height`, `chain`, `prepend`, `append`, `appendtype`, `category`, `ad_selection`, `forceappend`, `inventory_forecast_type`, `comments`, `cost`, `cost_type`, `cost_variable_id`, `technology_cost`, `technology_cost_type`, `updated`, `block`, `capping`, `session_capping`, `as_zone_id`) VALUES(75, 1, 'http://www.test1.org - Default', '', 0, 3, '', 120, 120, '', '', 0x5a6f6e65, 0, '', '', 'f', 0, '', 1.3333, 2, '', NULL, NULL, '2007-11-20 15:10:34', 0, 0, 0, NULL);
INSERT INTO `oa_placement_zone_assoc` (`placement_zone_assoc_id`, `zone_id`, `placement_id`) VALUES(75, 75, 75);

INSERT INTO `oa_banners` (`bannerid`, `contenttype`, `pluginversion`, `storagetype`, `filename`, `imageurl`, `htmltemplate`, `htmlcache`, `width`, `height`, `weight`, `seq`, `target`, `url`, `alt`, `keyword`, `bannertext`, `description`, `autohtml`, `block`, `capping`, `compiledlimitation`, `append`, `appendtype`, `bannertype`, `transparent`, `campaignid`, `adserver`, `session_capping`, `acl_plugins`, `alt_filename`, `alt_imageurl`, `alt_contenttype`, `comments`, `updated`, `parameters`, `acls_updated`, `statustext`, `an_banner_id`, `as_banner_id`, `status`) VALUES(371, 'gif', 0, 'sql', '120x120.gif', '', '', '', 120, 120, 1, 0, '', 'http://www.wp.pl', '', '', '', '', 'f', 0, 0, 0x74727565, 0x48744d6c202d20, 0, 0, 0, 75, '', 0, '', '', '', '', '', '2007-11-20 15:14:41', 'N;', '2007-11-20 15:14:41', '', NULL, NULL, 0);
INSERT INTO `oa_ad_zone_assoc` (`ad_zone_assoc_id`, `zone_id`, `ad_id`, `priority`, `link_type`, `priority_factor`, `to_be_delivered`) VALUES(371, 75, 371, 0, 0, 1, 1);
INSERT INTO `oa_banners` (`bannerid`, `contenttype`, `pluginversion`, `storagetype`, `filename`, `imageurl`, `htmltemplate`, `htmlcache`, `width`, `height`, `weight`, `seq`, `target`, `url`, `alt`, `keyword`, `bannertext`, `description`, `autohtml`, `block`, `capping`, `compiledlimitation`, `append`, `appendtype`, `bannertype`, `transparent`, `campaignid`, `adserver`, `session_capping`, `acl_plugins`, `alt_filename`, `alt_imageurl`, `alt_contenttype`, `comments`, `updated`, `parameters`, `acls_updated`, `statustext`, `an_banner_id`, `as_banner_id`, `status`) VALUES(372, 'gif', 0, 'sql', '120x120.gif', '', '', '', 120, 120, 1, 0, '', 'http://www.wp.pl', '', '', '', '', 'f', 0, 0, 0x74727565, 0x48744d6c202d20, 0, 0, 0, 75, '', 0, '', '', '', '', '', '2007-11-20 15:14:41', 'N;', '2007-11-20 15:14:41', '', NULL, NULL, 0);
INSERT INTO `oa_ad_zone_assoc` (`ad_zone_assoc_id`, `zone_id`, `ad_id`, `priority`, `link_type`, `priority_factor`, `to_be_delivered`) VALUES(372, 75, 372, 0, 0, 1, 1);
INSERT INTO `oa_banners` (`bannerid`, `contenttype`, `pluginversion`, `storagetype`, `filename`, `imageurl`, `htmltemplate`, `htmlcache`, `width`, `height`, `weight`, `seq`, `target`, `url`, `alt`, `keyword`, `bannertext`, `description`, `autohtml`, `block`, `capping`, `compiledlimitation`, `append`, `appendtype`, `bannertype`, `transparent`, `campaignid`, `adserver`, `session_capping`, `acl_plugins`, `alt_filename`, `alt_imageurl`, `alt_contenttype`, `comments`, `updated`, `parameters`, `acls_updated`, `statustext`, `an_banner_id`, `as_banner_id`, `status`) VALUES(373, 'gif', 0, 'sql', '120x120.gif', '', '', '', 120, 120, 1, 0, '', 'http://www.wp.pl', '', '', '', '', 'f', 0, 0, 0x74727565, 0x48744d6c202d20, 0, 0, 0, 75, '', 0, '', '', '', '', '', '2007-11-20 15:14:41', 'N;', '2007-11-20 15:14:41', '', NULL, NULL, 0);
INSERT INTO `oa_ad_zone_assoc` (`ad_zone_assoc_id`, `zone_id`, `ad_id`, `priority`, `link_type`, `priority_factor`, `to_be_delivered`) VALUES(373, 75, 373, 0, 0, 1, 1);
INSERT INTO `oa_banners` (`bannerid`, `contenttype`, `pluginversion`, `storagetype`, `filename`, `imageurl`, `htmltemplate`, `htmlcache`, `width`, `height`, `weight`, `seq`, `target`, `url`, `alt`, `keyword`, `bannertext`, `description`, `autohtml`, `block`, `capping`, `compiledlimitation`, `append`, `appendtype`, `bannertype`, `transparent`, `campaignid`, `adserver`, `session_capping`, `acl_plugins`, `alt_filename`, `alt_imageurl`, `alt_contenttype`, `comments`, `updated`, `parameters`, `acls_updated`, `statustext`, `an_banner_id`, `as_banner_id`, `status`) VALUES(374, 'gif', 0, 'sql', '120x120.gif', '', '', '', 120, 120, 1, 0, '', 'http://www.wp.pl', '', '', '', '', 'f', 0, 0, 0x74727565, 0x48744d6c202d20, 0, 0, 0, 75, '', 0, '', '', '', '', '', '2007-11-20 15:14:41', 'N;', '2007-11-20 15:14:41', '', NULL, NULL, 0);
INSERT INTO `oa_ad_zone_assoc` (`ad_zone_assoc_id`, `zone_id`, `ad_id`, `priority`, `link_type`, `priority_factor`, `to_be_delivered`) VALUES(374, 75, 374, 0, 0, 1, 1);
INSERT INTO `oa_banners` (`bannerid`, `contenttype`, `pluginversion`, `storagetype`, `filename`, `imageurl`, `htmltemplate`, `htmlcache`, `width`, `height`, `weight`, `seq`, `target`, `url`, `alt`, `keyword`, `bannertext`, `description`, `autohtml`, `block`, `capping`, `compiledlimitation`, `append`, `appendtype`, `bannertype`, `transparent`, `campaignid`, `adserver`, `session_capping`, `acl_plugins`, `alt_filename`, `alt_imageurl`, `alt_contenttype`, `comments`, `updated`, `parameters`, `acls_updated`, `statustext`, `an_banner_id`, `as_banner_id`, `status`) VALUES(375, 'gif', 0, 'sql', '120x120.gif', '', '', '', 120, 120, 1, 0, '', 'http://www.wp.pl', '', '', '', '', 'f', 0, 0, 0x74727565, 0x48744d6c202d20, 0, 0, 0, 75, '', 0, '', '', '', '', '', '2007-11-20 15:14:41', 'N;', '2007-11-20 15:14:41', '', NULL, NULL, 0);
INSERT INTO `oa_ad_zone_assoc` (`ad_zone_assoc_id`, `zone_id`, `ad_id`, `priority`, `link_type`, `priority_factor`, `to_be_delivered`) VALUES(375, 75, 375, 0, 0, 1, 1);
INSERT INTO `oa_campaigns` (`campaignid`, `campaignname`, `clientid`, `views`, `clicks`, `conversions`, `expire`, `activate`, `priority`, `weight`, `target_impression`, `target_click`, `target_conversion`, `anonymous`, `companion`, `comments`, `revenue`, `revenue_type`, `updated`, `block`, `capping`, `session_capping`, `an_campaign_id`, `as_campaign_id`, `status`, `an_status`) VALUES(76, 'QA - Default Campaign76', 1, 1000, 1000, 1000, '0000-00-00', '0000-00-00', -1, 1, 0, 0, 0, 'f', 0, '', 1.0000, 2, '2007-11-20 16:09:08', 0, 0, 0, NULL, NULL, 0, 0);
INSERT INTO `oa_zones` (`zoneid`, `affiliateid`, `zonename`, `description`, `delivery`, `zonetype`, `what`, `width`, `height`, `chain`, `prepend`, `append`, `appendtype`, `category`, `ad_selection`, `forceappend`, `inventory_forecast_type`, `comments`, `cost`, `cost_type`, `cost_variable_id`, `technology_cost`, `technology_cost_type`, `updated`, `block`, `capping`, `session_capping`, `as_zone_id`) VALUES(76, 1, 'http://www.test1.org - Default', '', 0, 3, '', 120, 120, '', '', 0x5a6f6e65, 0, '', '', 'f', 0, '', 1.3333, 2, '', NULL, NULL, '2007-11-20 15:10:34', 0, 0, 0, NULL);
INSERT INTO `oa_placement_zone_assoc` (`placement_zone_assoc_id`, `zone_id`, `placement_id`) VALUES(76, 76, 76);

INSERT INTO `oa_banners` (`bannerid`, `contenttype`, `pluginversion`, `storagetype`, `filename`, `imageurl`, `htmltemplate`, `htmlcache`, `width`, `height`, `weight`, `seq`, `target`, `url`, `alt`, `keyword`, `bannertext`, `description`, `autohtml`, `block`, `capping`, `compiledlimitation`, `append`, `appendtype`, `bannertype`, `transparent`, `campaignid`, `adserver`, `session_capping`, `acl_plugins`, `alt_filename`, `alt_imageurl`, `alt_contenttype`, `comments`, `updated`, `parameters`, `acls_updated`, `statustext`, `an_banner_id`, `as_banner_id`, `status`) VALUES(376, 'gif', 0, 'sql', '120x120.gif', '', '', '', 120, 120, 1, 0, '', 'http://www.wp.pl', '', '', '', '', 'f', 0, 0, 0x74727565, 0x48744d6c202d20, 0, 0, 0, 76, '', 0, '', '', '', '', '', '2007-11-20 15:14:41', 'N;', '2007-11-20 15:14:41', '', NULL, NULL, 0);
INSERT INTO `oa_ad_zone_assoc` (`ad_zone_assoc_id`, `zone_id`, `ad_id`, `priority`, `link_type`, `priority_factor`, `to_be_delivered`) VALUES(376, 76, 376, 0, 0, 1, 1);
INSERT INTO `oa_banners` (`bannerid`, `contenttype`, `pluginversion`, `storagetype`, `filename`, `imageurl`, `htmltemplate`, `htmlcache`, `width`, `height`, `weight`, `seq`, `target`, `url`, `alt`, `keyword`, `bannertext`, `description`, `autohtml`, `block`, `capping`, `compiledlimitation`, `append`, `appendtype`, `bannertype`, `transparent`, `campaignid`, `adserver`, `session_capping`, `acl_plugins`, `alt_filename`, `alt_imageurl`, `alt_contenttype`, `comments`, `updated`, `parameters`, `acls_updated`, `statustext`, `an_banner_id`, `as_banner_id`, `status`) VALUES(377, 'gif', 0, 'sql', '120x120.gif', '', '', '', 120, 120, 1, 0, '', 'http://www.wp.pl', '', '', '', '', 'f', 0, 0, 0x74727565, 0x48744d6c202d20, 0, 0, 0, 76, '', 0, '', '', '', '', '', '2007-11-20 15:14:41', 'N;', '2007-11-20 15:14:41', '', NULL, NULL, 0);
INSERT INTO `oa_ad_zone_assoc` (`ad_zone_assoc_id`, `zone_id`, `ad_id`, `priority`, `link_type`, `priority_factor`, `to_be_delivered`) VALUES(377, 76, 377, 0, 0, 1, 1);
INSERT INTO `oa_banners` (`bannerid`, `contenttype`, `pluginversion`, `storagetype`, `filename`, `imageurl`, `htmltemplate`, `htmlcache`, `width`, `height`, `weight`, `seq`, `target`, `url`, `alt`, `keyword`, `bannertext`, `description`, `autohtml`, `block`, `capping`, `compiledlimitation`, `append`, `appendtype`, `bannertype`, `transparent`, `campaignid`, `adserver`, `session_capping`, `acl_plugins`, `alt_filename`, `alt_imageurl`, `alt_contenttype`, `comments`, `updated`, `parameters`, `acls_updated`, `statustext`, `an_banner_id`, `as_banner_id`, `status`) VALUES(378, 'gif', 0, 'sql', '120x120.gif', '', '', '', 120, 120, 1, 0, '', 'http://www.wp.pl', '', '', '', '', 'f', 0, 0, 0x74727565, 0x48744d6c202d20, 0, 0, 0, 76, '', 0, '', '', '', '', '', '2007-11-20 15:14:41', 'N;', '2007-11-20 15:14:41', '', NULL, NULL, 0);
INSERT INTO `oa_ad_zone_assoc` (`ad_zone_assoc_id`, `zone_id`, `ad_id`, `priority`, `link_type`, `priority_factor`, `to_be_delivered`) VALUES(378, 76, 378, 0, 0, 1, 1);
INSERT INTO `oa_banners` (`bannerid`, `contenttype`, `pluginversion`, `storagetype`, `filename`, `imageurl`, `htmltemplate`, `htmlcache`, `width`, `height`, `weight`, `seq`, `target`, `url`, `alt`, `keyword`, `bannertext`, `description`, `autohtml`, `block`, `capping`, `compiledlimitation`, `append`, `appendtype`, `bannertype`, `transparent`, `campaignid`, `adserver`, `session_capping`, `acl_plugins`, `alt_filename`, `alt_imageurl`, `alt_contenttype`, `comments`, `updated`, `parameters`, `acls_updated`, `statustext`, `an_banner_id`, `as_banner_id`, `status`) VALUES(379, 'gif', 0, 'sql', '120x120.gif', '', '', '', 120, 120, 1, 0, '', 'http://www.wp.pl', '', '', '', '', 'f', 0, 0, 0x74727565, 0x48744d6c202d20, 0, 0, 0, 76, '', 0, '', '', '', '', '', '2007-11-20 15:14:41', 'N;', '2007-11-20 15:14:41', '', NULL, NULL, 0);
INSERT INTO `oa_ad_zone_assoc` (`ad_zone_assoc_id`, `zone_id`, `ad_id`, `priority`, `link_type`, `priority_factor`, `to_be_delivered`) VALUES(379, 76, 379, 0, 0, 1, 1);
INSERT INTO `oa_banners` (`bannerid`, `contenttype`, `pluginversion`, `storagetype`, `filename`, `imageurl`, `htmltemplate`, `htmlcache`, `width`, `height`, `weight`, `seq`, `target`, `url`, `alt`, `keyword`, `bannertext`, `description`, `autohtml`, `block`, `capping`, `compiledlimitation`, `append`, `appendtype`, `bannertype`, `transparent`, `campaignid`, `adserver`, `session_capping`, `acl_plugins`, `alt_filename`, `alt_imageurl`, `alt_contenttype`, `comments`, `updated`, `parameters`, `acls_updated`, `statustext`, `an_banner_id`, `as_banner_id`, `status`) VALUES(380, 'gif', 0, 'sql', '120x120.gif', '', '', '', 120, 120, 1, 0, '', 'http://www.wp.pl', '', '', '', '', 'f', 0, 0, 0x74727565, 0x48744d6c202d20, 0, 0, 0, 76, '', 0, '', '', '', '', '', '2007-11-20 15:14:41', 'N;', '2007-11-20 15:14:41', '', NULL, NULL, 0);
INSERT INTO `oa_ad_zone_assoc` (`ad_zone_assoc_id`, `zone_id`, `ad_id`, `priority`, `link_type`, `priority_factor`, `to_be_delivered`) VALUES(380, 76, 380, 0, 0, 1, 1);
INSERT INTO `oa_campaigns` (`campaignid`, `campaignname`, `clientid`, `views`, `clicks`, `conversions`, `expire`, `activate`, `priority`, `weight`, `target_impression`, `target_click`, `target_conversion`, `anonymous`, `companion`, `comments`, `revenue`, `revenue_type`, `updated`, `block`, `capping`, `session_capping`, `an_campaign_id`, `as_campaign_id`, `status`, `an_status`) VALUES(77, 'QA - Default Campaign77', 1, 1000, 1000, 1000, '0000-00-00', '0000-00-00', -1, 1, 0, 0, 0, 'f', 0, '', 1.0000, 2, '2007-11-20 16:09:08', 0, 0, 0, NULL, NULL, 0, 0);
INSERT INTO `oa_zones` (`zoneid`, `affiliateid`, `zonename`, `description`, `delivery`, `zonetype`, `what`, `width`, `height`, `chain`, `prepend`, `append`, `appendtype`, `category`, `ad_selection`, `forceappend`, `inventory_forecast_type`, `comments`, `cost`, `cost_type`, `cost_variable_id`, `technology_cost`, `technology_cost_type`, `updated`, `block`, `capping`, `session_capping`, `as_zone_id`) VALUES(77, 1, 'http://www.test1.org - Default', '', 0, 3, '', 120, 120, '', '', 0x5a6f6e65, 0, '', '', 'f', 0, '', 1.3333, 2, '', NULL, NULL, '2007-11-20 15:10:34', 0, 0, 0, NULL);
INSERT INTO `oa_placement_zone_assoc` (`placement_zone_assoc_id`, `zone_id`, `placement_id`) VALUES(77, 77, 77);

INSERT INTO `oa_banners` (`bannerid`, `contenttype`, `pluginversion`, `storagetype`, `filename`, `imageurl`, `htmltemplate`, `htmlcache`, `width`, `height`, `weight`, `seq`, `target`, `url`, `alt`, `keyword`, `bannertext`, `description`, `autohtml`, `block`, `capping`, `compiledlimitation`, `append`, `appendtype`, `bannertype`, `transparent`, `campaignid`, `adserver`, `session_capping`, `acl_plugins`, `alt_filename`, `alt_imageurl`, `alt_contenttype`, `comments`, `updated`, `parameters`, `acls_updated`, `statustext`, `an_banner_id`, `as_banner_id`, `status`) VALUES(381, 'gif', 0, 'sql', '120x120.gif', '', '', '', 120, 120, 1, 0, '', 'http://www.wp.pl', '', '', '', '', 'f', 0, 0, 0x74727565, 0x48744d6c202d20, 0, 0, 0, 77, '', 0, '', '', '', '', '', '2007-11-20 15:14:41', 'N;', '2007-11-20 15:14:41', '', NULL, NULL, 0);
INSERT INTO `oa_ad_zone_assoc` (`ad_zone_assoc_id`, `zone_id`, `ad_id`, `priority`, `link_type`, `priority_factor`, `to_be_delivered`) VALUES(381, 77, 381, 0, 0, 1, 1);
INSERT INTO `oa_banners` (`bannerid`, `contenttype`, `pluginversion`, `storagetype`, `filename`, `imageurl`, `htmltemplate`, `htmlcache`, `width`, `height`, `weight`, `seq`, `target`, `url`, `alt`, `keyword`, `bannertext`, `description`, `autohtml`, `block`, `capping`, `compiledlimitation`, `append`, `appendtype`, `bannertype`, `transparent`, `campaignid`, `adserver`, `session_capping`, `acl_plugins`, `alt_filename`, `alt_imageurl`, `alt_contenttype`, `comments`, `updated`, `parameters`, `acls_updated`, `statustext`, `an_banner_id`, `as_banner_id`, `status`) VALUES(382, 'gif', 0, 'sql', '120x120.gif', '', '', '', 120, 120, 1, 0, '', 'http://www.wp.pl', '', '', '', '', 'f', 0, 0, 0x74727565, 0x48744d6c202d20, 0, 0, 0, 77, '', 0, '', '', '', '', '', '2007-11-20 15:14:41', 'N;', '2007-11-20 15:14:41', '', NULL, NULL, 0);
INSERT INTO `oa_ad_zone_assoc` (`ad_zone_assoc_id`, `zone_id`, `ad_id`, `priority`, `link_type`, `priority_factor`, `to_be_delivered`) VALUES(382, 77, 382, 0, 0, 1, 1);
INSERT INTO `oa_banners` (`bannerid`, `contenttype`, `pluginversion`, `storagetype`, `filename`, `imageurl`, `htmltemplate`, `htmlcache`, `width`, `height`, `weight`, `seq`, `target`, `url`, `alt`, `keyword`, `bannertext`, `description`, `autohtml`, `block`, `capping`, `compiledlimitation`, `append`, `appendtype`, `bannertype`, `transparent`, `campaignid`, `adserver`, `session_capping`, `acl_plugins`, `alt_filename`, `alt_imageurl`, `alt_contenttype`, `comments`, `updated`, `parameters`, `acls_updated`, `statustext`, `an_banner_id`, `as_banner_id`, `status`) VALUES(383, 'gif', 0, 'sql', '120x120.gif', '', '', '', 120, 120, 1, 0, '', 'http://www.wp.pl', '', '', '', '', 'f', 0, 0, 0x74727565, 0x48744d6c202d20, 0, 0, 0, 77, '', 0, '', '', '', '', '', '2007-11-20 15:14:41', 'N;', '2007-11-20 15:14:41', '', NULL, NULL, 0);
INSERT INTO `oa_ad_zone_assoc` (`ad_zone_assoc_id`, `zone_id`, `ad_id`, `priority`, `link_type`, `priority_factor`, `to_be_delivered`) VALUES(383, 77, 383, 0, 0, 1, 1);
INSERT INTO `oa_banners` (`bannerid`, `contenttype`, `pluginversion`, `storagetype`, `filename`, `imageurl`, `htmltemplate`, `htmlcache`, `width`, `height`, `weight`, `seq`, `target`, `url`, `alt`, `keyword`, `bannertext`, `description`, `autohtml`, `block`, `capping`, `compiledlimitation`, `append`, `appendtype`, `bannertype`, `transparent`, `campaignid`, `adserver`, `session_capping`, `acl_plugins`, `alt_filename`, `alt_imageurl`, `alt_contenttype`, `comments`, `updated`, `parameters`, `acls_updated`, `statustext`, `an_banner_id`, `as_banner_id`, `status`) VALUES(384, 'gif', 0, 'sql', '120x120.gif', '', '', '', 120, 120, 1, 0, '', 'http://www.wp.pl', '', '', '', '', 'f', 0, 0, 0x74727565, 0x48744d6c202d20, 0, 0, 0, 77, '', 0, '', '', '', '', '', '2007-11-20 15:14:41', 'N;', '2007-11-20 15:14:41', '', NULL, NULL, 0);
INSERT INTO `oa_ad_zone_assoc` (`ad_zone_assoc_id`, `zone_id`, `ad_id`, `priority`, `link_type`, `priority_factor`, `to_be_delivered`) VALUES(384, 77, 384, 0, 0, 1, 1);
INSERT INTO `oa_banners` (`bannerid`, `contenttype`, `pluginversion`, `storagetype`, `filename`, `imageurl`, `htmltemplate`, `htmlcache`, `width`, `height`, `weight`, `seq`, `target`, `url`, `alt`, `keyword`, `bannertext`, `description`, `autohtml`, `block`, `capping`, `compiledlimitation`, `append`, `appendtype`, `bannertype`, `transparent`, `campaignid`, `adserver`, `session_capping`, `acl_plugins`, `alt_filename`, `alt_imageurl`, `alt_contenttype`, `comments`, `updated`, `parameters`, `acls_updated`, `statustext`, `an_banner_id`, `as_banner_id`, `status`) VALUES(385, 'gif', 0, 'sql', '120x120.gif', '', '', '', 120, 120, 1, 0, '', 'http://www.wp.pl', '', '', '', '', 'f', 0, 0, 0x74727565, 0x48744d6c202d20, 0, 0, 0, 77, '', 0, '', '', '', '', '', '2007-11-20 15:14:41', 'N;', '2007-11-20 15:14:41', '', NULL, NULL, 0);
INSERT INTO `oa_ad_zone_assoc` (`ad_zone_assoc_id`, `zone_id`, `ad_id`, `priority`, `link_type`, `priority_factor`, `to_be_delivered`) VALUES(385, 77, 385, 0, 0, 1, 1);
INSERT INTO `oa_campaigns` (`campaignid`, `campaignname`, `clientid`, `views`, `clicks`, `conversions`, `expire`, `activate`, `priority`, `weight`, `target_impression`, `target_click`, `target_conversion`, `anonymous`, `companion`, `comments`, `revenue`, `revenue_type`, `updated`, `block`, `capping`, `session_capping`, `an_campaign_id`, `as_campaign_id`, `status`, `an_status`) VALUES(78, 'QA - Default Campaign78', 1, 1000, 1000, 1000, '0000-00-00', '0000-00-00', -1, 1, 0, 0, 0, 'f', 0, '', 1.0000, 2, '2007-11-20 16:09:08', 0, 0, 0, NULL, NULL, 0, 0);
INSERT INTO `oa_zones` (`zoneid`, `affiliateid`, `zonename`, `description`, `delivery`, `zonetype`, `what`, `width`, `height`, `chain`, `prepend`, `append`, `appendtype`, `category`, `ad_selection`, `forceappend`, `inventory_forecast_type`, `comments`, `cost`, `cost_type`, `cost_variable_id`, `technology_cost`, `technology_cost_type`, `updated`, `block`, `capping`, `session_capping`, `as_zone_id`) VALUES(78, 1, 'http://www.test1.org - Default', '', 0, 3, '', 120, 120, '', '', 0x5a6f6e65, 0, '', '', 'f', 0, '', 1.3333, 2, '', NULL, NULL, '2007-11-20 15:10:34', 0, 0, 0, NULL);
INSERT INTO `oa_placement_zone_assoc` (`placement_zone_assoc_id`, `zone_id`, `placement_id`) VALUES(78, 78, 78);

INSERT INTO `oa_banners` (`bannerid`, `contenttype`, `pluginversion`, `storagetype`, `filename`, `imageurl`, `htmltemplate`, `htmlcache`, `width`, `height`, `weight`, `seq`, `target`, `url`, `alt`, `keyword`, `bannertext`, `description`, `autohtml`, `block`, `capping`, `compiledlimitation`, `append`, `appendtype`, `bannertype`, `transparent`, `campaignid`, `adserver`, `session_capping`, `acl_plugins`, `alt_filename`, `alt_imageurl`, `alt_contenttype`, `comments`, `updated`, `parameters`, `acls_updated`, `statustext`, `an_banner_id`, `as_banner_id`, `status`) VALUES(386, 'gif', 0, 'sql', '120x120.gif', '', '', '', 120, 120, 1, 0, '', 'http://www.wp.pl', '', '', '', '', 'f', 0, 0, 0x74727565, 0x48744d6c202d20, 0, 0, 0, 78, '', 0, '', '', '', '', '', '2007-11-20 15:14:41', 'N;', '2007-11-20 15:14:41', '', NULL, NULL, 0);
INSERT INTO `oa_ad_zone_assoc` (`ad_zone_assoc_id`, `zone_id`, `ad_id`, `priority`, `link_type`, `priority_factor`, `to_be_delivered`) VALUES(386, 78, 386, 0, 0, 1, 1);
INSERT INTO `oa_banners` (`bannerid`, `contenttype`, `pluginversion`, `storagetype`, `filename`, `imageurl`, `htmltemplate`, `htmlcache`, `width`, `height`, `weight`, `seq`, `target`, `url`, `alt`, `keyword`, `bannertext`, `description`, `autohtml`, `block`, `capping`, `compiledlimitation`, `append`, `appendtype`, `bannertype`, `transparent`, `campaignid`, `adserver`, `session_capping`, `acl_plugins`, `alt_filename`, `alt_imageurl`, `alt_contenttype`, `comments`, `updated`, `parameters`, `acls_updated`, `statustext`, `an_banner_id`, `as_banner_id`, `status`) VALUES(387, 'gif', 0, 'sql', '120x120.gif', '', '', '', 120, 120, 1, 0, '', 'http://www.wp.pl', '', '', '', '', 'f', 0, 0, 0x74727565, 0x48744d6c202d20, 0, 0, 0, 78, '', 0, '', '', '', '', '', '2007-11-20 15:14:41', 'N;', '2007-11-20 15:14:41', '', NULL, NULL, 0);
INSERT INTO `oa_ad_zone_assoc` (`ad_zone_assoc_id`, `zone_id`, `ad_id`, `priority`, `link_type`, `priority_factor`, `to_be_delivered`) VALUES(387, 78, 387, 0, 0, 1, 1);
INSERT INTO `oa_banners` (`bannerid`, `contenttype`, `pluginversion`, `storagetype`, `filename`, `imageurl`, `htmltemplate`, `htmlcache`, `width`, `height`, `weight`, `seq`, `target`, `url`, `alt`, `keyword`, `bannertext`, `description`, `autohtml`, `block`, `capping`, `compiledlimitation`, `append`, `appendtype`, `bannertype`, `transparent`, `campaignid`, `adserver`, `session_capping`, `acl_plugins`, `alt_filename`, `alt_imageurl`, `alt_contenttype`, `comments`, `updated`, `parameters`, `acls_updated`, `statustext`, `an_banner_id`, `as_banner_id`, `status`) VALUES(388, 'gif', 0, 'sql', '120x120.gif', '', '', '', 120, 120, 1, 0, '', 'http://www.wp.pl', '', '', '', '', 'f', 0, 0, 0x74727565, 0x48744d6c202d20, 0, 0, 0, 78, '', 0, '', '', '', '', '', '2007-11-20 15:14:41', 'N;', '2007-11-20 15:14:41', '', NULL, NULL, 0);
INSERT INTO `oa_ad_zone_assoc` (`ad_zone_assoc_id`, `zone_id`, `ad_id`, `priority`, `link_type`, `priority_factor`, `to_be_delivered`) VALUES(388, 78, 388, 0, 0, 1, 1);
INSERT INTO `oa_banners` (`bannerid`, `contenttype`, `pluginversion`, `storagetype`, `filename`, `imageurl`, `htmltemplate`, `htmlcache`, `width`, `height`, `weight`, `seq`, `target`, `url`, `alt`, `keyword`, `bannertext`, `description`, `autohtml`, `block`, `capping`, `compiledlimitation`, `append`, `appendtype`, `bannertype`, `transparent`, `campaignid`, `adserver`, `session_capping`, `acl_plugins`, `alt_filename`, `alt_imageurl`, `alt_contenttype`, `comments`, `updated`, `parameters`, `acls_updated`, `statustext`, `an_banner_id`, `as_banner_id`, `status`) VALUES(389, 'gif', 0, 'sql', '120x120.gif', '', '', '', 120, 120, 1, 0, '', 'http://www.wp.pl', '', '', '', '', 'f', 0, 0, 0x74727565, 0x48744d6c202d20, 0, 0, 0, 78, '', 0, '', '', '', '', '', '2007-11-20 15:14:41', 'N;', '2007-11-20 15:14:41', '', NULL, NULL, 0);
INSERT INTO `oa_ad_zone_assoc` (`ad_zone_assoc_id`, `zone_id`, `ad_id`, `priority`, `link_type`, `priority_factor`, `to_be_delivered`) VALUES(389, 78, 389, 0, 0, 1, 1);
INSERT INTO `oa_banners` (`bannerid`, `contenttype`, `pluginversion`, `storagetype`, `filename`, `imageurl`, `htmltemplate`, `htmlcache`, `width`, `height`, `weight`, `seq`, `target`, `url`, `alt`, `keyword`, `bannertext`, `description`, `autohtml`, `block`, `capping`, `compiledlimitation`, `append`, `appendtype`, `bannertype`, `transparent`, `campaignid`, `adserver`, `session_capping`, `acl_plugins`, `alt_filename`, `alt_imageurl`, `alt_contenttype`, `comments`, `updated`, `parameters`, `acls_updated`, `statustext`, `an_banner_id`, `as_banner_id`, `status`) VALUES(390, 'gif', 0, 'sql', '120x120.gif', '', '', '', 120, 120, 1, 0, '', 'http://www.wp.pl', '', '', '', '', 'f', 0, 0, 0x74727565, 0x48744d6c202d20, 0, 0, 0, 78, '', 0, '', '', '', '', '', '2007-11-20 15:14:41', 'N;', '2007-11-20 15:14:41', '', NULL, NULL, 0);
INSERT INTO `oa_ad_zone_assoc` (`ad_zone_assoc_id`, `zone_id`, `ad_id`, `priority`, `link_type`, `priority_factor`, `to_be_delivered`) VALUES(390, 78, 390, 0, 0, 1, 1);
INSERT INTO `oa_campaigns` (`campaignid`, `campaignname`, `clientid`, `views`, `clicks`, `conversions`, `expire`, `activate`, `priority`, `weight`, `target_impression`, `target_click`, `target_conversion`, `anonymous`, `companion`, `comments`, `revenue`, `revenue_type`, `updated`, `block`, `capping`, `session_capping`, `an_campaign_id`, `as_campaign_id`, `status`, `an_status`) VALUES(79, 'QA - Default Campaign79', 1, 1000, 1000, 1000, '0000-00-00', '0000-00-00', -1, 1, 0, 0, 0, 'f', 0, '', 1.0000, 2, '2007-11-20 16:09:08', 0, 0, 0, NULL, NULL, 0, 0);
INSERT INTO `oa_zones` (`zoneid`, `affiliateid`, `zonename`, `description`, `delivery`, `zonetype`, `what`, `width`, `height`, `chain`, `prepend`, `append`, `appendtype`, `category`, `ad_selection`, `forceappend`, `inventory_forecast_type`, `comments`, `cost`, `cost_type`, `cost_variable_id`, `technology_cost`, `technology_cost_type`, `updated`, `block`, `capping`, `session_capping`, `as_zone_id`) VALUES(79, 1, 'http://www.test1.org - Default', '', 0, 3, '', 120, 120, '', '', 0x5a6f6e65, 0, '', '', 'f', 0, '', 1.3333, 2, '', NULL, NULL, '2007-11-20 15:10:34', 0, 0, 0, NULL);
INSERT INTO `oa_placement_zone_assoc` (`placement_zone_assoc_id`, `zone_id`, `placement_id`) VALUES(79, 79, 79);

INSERT INTO `oa_banners` (`bannerid`, `contenttype`, `pluginversion`, `storagetype`, `filename`, `imageurl`, `htmltemplate`, `htmlcache`, `width`, `height`, `weight`, `seq`, `target`, `url`, `alt`, `keyword`, `bannertext`, `description`, `autohtml`, `block`, `capping`, `compiledlimitation`, `append`, `appendtype`, `bannertype`, `transparent`, `campaignid`, `adserver`, `session_capping`, `acl_plugins`, `alt_filename`, `alt_imageurl`, `alt_contenttype`, `comments`, `updated`, `parameters`, `acls_updated`, `statustext`, `an_banner_id`, `as_banner_id`, `status`) VALUES(391, 'gif', 0, 'sql', '120x120.gif', '', '', '', 120, 120, 1, 0, '', 'http://www.wp.pl', '', '', '', '', 'f', 0, 0, 0x74727565, 0x48744d6c202d20, 0, 0, 0, 79, '', 0, '', '', '', '', '', '2007-11-20 15:14:41', 'N;', '2007-11-20 15:14:41', '', NULL, NULL, 0);
INSERT INTO `oa_ad_zone_assoc` (`ad_zone_assoc_id`, `zone_id`, `ad_id`, `priority`, `link_type`, `priority_factor`, `to_be_delivered`) VALUES(391, 79, 391, 0, 0, 1, 1);
INSERT INTO `oa_banners` (`bannerid`, `contenttype`, `pluginversion`, `storagetype`, `filename`, `imageurl`, `htmltemplate`, `htmlcache`, `width`, `height`, `weight`, `seq`, `target`, `url`, `alt`, `keyword`, `bannertext`, `description`, `autohtml`, `block`, `capping`, `compiledlimitation`, `append`, `appendtype`, `bannertype`, `transparent`, `campaignid`, `adserver`, `session_capping`, `acl_plugins`, `alt_filename`, `alt_imageurl`, `alt_contenttype`, `comments`, `updated`, `parameters`, `acls_updated`, `statustext`, `an_banner_id`, `as_banner_id`, `status`) VALUES(392, 'gif', 0, 'sql', '120x120.gif', '', '', '', 120, 120, 1, 0, '', 'http://www.wp.pl', '', '', '', '', 'f', 0, 0, 0x74727565, 0x48744d6c202d20, 0, 0, 0, 79, '', 0, '', '', '', '', '', '2007-11-20 15:14:41', 'N;', '2007-11-20 15:14:41', '', NULL, NULL, 0);
INSERT INTO `oa_ad_zone_assoc` (`ad_zone_assoc_id`, `zone_id`, `ad_id`, `priority`, `link_type`, `priority_factor`, `to_be_delivered`) VALUES(392, 79, 392, 0, 0, 1, 1);
INSERT INTO `oa_banners` (`bannerid`, `contenttype`, `pluginversion`, `storagetype`, `filename`, `imageurl`, `htmltemplate`, `htmlcache`, `width`, `height`, `weight`, `seq`, `target`, `url`, `alt`, `keyword`, `bannertext`, `description`, `autohtml`, `block`, `capping`, `compiledlimitation`, `append`, `appendtype`, `bannertype`, `transparent`, `campaignid`, `adserver`, `session_capping`, `acl_plugins`, `alt_filename`, `alt_imageurl`, `alt_contenttype`, `comments`, `updated`, `parameters`, `acls_updated`, `statustext`, `an_banner_id`, `as_banner_id`, `status`) VALUES(393, 'gif', 0, 'sql', '120x120.gif', '', '', '', 120, 120, 1, 0, '', 'http://www.wp.pl', '', '', '', '', 'f', 0, 0, 0x74727565, 0x48744d6c202d20, 0, 0, 0, 79, '', 0, '', '', '', '', '', '2007-11-20 15:14:41', 'N;', '2007-11-20 15:14:41', '', NULL, NULL, 0);
INSERT INTO `oa_ad_zone_assoc` (`ad_zone_assoc_id`, `zone_id`, `ad_id`, `priority`, `link_type`, `priority_factor`, `to_be_delivered`) VALUES(393, 79, 393, 0, 0, 1, 1);
INSERT INTO `oa_banners` (`bannerid`, `contenttype`, `pluginversion`, `storagetype`, `filename`, `imageurl`, `htmltemplate`, `htmlcache`, `width`, `height`, `weight`, `seq`, `target`, `url`, `alt`, `keyword`, `bannertext`, `description`, `autohtml`, `block`, `capping`, `compiledlimitation`, `append`, `appendtype`, `bannertype`, `transparent`, `campaignid`, `adserver`, `session_capping`, `acl_plugins`, `alt_filename`, `alt_imageurl`, `alt_contenttype`, `comments`, `updated`, `parameters`, `acls_updated`, `statustext`, `an_banner_id`, `as_banner_id`, `status`) VALUES(394, 'gif', 0, 'sql', '120x120.gif', '', '', '', 120, 120, 1, 0, '', 'http://www.wp.pl', '', '', '', '', 'f', 0, 0, 0x74727565, 0x48744d6c202d20, 0, 0, 0, 79, '', 0, '', '', '', '', '', '2007-11-20 15:14:41', 'N;', '2007-11-20 15:14:41', '', NULL, NULL, 0);
INSERT INTO `oa_ad_zone_assoc` (`ad_zone_assoc_id`, `zone_id`, `ad_id`, `priority`, `link_type`, `priority_factor`, `to_be_delivered`) VALUES(394, 79, 394, 0, 0, 1, 1);
INSERT INTO `oa_banners` (`bannerid`, `contenttype`, `pluginversion`, `storagetype`, `filename`, `imageurl`, `htmltemplate`, `htmlcache`, `width`, `height`, `weight`, `seq`, `target`, `url`, `alt`, `keyword`, `bannertext`, `description`, `autohtml`, `block`, `capping`, `compiledlimitation`, `append`, `appendtype`, `bannertype`, `transparent`, `campaignid`, `adserver`, `session_capping`, `acl_plugins`, `alt_filename`, `alt_imageurl`, `alt_contenttype`, `comments`, `updated`, `parameters`, `acls_updated`, `statustext`, `an_banner_id`, `as_banner_id`, `status`) VALUES(395, 'gif', 0, 'sql', '120x120.gif', '', '', '', 120, 120, 1, 0, '', 'http://www.wp.pl', '', '', '', '', 'f', 0, 0, 0x74727565, 0x48744d6c202d20, 0, 0, 0, 79, '', 0, '', '', '', '', '', '2007-11-20 15:14:41', 'N;', '2007-11-20 15:14:41', '', NULL, NULL, 0);
INSERT INTO `oa_ad_zone_assoc` (`ad_zone_assoc_id`, `zone_id`, `ad_id`, `priority`, `link_type`, `priority_factor`, `to_be_delivered`) VALUES(395, 79, 395, 0, 0, 1, 1);
INSERT INTO `oa_campaigns` (`campaignid`, `campaignname`, `clientid`, `views`, `clicks`, `conversions`, `expire`, `activate`, `priority`, `weight`, `target_impression`, `target_click`, `target_conversion`, `anonymous`, `companion`, `comments`, `revenue`, `revenue_type`, `updated`, `block`, `capping`, `session_capping`, `an_campaign_id`, `as_campaign_id`, `status`, `an_status`) VALUES(80, 'QA - Default Campaign80', 1, 1000, 1000, 1000, '0000-00-00', '0000-00-00', -1, 1, 0, 0, 0, 'f', 0, '', 1.0000, 2, '2007-11-20 16:09:08', 0, 0, 0, NULL, NULL, 0, 0);
INSERT INTO `oa_zones` (`zoneid`, `affiliateid`, `zonename`, `description`, `delivery`, `zonetype`, `what`, `width`, `height`, `chain`, `prepend`, `append`, `appendtype`, `category`, `ad_selection`, `forceappend`, `inventory_forecast_type`, `comments`, `cost`, `cost_type`, `cost_variable_id`, `technology_cost`, `technology_cost_type`, `updated`, `block`, `capping`, `session_capping`, `as_zone_id`) VALUES(80, 1, 'http://www.test1.org - Default', '', 0, 3, '', 120, 120, '', '', 0x5a6f6e65, 0, '', '', 'f', 0, '', 1.3333, 2, '', NULL, NULL, '2007-11-20 15:10:34', 0, 0, 0, NULL);
INSERT INTO `oa_placement_zone_assoc` (`placement_zone_assoc_id`, `zone_id`, `placement_id`) VALUES(80, 80, 80);

INSERT INTO `oa_banners` (`bannerid`, `contenttype`, `pluginversion`, `storagetype`, `filename`, `imageurl`, `htmltemplate`, `htmlcache`, `width`, `height`, `weight`, `seq`, `target`, `url`, `alt`, `keyword`, `bannertext`, `description`, `autohtml`, `block`, `capping`, `compiledlimitation`, `append`, `appendtype`, `bannertype`, `transparent`, `campaignid`, `adserver`, `session_capping`, `acl_plugins`, `alt_filename`, `alt_imageurl`, `alt_contenttype`, `comments`, `updated`, `parameters`, `acls_updated`, `statustext`, `an_banner_id`, `as_banner_id`, `status`) VALUES(396, 'gif', 0, 'sql', '120x120.gif', '', '', '', 120, 120, 1, 0, '', 'http://www.wp.pl', '', '', '', '', 'f', 0, 0, 0x74727565, 0x48744d6c202d20, 0, 0, 0, 80, '', 0, '', '', '', '', '', '2007-11-20 15:14:41', 'N;', '2007-11-20 15:14:41', '', NULL, NULL, 0);
INSERT INTO `oa_ad_zone_assoc` (`ad_zone_assoc_id`, `zone_id`, `ad_id`, `priority`, `link_type`, `priority_factor`, `to_be_delivered`) VALUES(396, 80, 396, 0, 0, 1, 1);
INSERT INTO `oa_banners` (`bannerid`, `contenttype`, `pluginversion`, `storagetype`, `filename`, `imageurl`, `htmltemplate`, `htmlcache`, `width`, `height`, `weight`, `seq`, `target`, `url`, `alt`, `keyword`, `bannertext`, `description`, `autohtml`, `block`, `capping`, `compiledlimitation`, `append`, `appendtype`, `bannertype`, `transparent`, `campaignid`, `adserver`, `session_capping`, `acl_plugins`, `alt_filename`, `alt_imageurl`, `alt_contenttype`, `comments`, `updated`, `parameters`, `acls_updated`, `statustext`, `an_banner_id`, `as_banner_id`, `status`) VALUES(397, 'gif', 0, 'sql', '120x120.gif', '', '', '', 120, 120, 1, 0, '', 'http://www.wp.pl', '', '', '', '', 'f', 0, 0, 0x74727565, 0x48744d6c202d20, 0, 0, 0, 80, '', 0, '', '', '', '', '', '2007-11-20 15:14:41', 'N;', '2007-11-20 15:14:41', '', NULL, NULL, 0);
INSERT INTO `oa_ad_zone_assoc` (`ad_zone_assoc_id`, `zone_id`, `ad_id`, `priority`, `link_type`, `priority_factor`, `to_be_delivered`) VALUES(397, 80, 397, 0, 0, 1, 1);
INSERT INTO `oa_banners` (`bannerid`, `contenttype`, `pluginversion`, `storagetype`, `filename`, `imageurl`, `htmltemplate`, `htmlcache`, `width`, `height`, `weight`, `seq`, `target`, `url`, `alt`, `keyword`, `bannertext`, `description`, `autohtml`, `block`, `capping`, `compiledlimitation`, `append`, `appendtype`, `bannertype`, `transparent`, `campaignid`, `adserver`, `session_capping`, `acl_plugins`, `alt_filename`, `alt_imageurl`, `alt_contenttype`, `comments`, `updated`, `parameters`, `acls_updated`, `statustext`, `an_banner_id`, `as_banner_id`, `status`) VALUES(398, 'gif', 0, 'sql', '120x120.gif', '', '', '', 120, 120, 1, 0, '', 'http://www.wp.pl', '', '', '', '', 'f', 0, 0, 0x74727565, 0x48744d6c202d20, 0, 0, 0, 80, '', 0, '', '', '', '', '', '2007-11-20 15:14:41', 'N;', '2007-11-20 15:14:41', '', NULL, NULL, 0);
INSERT INTO `oa_ad_zone_assoc` (`ad_zone_assoc_id`, `zone_id`, `ad_id`, `priority`, `link_type`, `priority_factor`, `to_be_delivered`) VALUES(398, 80, 398, 0, 0, 1, 1);
INSERT INTO `oa_banners` (`bannerid`, `contenttype`, `pluginversion`, `storagetype`, `filename`, `imageurl`, `htmltemplate`, `htmlcache`, `width`, `height`, `weight`, `seq`, `target`, `url`, `alt`, `keyword`, `bannertext`, `description`, `autohtml`, `block`, `capping`, `compiledlimitation`, `append`, `appendtype`, `bannertype`, `transparent`, `campaignid`, `adserver`, `session_capping`, `acl_plugins`, `alt_filename`, `alt_imageurl`, `alt_contenttype`, `comments`, `updated`, `parameters`, `acls_updated`, `statustext`, `an_banner_id`, `as_banner_id`, `status`) VALUES(399, 'gif', 0, 'sql', '120x120.gif', '', '', '', 120, 120, 1, 0, '', 'http://www.wp.pl', '', '', '', '', 'f', 0, 0, 0x74727565, 0x48744d6c202d20, 0, 0, 0, 80, '', 0, '', '', '', '', '', '2007-11-20 15:14:41', 'N;', '2007-11-20 15:14:41', '', NULL, NULL, 0);
INSERT INTO `oa_ad_zone_assoc` (`ad_zone_assoc_id`, `zone_id`, `ad_id`, `priority`, `link_type`, `priority_factor`, `to_be_delivered`) VALUES(399, 80, 399, 0, 0, 1, 1);
INSERT INTO `oa_banners` (`bannerid`, `contenttype`, `pluginversion`, `storagetype`, `filename`, `imageurl`, `htmltemplate`, `htmlcache`, `width`, `height`, `weight`, `seq`, `target`, `url`, `alt`, `keyword`, `bannertext`, `description`, `autohtml`, `block`, `capping`, `compiledlimitation`, `append`, `appendtype`, `bannertype`, `transparent`, `campaignid`, `adserver`, `session_capping`, `acl_plugins`, `alt_filename`, `alt_imageurl`, `alt_contenttype`, `comments`, `updated`, `parameters`, `acls_updated`, `statustext`, `an_banner_id`, `as_banner_id`, `status`) VALUES(400, 'gif', 0, 'sql', '120x120.gif', '', '', '', 120, 120, 1, 0, '', 'http://www.wp.pl', '', '', '', '', 'f', 0, 0, 0x74727565, 0x48744d6c202d20, 0, 0, 0, 80, '', 0, '', '', '', '', '', '2007-11-20 15:14:41', 'N;', '2007-11-20 15:14:41', '', NULL, NULL, 0);
INSERT INTO `oa_ad_zone_assoc` (`ad_zone_assoc_id`, `zone_id`, `ad_id`, `priority`, `link_type`, `priority_factor`, `to_be_delivered`) VALUES(400, 80, 400, 0, 0, 1, 1);
INSERT INTO `oa_campaigns` (`campaignid`, `campaignname`, `clientid`, `views`, `clicks`, `conversions`, `expire`, `activate`, `priority`, `weight`, `target_impression`, `target_click`, `target_conversion`, `anonymous`, `companion`, `comments`, `revenue`, `revenue_type`, `updated`, `block`, `capping`, `session_capping`, `an_campaign_id`, `as_campaign_id`, `status`, `an_status`) VALUES(81, 'QA - Default Campaign81', 1, 1000, 1000, 1000, '0000-00-00', '0000-00-00', -1, 1, 0, 0, 0, 'f', 0, '', 1.0000, 2, '2007-11-20 16:09:08', 0, 0, 0, NULL, NULL, 0, 0);
INSERT INTO `oa_zones` (`zoneid`, `affiliateid`, `zonename`, `description`, `delivery`, `zonetype`, `what`, `width`, `height`, `chain`, `prepend`, `append`, `appendtype`, `category`, `ad_selection`, `forceappend`, `inventory_forecast_type`, `comments`, `cost`, `cost_type`, `cost_variable_id`, `technology_cost`, `technology_cost_type`, `updated`, `block`, `capping`, `session_capping`, `as_zone_id`) VALUES(81, 1, 'http://www.test1.org - Default', '', 0, 3, '', 120, 120, '', '', 0x5a6f6e65, 0, '', '', 'f', 0, '', 1.3333, 2, '', NULL, NULL, '2007-11-20 15:10:34', 0, 0, 0, NULL);
INSERT INTO `oa_placement_zone_assoc` (`placement_zone_assoc_id`, `zone_id`, `placement_id`) VALUES(81, 81, 81);

INSERT INTO `oa_banners` (`bannerid`, `contenttype`, `pluginversion`, `storagetype`, `filename`, `imageurl`, `htmltemplate`, `htmlcache`, `width`, `height`, `weight`, `seq`, `target`, `url`, `alt`, `keyword`, `bannertext`, `description`, `autohtml`, `block`, `capping`, `compiledlimitation`, `append`, `appendtype`, `bannertype`, `transparent`, `campaignid`, `adserver`, `session_capping`, `acl_plugins`, `alt_filename`, `alt_imageurl`, `alt_contenttype`, `comments`, `updated`, `parameters`, `acls_updated`, `statustext`, `an_banner_id`, `as_banner_id`, `status`) VALUES(401, 'gif', 0, 'sql', '120x120.gif', '', '', '', 120, 120, 1, 0, '', 'http://www.wp.pl', '', '', '', '', 'f', 0, 0, 0x74727565, 0x48744d6c202d20, 0, 0, 0, 81, '', 0, '', '', '', '', '', '2007-11-20 15:14:41', 'N;', '2007-11-20 15:14:41', '', NULL, NULL, 0);
INSERT INTO `oa_ad_zone_assoc` (`ad_zone_assoc_id`, `zone_id`, `ad_id`, `priority`, `link_type`, `priority_factor`, `to_be_delivered`) VALUES(401, 81, 401, 0, 0, 1, 1);
INSERT INTO `oa_banners` (`bannerid`, `contenttype`, `pluginversion`, `storagetype`, `filename`, `imageurl`, `htmltemplate`, `htmlcache`, `width`, `height`, `weight`, `seq`, `target`, `url`, `alt`, `keyword`, `bannertext`, `description`, `autohtml`, `block`, `capping`, `compiledlimitation`, `append`, `appendtype`, `bannertype`, `transparent`, `campaignid`, `adserver`, `session_capping`, `acl_plugins`, `alt_filename`, `alt_imageurl`, `alt_contenttype`, `comments`, `updated`, `parameters`, `acls_updated`, `statustext`, `an_banner_id`, `as_banner_id`, `status`) VALUES(402, 'gif', 0, 'sql', '120x120.gif', '', '', '', 120, 120, 1, 0, '', 'http://www.wp.pl', '', '', '', '', 'f', 0, 0, 0x74727565, 0x48744d6c202d20, 0, 0, 0, 81, '', 0, '', '', '', '', '', '2007-11-20 15:14:41', 'N;', '2007-11-20 15:14:41', '', NULL, NULL, 0);
INSERT INTO `oa_ad_zone_assoc` (`ad_zone_assoc_id`, `zone_id`, `ad_id`, `priority`, `link_type`, `priority_factor`, `to_be_delivered`) VALUES(402, 81, 402, 0, 0, 1, 1);
INSERT INTO `oa_banners` (`bannerid`, `contenttype`, `pluginversion`, `storagetype`, `filename`, `imageurl`, `htmltemplate`, `htmlcache`, `width`, `height`, `weight`, `seq`, `target`, `url`, `alt`, `keyword`, `bannertext`, `description`, `autohtml`, `block`, `capping`, `compiledlimitation`, `append`, `appendtype`, `bannertype`, `transparent`, `campaignid`, `adserver`, `session_capping`, `acl_plugins`, `alt_filename`, `alt_imageurl`, `alt_contenttype`, `comments`, `updated`, `parameters`, `acls_updated`, `statustext`, `an_banner_id`, `as_banner_id`, `status`) VALUES(403, 'gif', 0, 'sql', '120x120.gif', '', '', '', 120, 120, 1, 0, '', 'http://www.wp.pl', '', '', '', '', 'f', 0, 0, 0x74727565, 0x48744d6c202d20, 0, 0, 0, 81, '', 0, '', '', '', '', '', '2007-11-20 15:14:41', 'N;', '2007-11-20 15:14:41', '', NULL, NULL, 0);
INSERT INTO `oa_ad_zone_assoc` (`ad_zone_assoc_id`, `zone_id`, `ad_id`, `priority`, `link_type`, `priority_factor`, `to_be_delivered`) VALUES(403, 81, 403, 0, 0, 1, 1);
INSERT INTO `oa_banners` (`bannerid`, `contenttype`, `pluginversion`, `storagetype`, `filename`, `imageurl`, `htmltemplate`, `htmlcache`, `width`, `height`, `weight`, `seq`, `target`, `url`, `alt`, `keyword`, `bannertext`, `description`, `autohtml`, `block`, `capping`, `compiledlimitation`, `append`, `appendtype`, `bannertype`, `transparent`, `campaignid`, `adserver`, `session_capping`, `acl_plugins`, `alt_filename`, `alt_imageurl`, `alt_contenttype`, `comments`, `updated`, `parameters`, `acls_updated`, `statustext`, `an_banner_id`, `as_banner_id`, `status`) VALUES(404, 'gif', 0, 'sql', '120x120.gif', '', '', '', 120, 120, 1, 0, '', 'http://www.wp.pl', '', '', '', '', 'f', 0, 0, 0x74727565, 0x48744d6c202d20, 0, 0, 0, 81, '', 0, '', '', '', '', '', '2007-11-20 15:14:41', 'N;', '2007-11-20 15:14:41', '', NULL, NULL, 0);
INSERT INTO `oa_ad_zone_assoc` (`ad_zone_assoc_id`, `zone_id`, `ad_id`, `priority`, `link_type`, `priority_factor`, `to_be_delivered`) VALUES(404, 81, 404, 0, 0, 1, 1);
INSERT INTO `oa_banners` (`bannerid`, `contenttype`, `pluginversion`, `storagetype`, `filename`, `imageurl`, `htmltemplate`, `htmlcache`, `width`, `height`, `weight`, `seq`, `target`, `url`, `alt`, `keyword`, `bannertext`, `description`, `autohtml`, `block`, `capping`, `compiledlimitation`, `append`, `appendtype`, `bannertype`, `transparent`, `campaignid`, `adserver`, `session_capping`, `acl_plugins`, `alt_filename`, `alt_imageurl`, `alt_contenttype`, `comments`, `updated`, `parameters`, `acls_updated`, `statustext`, `an_banner_id`, `as_banner_id`, `status`) VALUES(405, 'gif', 0, 'sql', '120x120.gif', '', '', '', 120, 120, 1, 0, '', 'http://www.wp.pl', '', '', '', '', 'f', 0, 0, 0x74727565, 0x48744d6c202d20, 0, 0, 0, 81, '', 0, '', '', '', '', '', '2007-11-20 15:14:41', 'N;', '2007-11-20 15:14:41', '', NULL, NULL, 0);
INSERT INTO `oa_ad_zone_assoc` (`ad_zone_assoc_id`, `zone_id`, `ad_id`, `priority`, `link_type`, `priority_factor`, `to_be_delivered`) VALUES(405, 81, 405, 0, 0, 1, 1);
INSERT INTO `oa_campaigns` (`campaignid`, `campaignname`, `clientid`, `views`, `clicks`, `conversions`, `expire`, `activate`, `priority`, `weight`, `target_impression`, `target_click`, `target_conversion`, `anonymous`, `companion`, `comments`, `revenue`, `revenue_type`, `updated`, `block`, `capping`, `session_capping`, `an_campaign_id`, `as_campaign_id`, `status`, `an_status`) VALUES(82, 'QA - Default Campaign82', 1, 1000, 1000, 1000, '0000-00-00', '0000-00-00', -1, 1, 0, 0, 0, 'f', 0, '', 1.0000, 2, '2007-11-20 16:09:08', 0, 0, 0, NULL, NULL, 0, 0);
INSERT INTO `oa_zones` (`zoneid`, `affiliateid`, `zonename`, `description`, `delivery`, `zonetype`, `what`, `width`, `height`, `chain`, `prepend`, `append`, `appendtype`, `category`, `ad_selection`, `forceappend`, `inventory_forecast_type`, `comments`, `cost`, `cost_type`, `cost_variable_id`, `technology_cost`, `technology_cost_type`, `updated`, `block`, `capping`, `session_capping`, `as_zone_id`) VALUES(82, 1, 'http://www.test1.org - Default', '', 0, 3, '', 120, 120, '', '', 0x5a6f6e65, 0, '', '', 'f', 0, '', 1.3333, 2, '', NULL, NULL, '2007-11-20 15:10:34', 0, 0, 0, NULL);
INSERT INTO `oa_placement_zone_assoc` (`placement_zone_assoc_id`, `zone_id`, `placement_id`) VALUES(82, 82, 82);

INSERT INTO `oa_banners` (`bannerid`, `contenttype`, `pluginversion`, `storagetype`, `filename`, `imageurl`, `htmltemplate`, `htmlcache`, `width`, `height`, `weight`, `seq`, `target`, `url`, `alt`, `keyword`, `bannertext`, `description`, `autohtml`, `block`, `capping`, `compiledlimitation`, `append`, `appendtype`, `bannertype`, `transparent`, `campaignid`, `adserver`, `session_capping`, `acl_plugins`, `alt_filename`, `alt_imageurl`, `alt_contenttype`, `comments`, `updated`, `parameters`, `acls_updated`, `statustext`, `an_banner_id`, `as_banner_id`, `status`) VALUES(406, 'gif', 0, 'sql', '120x120.gif', '', '', '', 120, 120, 1, 0, '', 'http://www.wp.pl', '', '', '', '', 'f', 0, 0, 0x74727565, 0x48744d6c202d20, 0, 0, 0, 82, '', 0, '', '', '', '', '', '2007-11-20 15:14:41', 'N;', '2007-11-20 15:14:41', '', NULL, NULL, 0);
INSERT INTO `oa_ad_zone_assoc` (`ad_zone_assoc_id`, `zone_id`, `ad_id`, `priority`, `link_type`, `priority_factor`, `to_be_delivered`) VALUES(406, 82, 406, 0, 0, 1, 1);
INSERT INTO `oa_banners` (`bannerid`, `contenttype`, `pluginversion`, `storagetype`, `filename`, `imageurl`, `htmltemplate`, `htmlcache`, `width`, `height`, `weight`, `seq`, `target`, `url`, `alt`, `keyword`, `bannertext`, `description`, `autohtml`, `block`, `capping`, `compiledlimitation`, `append`, `appendtype`, `bannertype`, `transparent`, `campaignid`, `adserver`, `session_capping`, `acl_plugins`, `alt_filename`, `alt_imageurl`, `alt_contenttype`, `comments`, `updated`, `parameters`, `acls_updated`, `statustext`, `an_banner_id`, `as_banner_id`, `status`) VALUES(407, 'gif', 0, 'sql', '120x120.gif', '', '', '', 120, 120, 1, 0, '', 'http://www.wp.pl', '', '', '', '', 'f', 0, 0, 0x74727565, 0x48744d6c202d20, 0, 0, 0, 82, '', 0, '', '', '', '', '', '2007-11-20 15:14:41', 'N;', '2007-11-20 15:14:41', '', NULL, NULL, 0);
INSERT INTO `oa_ad_zone_assoc` (`ad_zone_assoc_id`, `zone_id`, `ad_id`, `priority`, `link_type`, `priority_factor`, `to_be_delivered`) VALUES(407, 82, 407, 0, 0, 1, 1);
INSERT INTO `oa_banners` (`bannerid`, `contenttype`, `pluginversion`, `storagetype`, `filename`, `imageurl`, `htmltemplate`, `htmlcache`, `width`, `height`, `weight`, `seq`, `target`, `url`, `alt`, `keyword`, `bannertext`, `description`, `autohtml`, `block`, `capping`, `compiledlimitation`, `append`, `appendtype`, `bannertype`, `transparent`, `campaignid`, `adserver`, `session_capping`, `acl_plugins`, `alt_filename`, `alt_imageurl`, `alt_contenttype`, `comments`, `updated`, `parameters`, `acls_updated`, `statustext`, `an_banner_id`, `as_banner_id`, `status`) VALUES(408, 'gif', 0, 'sql', '120x120.gif', '', '', '', 120, 120, 1, 0, '', 'http://www.wp.pl', '', '', '', '', 'f', 0, 0, 0x74727565, 0x48744d6c202d20, 0, 0, 0, 82, '', 0, '', '', '', '', '', '2007-11-20 15:14:41', 'N;', '2007-11-20 15:14:41', '', NULL, NULL, 0);
INSERT INTO `oa_ad_zone_assoc` (`ad_zone_assoc_id`, `zone_id`, `ad_id`, `priority`, `link_type`, `priority_factor`, `to_be_delivered`) VALUES(408, 82, 408, 0, 0, 1, 1);
INSERT INTO `oa_banners` (`bannerid`, `contenttype`, `pluginversion`, `storagetype`, `filename`, `imageurl`, `htmltemplate`, `htmlcache`, `width`, `height`, `weight`, `seq`, `target`, `url`, `alt`, `keyword`, `bannertext`, `description`, `autohtml`, `block`, `capping`, `compiledlimitation`, `append`, `appendtype`, `bannertype`, `transparent`, `campaignid`, `adserver`, `session_capping`, `acl_plugins`, `alt_filename`, `alt_imageurl`, `alt_contenttype`, `comments`, `updated`, `parameters`, `acls_updated`, `statustext`, `an_banner_id`, `as_banner_id`, `status`) VALUES(409, 'gif', 0, 'sql', '120x120.gif', '', '', '', 120, 120, 1, 0, '', 'http://www.wp.pl', '', '', '', '', 'f', 0, 0, 0x74727565, 0x48744d6c202d20, 0, 0, 0, 82, '', 0, '', '', '', '', '', '2007-11-20 15:14:41', 'N;', '2007-11-20 15:14:41', '', NULL, NULL, 0);
INSERT INTO `oa_ad_zone_assoc` (`ad_zone_assoc_id`, `zone_id`, `ad_id`, `priority`, `link_type`, `priority_factor`, `to_be_delivered`) VALUES(409, 82, 409, 0, 0, 1, 1);
INSERT INTO `oa_banners` (`bannerid`, `contenttype`, `pluginversion`, `storagetype`, `filename`, `imageurl`, `htmltemplate`, `htmlcache`, `width`, `height`, `weight`, `seq`, `target`, `url`, `alt`, `keyword`, `bannertext`, `description`, `autohtml`, `block`, `capping`, `compiledlimitation`, `append`, `appendtype`, `bannertype`, `transparent`, `campaignid`, `adserver`, `session_capping`, `acl_plugins`, `alt_filename`, `alt_imageurl`, `alt_contenttype`, `comments`, `updated`, `parameters`, `acls_updated`, `statustext`, `an_banner_id`, `as_banner_id`, `status`) VALUES(410, 'gif', 0, 'sql', '120x120.gif', '', '', '', 120, 120, 1, 0, '', 'http://www.wp.pl', '', '', '', '', 'f', 0, 0, 0x74727565, 0x48744d6c202d20, 0, 0, 0, 82, '', 0, '', '', '', '', '', '2007-11-20 15:14:41', 'N;', '2007-11-20 15:14:41', '', NULL, NULL, 0);
INSERT INTO `oa_ad_zone_assoc` (`ad_zone_assoc_id`, `zone_id`, `ad_id`, `priority`, `link_type`, `priority_factor`, `to_be_delivered`) VALUES(410, 82, 410, 0, 0, 1, 1);
INSERT INTO `oa_campaigns` (`campaignid`, `campaignname`, `clientid`, `views`, `clicks`, `conversions`, `expire`, `activate`, `priority`, `weight`, `target_impression`, `target_click`, `target_conversion`, `anonymous`, `companion`, `comments`, `revenue`, `revenue_type`, `updated`, `block`, `capping`, `session_capping`, `an_campaign_id`, `as_campaign_id`, `status`, `an_status`) VALUES(83, 'QA - Default Campaign83', 1, 1000, 1000, 1000, '0000-00-00', '0000-00-00', -1, 1, 0, 0, 0, 'f', 0, '', 1.0000, 2, '2007-11-20 16:09:08', 0, 0, 0, NULL, NULL, 0, 0);
INSERT INTO `oa_zones` (`zoneid`, `affiliateid`, `zonename`, `description`, `delivery`, `zonetype`, `what`, `width`, `height`, `chain`, `prepend`, `append`, `appendtype`, `category`, `ad_selection`, `forceappend`, `inventory_forecast_type`, `comments`, `cost`, `cost_type`, `cost_variable_id`, `technology_cost`, `technology_cost_type`, `updated`, `block`, `capping`, `session_capping`, `as_zone_id`) VALUES(83, 1, 'http://www.test1.org - Default', '', 0, 3, '', 120, 120, '', '', 0x5a6f6e65, 0, '', '', 'f', 0, '', 1.3333, 2, '', NULL, NULL, '2007-11-20 15:10:34', 0, 0, 0, NULL);
INSERT INTO `oa_placement_zone_assoc` (`placement_zone_assoc_id`, `zone_id`, `placement_id`) VALUES(83, 83, 83);

INSERT INTO `oa_banners` (`bannerid`, `contenttype`, `pluginversion`, `storagetype`, `filename`, `imageurl`, `htmltemplate`, `htmlcache`, `width`, `height`, `weight`, `seq`, `target`, `url`, `alt`, `keyword`, `bannertext`, `description`, `autohtml`, `block`, `capping`, `compiledlimitation`, `append`, `appendtype`, `bannertype`, `transparent`, `campaignid`, `adserver`, `session_capping`, `acl_plugins`, `alt_filename`, `alt_imageurl`, `alt_contenttype`, `comments`, `updated`, `parameters`, `acls_updated`, `statustext`, `an_banner_id`, `as_banner_id`, `status`) VALUES(411, 'gif', 0, 'sql', '120x120.gif', '', '', '', 120, 120, 1, 0, '', 'http://www.wp.pl', '', '', '', '', 'f', 0, 0, 0x74727565, 0x48744d6c202d20, 0, 0, 0, 83, '', 0, '', '', '', '', '', '2007-11-20 15:14:41', 'N;', '2007-11-20 15:14:41', '', NULL, NULL, 0);
INSERT INTO `oa_ad_zone_assoc` (`ad_zone_assoc_id`, `zone_id`, `ad_id`, `priority`, `link_type`, `priority_factor`, `to_be_delivered`) VALUES(411, 83, 411, 0, 0, 1, 1);
INSERT INTO `oa_banners` (`bannerid`, `contenttype`, `pluginversion`, `storagetype`, `filename`, `imageurl`, `htmltemplate`, `htmlcache`, `width`, `height`, `weight`, `seq`, `target`, `url`, `alt`, `keyword`, `bannertext`, `description`, `autohtml`, `block`, `capping`, `compiledlimitation`, `append`, `appendtype`, `bannertype`, `transparent`, `campaignid`, `adserver`, `session_capping`, `acl_plugins`, `alt_filename`, `alt_imageurl`, `alt_contenttype`, `comments`, `updated`, `parameters`, `acls_updated`, `statustext`, `an_banner_id`, `as_banner_id`, `status`) VALUES(412, 'gif', 0, 'sql', '120x120.gif', '', '', '', 120, 120, 1, 0, '', 'http://www.wp.pl', '', '', '', '', 'f', 0, 0, 0x74727565, 0x48744d6c202d20, 0, 0, 0, 83, '', 0, '', '', '', '', '', '2007-11-20 15:14:41', 'N;', '2007-11-20 15:14:41', '', NULL, NULL, 0);
INSERT INTO `oa_ad_zone_assoc` (`ad_zone_assoc_id`, `zone_id`, `ad_id`, `priority`, `link_type`, `priority_factor`, `to_be_delivered`) VALUES(412, 83, 412, 0, 0, 1, 1);
INSERT INTO `oa_banners` (`bannerid`, `contenttype`, `pluginversion`, `storagetype`, `filename`, `imageurl`, `htmltemplate`, `htmlcache`, `width`, `height`, `weight`, `seq`, `target`, `url`, `alt`, `keyword`, `bannertext`, `description`, `autohtml`, `block`, `capping`, `compiledlimitation`, `append`, `appendtype`, `bannertype`, `transparent`, `campaignid`, `adserver`, `session_capping`, `acl_plugins`, `alt_filename`, `alt_imageurl`, `alt_contenttype`, `comments`, `updated`, `parameters`, `acls_updated`, `statustext`, `an_banner_id`, `as_banner_id`, `status`) VALUES(413, 'gif', 0, 'sql', '120x120.gif', '', '', '', 120, 120, 1, 0, '', 'http://www.wp.pl', '', '', '', '', 'f', 0, 0, 0x74727565, 0x48744d6c202d20, 0, 0, 0, 83, '', 0, '', '', '', '', '', '2007-11-20 15:14:41', 'N;', '2007-11-20 15:14:41', '', NULL, NULL, 0);
INSERT INTO `oa_ad_zone_assoc` (`ad_zone_assoc_id`, `zone_id`, `ad_id`, `priority`, `link_type`, `priority_factor`, `to_be_delivered`) VALUES(413, 83, 413, 0, 0, 1, 1);
INSERT INTO `oa_banners` (`bannerid`, `contenttype`, `pluginversion`, `storagetype`, `filename`, `imageurl`, `htmltemplate`, `htmlcache`, `width`, `height`, `weight`, `seq`, `target`, `url`, `alt`, `keyword`, `bannertext`, `description`, `autohtml`, `block`, `capping`, `compiledlimitation`, `append`, `appendtype`, `bannertype`, `transparent`, `campaignid`, `adserver`, `session_capping`, `acl_plugins`, `alt_filename`, `alt_imageurl`, `alt_contenttype`, `comments`, `updated`, `parameters`, `acls_updated`, `statustext`, `an_banner_id`, `as_banner_id`, `status`) VALUES(414, 'gif', 0, 'sql', '120x120.gif', '', '', '', 120, 120, 1, 0, '', 'http://www.wp.pl', '', '', '', '', 'f', 0, 0, 0x74727565, 0x48744d6c202d20, 0, 0, 0, 83, '', 0, '', '', '', '', '', '2007-11-20 15:14:41', 'N;', '2007-11-20 15:14:41', '', NULL, NULL, 0);
INSERT INTO `oa_ad_zone_assoc` (`ad_zone_assoc_id`, `zone_id`, `ad_id`, `priority`, `link_type`, `priority_factor`, `to_be_delivered`) VALUES(414, 83, 414, 0, 0, 1, 1);
INSERT INTO `oa_banners` (`bannerid`, `contenttype`, `pluginversion`, `storagetype`, `filename`, `imageurl`, `htmltemplate`, `htmlcache`, `width`, `height`, `weight`, `seq`, `target`, `url`, `alt`, `keyword`, `bannertext`, `description`, `autohtml`, `block`, `capping`, `compiledlimitation`, `append`, `appendtype`, `bannertype`, `transparent`, `campaignid`, `adserver`, `session_capping`, `acl_plugins`, `alt_filename`, `alt_imageurl`, `alt_contenttype`, `comments`, `updated`, `parameters`, `acls_updated`, `statustext`, `an_banner_id`, `as_banner_id`, `status`) VALUES(415, 'gif', 0, 'sql', '120x120.gif', '', '', '', 120, 120, 1, 0, '', 'http://www.wp.pl', '', '', '', '', 'f', 0, 0, 0x74727565, 0x48744d6c202d20, 0, 0, 0, 83, '', 0, '', '', '', '', '', '2007-11-20 15:14:41', 'N;', '2007-11-20 15:14:41', '', NULL, NULL, 0);
INSERT INTO `oa_ad_zone_assoc` (`ad_zone_assoc_id`, `zone_id`, `ad_id`, `priority`, `link_type`, `priority_factor`, `to_be_delivered`) VALUES(415, 83, 415, 0, 0, 1, 1);
INSERT INTO `oa_campaigns` (`campaignid`, `campaignname`, `clientid`, `views`, `clicks`, `conversions`, `expire`, `activate`, `priority`, `weight`, `target_impression`, `target_click`, `target_conversion`, `anonymous`, `companion`, `comments`, `revenue`, `revenue_type`, `updated`, `block`, `capping`, `session_capping`, `an_campaign_id`, `as_campaign_id`, `status`, `an_status`) VALUES(84, 'QA - Default Campaign84', 1, 1000, 1000, 1000, '0000-00-00', '0000-00-00', -1, 1, 0, 0, 0, 'f', 0, '', 1.0000, 2, '2007-11-20 16:09:08', 0, 0, 0, NULL, NULL, 0, 0);
INSERT INTO `oa_zones` (`zoneid`, `affiliateid`, `zonename`, `description`, `delivery`, `zonetype`, `what`, `width`, `height`, `chain`, `prepend`, `append`, `appendtype`, `category`, `ad_selection`, `forceappend`, `inventory_forecast_type`, `comments`, `cost`, `cost_type`, `cost_variable_id`, `technology_cost`, `technology_cost_type`, `updated`, `block`, `capping`, `session_capping`, `as_zone_id`) VALUES(84, 1, 'http://www.test1.org - Default', '', 0, 3, '', 120, 120, '', '', 0x5a6f6e65, 0, '', '', 'f', 0, '', 1.3333, 2, '', NULL, NULL, '2007-11-20 15:10:34', 0, 0, 0, NULL);
INSERT INTO `oa_placement_zone_assoc` (`placement_zone_assoc_id`, `zone_id`, `placement_id`) VALUES(84, 84, 84);

INSERT INTO `oa_banners` (`bannerid`, `contenttype`, `pluginversion`, `storagetype`, `filename`, `imageurl`, `htmltemplate`, `htmlcache`, `width`, `height`, `weight`, `seq`, `target`, `url`, `alt`, `keyword`, `bannertext`, `description`, `autohtml`, `block`, `capping`, `compiledlimitation`, `append`, `appendtype`, `bannertype`, `transparent`, `campaignid`, `adserver`, `session_capping`, `acl_plugins`, `alt_filename`, `alt_imageurl`, `alt_contenttype`, `comments`, `updated`, `parameters`, `acls_updated`, `statustext`, `an_banner_id`, `as_banner_id`, `status`) VALUES(416, 'gif', 0, 'sql', '120x120.gif', '', '', '', 120, 120, 1, 0, '', 'http://www.wp.pl', '', '', '', '', 'f', 0, 0, 0x74727565, 0x48744d6c202d20, 0, 0, 0, 84, '', 0, '', '', '', '', '', '2007-11-20 15:14:41', 'N;', '2007-11-20 15:14:41', '', NULL, NULL, 0);
INSERT INTO `oa_ad_zone_assoc` (`ad_zone_assoc_id`, `zone_id`, `ad_id`, `priority`, `link_type`, `priority_factor`, `to_be_delivered`) VALUES(416, 84, 416, 0, 0, 1, 1);
INSERT INTO `oa_banners` (`bannerid`, `contenttype`, `pluginversion`, `storagetype`, `filename`, `imageurl`, `htmltemplate`, `htmlcache`, `width`, `height`, `weight`, `seq`, `target`, `url`, `alt`, `keyword`, `bannertext`, `description`, `autohtml`, `block`, `capping`, `compiledlimitation`, `append`, `appendtype`, `bannertype`, `transparent`, `campaignid`, `adserver`, `session_capping`, `acl_plugins`, `alt_filename`, `alt_imageurl`, `alt_contenttype`, `comments`, `updated`, `parameters`, `acls_updated`, `statustext`, `an_banner_id`, `as_banner_id`, `status`) VALUES(417, 'gif', 0, 'sql', '120x120.gif', '', '', '', 120, 120, 1, 0, '', 'http://www.wp.pl', '', '', '', '', 'f', 0, 0, 0x74727565, 0x48744d6c202d20, 0, 0, 0, 84, '', 0, '', '', '', '', '', '2007-11-20 15:14:41', 'N;', '2007-11-20 15:14:41', '', NULL, NULL, 0);
INSERT INTO `oa_ad_zone_assoc` (`ad_zone_assoc_id`, `zone_id`, `ad_id`, `priority`, `link_type`, `priority_factor`, `to_be_delivered`) VALUES(417, 84, 417, 0, 0, 1, 1);
INSERT INTO `oa_banners` (`bannerid`, `contenttype`, `pluginversion`, `storagetype`, `filename`, `imageurl`, `htmltemplate`, `htmlcache`, `width`, `height`, `weight`, `seq`, `target`, `url`, `alt`, `keyword`, `bannertext`, `description`, `autohtml`, `block`, `capping`, `compiledlimitation`, `append`, `appendtype`, `bannertype`, `transparent`, `campaignid`, `adserver`, `session_capping`, `acl_plugins`, `alt_filename`, `alt_imageurl`, `alt_contenttype`, `comments`, `updated`, `parameters`, `acls_updated`, `statustext`, `an_banner_id`, `as_banner_id`, `status`) VALUES(418, 'gif', 0, 'sql', '120x120.gif', '', '', '', 120, 120, 1, 0, '', 'http://www.wp.pl', '', '', '', '', 'f', 0, 0, 0x74727565, 0x48744d6c202d20, 0, 0, 0, 84, '', 0, '', '', '', '', '', '2007-11-20 15:14:41', 'N;', '2007-11-20 15:14:41', '', NULL, NULL, 0);
INSERT INTO `oa_ad_zone_assoc` (`ad_zone_assoc_id`, `zone_id`, `ad_id`, `priority`, `link_type`, `priority_factor`, `to_be_delivered`) VALUES(418, 84, 418, 0, 0, 1, 1);
INSERT INTO `oa_banners` (`bannerid`, `contenttype`, `pluginversion`, `storagetype`, `filename`, `imageurl`, `htmltemplate`, `htmlcache`, `width`, `height`, `weight`, `seq`, `target`, `url`, `alt`, `keyword`, `bannertext`, `description`, `autohtml`, `block`, `capping`, `compiledlimitation`, `append`, `appendtype`, `bannertype`, `transparent`, `campaignid`, `adserver`, `session_capping`, `acl_plugins`, `alt_filename`, `alt_imageurl`, `alt_contenttype`, `comments`, `updated`, `parameters`, `acls_updated`, `statustext`, `an_banner_id`, `as_banner_id`, `status`) VALUES(419, 'gif', 0, 'sql', '120x120.gif', '', '', '', 120, 120, 1, 0, '', 'http://www.wp.pl', '', '', '', '', 'f', 0, 0, 0x74727565, 0x48744d6c202d20, 0, 0, 0, 84, '', 0, '', '', '', '', '', '2007-11-20 15:14:41', 'N;', '2007-11-20 15:14:41', '', NULL, NULL, 0);
INSERT INTO `oa_ad_zone_assoc` (`ad_zone_assoc_id`, `zone_id`, `ad_id`, `priority`, `link_type`, `priority_factor`, `to_be_delivered`) VALUES(419, 84, 419, 0, 0, 1, 1);
INSERT INTO `oa_banners` (`bannerid`, `contenttype`, `pluginversion`, `storagetype`, `filename`, `imageurl`, `htmltemplate`, `htmlcache`, `width`, `height`, `weight`, `seq`, `target`, `url`, `alt`, `keyword`, `bannertext`, `description`, `autohtml`, `block`, `capping`, `compiledlimitation`, `append`, `appendtype`, `bannertype`, `transparent`, `campaignid`, `adserver`, `session_capping`, `acl_plugins`, `alt_filename`, `alt_imageurl`, `alt_contenttype`, `comments`, `updated`, `parameters`, `acls_updated`, `statustext`, `an_banner_id`, `as_banner_id`, `status`) VALUES(420, 'gif', 0, 'sql', '120x120.gif', '', '', '', 120, 120, 1, 0, '', 'http://www.wp.pl', '', '', '', '', 'f', 0, 0, 0x74727565, 0x48744d6c202d20, 0, 0, 0, 84, '', 0, '', '', '', '', '', '2007-11-20 15:14:41', 'N;', '2007-11-20 15:14:41', '', NULL, NULL, 0);
INSERT INTO `oa_ad_zone_assoc` (`ad_zone_assoc_id`, `zone_id`, `ad_id`, `priority`, `link_type`, `priority_factor`, `to_be_delivered`) VALUES(420, 84, 420, 0, 0, 1, 1);
INSERT INTO `oa_campaigns` (`campaignid`, `campaignname`, `clientid`, `views`, `clicks`, `conversions`, `expire`, `activate`, `priority`, `weight`, `target_impression`, `target_click`, `target_conversion`, `anonymous`, `companion`, `comments`, `revenue`, `revenue_type`, `updated`, `block`, `capping`, `session_capping`, `an_campaign_id`, `as_campaign_id`, `status`, `an_status`) VALUES(85, 'QA - Default Campaign85', 1, 1000, 1000, 1000, '0000-00-00', '0000-00-00', -1, 1, 0, 0, 0, 'f', 0, '', 1.0000, 2, '2007-11-20 16:09:08', 0, 0, 0, NULL, NULL, 0, 0);
INSERT INTO `oa_zones` (`zoneid`, `affiliateid`, `zonename`, `description`, `delivery`, `zonetype`, `what`, `width`, `height`, `chain`, `prepend`, `append`, `appendtype`, `category`, `ad_selection`, `forceappend`, `inventory_forecast_type`, `comments`, `cost`, `cost_type`, `cost_variable_id`, `technology_cost`, `technology_cost_type`, `updated`, `block`, `capping`, `session_capping`, `as_zone_id`) VALUES(85, 1, 'http://www.test1.org - Default', '', 0, 3, '', 120, 120, '', '', 0x5a6f6e65, 0, '', '', 'f', 0, '', 1.3333, 2, '', NULL, NULL, '2007-11-20 15:10:34', 0, 0, 0, NULL);
INSERT INTO `oa_placement_zone_assoc` (`placement_zone_assoc_id`, `zone_id`, `placement_id`) VALUES(85, 85, 85);

INSERT INTO `oa_banners` (`bannerid`, `contenttype`, `pluginversion`, `storagetype`, `filename`, `imageurl`, `htmltemplate`, `htmlcache`, `width`, `height`, `weight`, `seq`, `target`, `url`, `alt`, `keyword`, `bannertext`, `description`, `autohtml`, `block`, `capping`, `compiledlimitation`, `append`, `appendtype`, `bannertype`, `transparent`, `campaignid`, `adserver`, `session_capping`, `acl_plugins`, `alt_filename`, `alt_imageurl`, `alt_contenttype`, `comments`, `updated`, `parameters`, `acls_updated`, `statustext`, `an_banner_id`, `as_banner_id`, `status`) VALUES(421, 'gif', 0, 'sql', '120x120.gif', '', '', '', 120, 120, 1, 0, '', 'http://www.wp.pl', '', '', '', '', 'f', 0, 0, 0x74727565, 0x48744d6c202d20, 0, 0, 0, 85, '', 0, '', '', '', '', '', '2007-11-20 15:14:41', 'N;', '2007-11-20 15:14:41', '', NULL, NULL, 0);
INSERT INTO `oa_ad_zone_assoc` (`ad_zone_assoc_id`, `zone_id`, `ad_id`, `priority`, `link_type`, `priority_factor`, `to_be_delivered`) VALUES(421, 85, 421, 0, 0, 1, 1);
INSERT INTO `oa_banners` (`bannerid`, `contenttype`, `pluginversion`, `storagetype`, `filename`, `imageurl`, `htmltemplate`, `htmlcache`, `width`, `height`, `weight`, `seq`, `target`, `url`, `alt`, `keyword`, `bannertext`, `description`, `autohtml`, `block`, `capping`, `compiledlimitation`, `append`, `appendtype`, `bannertype`, `transparent`, `campaignid`, `adserver`, `session_capping`, `acl_plugins`, `alt_filename`, `alt_imageurl`, `alt_contenttype`, `comments`, `updated`, `parameters`, `acls_updated`, `statustext`, `an_banner_id`, `as_banner_id`, `status`) VALUES(422, 'gif', 0, 'sql', '120x120.gif', '', '', '', 120, 120, 1, 0, '', 'http://www.wp.pl', '', '', '', '', 'f', 0, 0, 0x74727565, 0x48744d6c202d20, 0, 0, 0, 85, '', 0, '', '', '', '', '', '2007-11-20 15:14:41', 'N;', '2007-11-20 15:14:41', '', NULL, NULL, 0);
INSERT INTO `oa_ad_zone_assoc` (`ad_zone_assoc_id`, `zone_id`, `ad_id`, `priority`, `link_type`, `priority_factor`, `to_be_delivered`) VALUES(422, 85, 422, 0, 0, 1, 1);
INSERT INTO `oa_banners` (`bannerid`, `contenttype`, `pluginversion`, `storagetype`, `filename`, `imageurl`, `htmltemplate`, `htmlcache`, `width`, `height`, `weight`, `seq`, `target`, `url`, `alt`, `keyword`, `bannertext`, `description`, `autohtml`, `block`, `capping`, `compiledlimitation`, `append`, `appendtype`, `bannertype`, `transparent`, `campaignid`, `adserver`, `session_capping`, `acl_plugins`, `alt_filename`, `alt_imageurl`, `alt_contenttype`, `comments`, `updated`, `parameters`, `acls_updated`, `statustext`, `an_banner_id`, `as_banner_id`, `status`) VALUES(423, 'gif', 0, 'sql', '120x120.gif', '', '', '', 120, 120, 1, 0, '', 'http://www.wp.pl', '', '', '', '', 'f', 0, 0, 0x74727565, 0x48744d6c202d20, 0, 0, 0, 85, '', 0, '', '', '', '', '', '2007-11-20 15:14:41', 'N;', '2007-11-20 15:14:41', '', NULL, NULL, 0);
INSERT INTO `oa_ad_zone_assoc` (`ad_zone_assoc_id`, `zone_id`, `ad_id`, `priority`, `link_type`, `priority_factor`, `to_be_delivered`) VALUES(423, 85, 423, 0, 0, 1, 1);
INSERT INTO `oa_banners` (`bannerid`, `contenttype`, `pluginversion`, `storagetype`, `filename`, `imageurl`, `htmltemplate`, `htmlcache`, `width`, `height`, `weight`, `seq`, `target`, `url`, `alt`, `keyword`, `bannertext`, `description`, `autohtml`, `block`, `capping`, `compiledlimitation`, `append`, `appendtype`, `bannertype`, `transparent`, `campaignid`, `adserver`, `session_capping`, `acl_plugins`, `alt_filename`, `alt_imageurl`, `alt_contenttype`, `comments`, `updated`, `parameters`, `acls_updated`, `statustext`, `an_banner_id`, `as_banner_id`, `status`) VALUES(424, 'gif', 0, 'sql', '120x120.gif', '', '', '', 120, 120, 1, 0, '', 'http://www.wp.pl', '', '', '', '', 'f', 0, 0, 0x74727565, 0x48744d6c202d20, 0, 0, 0, 85, '', 0, '', '', '', '', '', '2007-11-20 15:14:41', 'N;', '2007-11-20 15:14:41', '', NULL, NULL, 0);
INSERT INTO `oa_ad_zone_assoc` (`ad_zone_assoc_id`, `zone_id`, `ad_id`, `priority`, `link_type`, `priority_factor`, `to_be_delivered`) VALUES(424, 85, 424, 0, 0, 1, 1);
INSERT INTO `oa_banners` (`bannerid`, `contenttype`, `pluginversion`, `storagetype`, `filename`, `imageurl`, `htmltemplate`, `htmlcache`, `width`, `height`, `weight`, `seq`, `target`, `url`, `alt`, `keyword`, `bannertext`, `description`, `autohtml`, `block`, `capping`, `compiledlimitation`, `append`, `appendtype`, `bannertype`, `transparent`, `campaignid`, `adserver`, `session_capping`, `acl_plugins`, `alt_filename`, `alt_imageurl`, `alt_contenttype`, `comments`, `updated`, `parameters`, `acls_updated`, `statustext`, `an_banner_id`, `as_banner_id`, `status`) VALUES(425, 'gif', 0, 'sql', '120x120.gif', '', '', '', 120, 120, 1, 0, '', 'http://www.wp.pl', '', '', '', '', 'f', 0, 0, 0x74727565, 0x48744d6c202d20, 0, 0, 0, 85, '', 0, '', '', '', '', '', '2007-11-20 15:14:41', 'N;', '2007-11-20 15:14:41', '', NULL, NULL, 0);
INSERT INTO `oa_ad_zone_assoc` (`ad_zone_assoc_id`, `zone_id`, `ad_id`, `priority`, `link_type`, `priority_factor`, `to_be_delivered`) VALUES(425, 85, 425, 0, 0, 1, 1);
INSERT INTO `oa_campaigns` (`campaignid`, `campaignname`, `clientid`, `views`, `clicks`, `conversions`, `expire`, `activate`, `priority`, `weight`, `target_impression`, `target_click`, `target_conversion`, `anonymous`, `companion`, `comments`, `revenue`, `revenue_type`, `updated`, `block`, `capping`, `session_capping`, `an_campaign_id`, `as_campaign_id`, `status`, `an_status`) VALUES(86, 'QA - Default Campaign86', 1, 1000, 1000, 1000, '0000-00-00', '0000-00-00', -1, 1, 0, 0, 0, 'f', 0, '', 1.0000, 2, '2007-11-20 16:09:08', 0, 0, 0, NULL, NULL, 0, 0);
INSERT INTO `oa_zones` (`zoneid`, `affiliateid`, `zonename`, `description`, `delivery`, `zonetype`, `what`, `width`, `height`, `chain`, `prepend`, `append`, `appendtype`, `category`, `ad_selection`, `forceappend`, `inventory_forecast_type`, `comments`, `cost`, `cost_type`, `cost_variable_id`, `technology_cost`, `technology_cost_type`, `updated`, `block`, `capping`, `session_capping`, `as_zone_id`) VALUES(86, 1, 'http://www.test1.org - Default', '', 0, 3, '', 120, 120, '', '', 0x5a6f6e65, 0, '', '', 'f', 0, '', 1.3333, 2, '', NULL, NULL, '2007-11-20 15:10:34', 0, 0, 0, NULL);
INSERT INTO `oa_placement_zone_assoc` (`placement_zone_assoc_id`, `zone_id`, `placement_id`) VALUES(86, 86, 86);

INSERT INTO `oa_banners` (`bannerid`, `contenttype`, `pluginversion`, `storagetype`, `filename`, `imageurl`, `htmltemplate`, `htmlcache`, `width`, `height`, `weight`, `seq`, `target`, `url`, `alt`, `keyword`, `bannertext`, `description`, `autohtml`, `block`, `capping`, `compiledlimitation`, `append`, `appendtype`, `bannertype`, `transparent`, `campaignid`, `adserver`, `session_capping`, `acl_plugins`, `alt_filename`, `alt_imageurl`, `alt_contenttype`, `comments`, `updated`, `parameters`, `acls_updated`, `statustext`, `an_banner_id`, `as_banner_id`, `status`) VALUES(426, 'gif', 0, 'sql', '120x120.gif', '', '', '', 120, 120, 1, 0, '', 'http://www.wp.pl', '', '', '', '', 'f', 0, 0, 0x74727565, 0x48744d6c202d20, 0, 0, 0, 86, '', 0, '', '', '', '', '', '2007-11-20 15:14:41', 'N;', '2007-11-20 15:14:41', '', NULL, NULL, 0);
INSERT INTO `oa_ad_zone_assoc` (`ad_zone_assoc_id`, `zone_id`, `ad_id`, `priority`, `link_type`, `priority_factor`, `to_be_delivered`) VALUES(426, 86, 426, 0, 0, 1, 1);
INSERT INTO `oa_banners` (`bannerid`, `contenttype`, `pluginversion`, `storagetype`, `filename`, `imageurl`, `htmltemplate`, `htmlcache`, `width`, `height`, `weight`, `seq`, `target`, `url`, `alt`, `keyword`, `bannertext`, `description`, `autohtml`, `block`, `capping`, `compiledlimitation`, `append`, `appendtype`, `bannertype`, `transparent`, `campaignid`, `adserver`, `session_capping`, `acl_plugins`, `alt_filename`, `alt_imageurl`, `alt_contenttype`, `comments`, `updated`, `parameters`, `acls_updated`, `statustext`, `an_banner_id`, `as_banner_id`, `status`) VALUES(427, 'gif', 0, 'sql', '120x120.gif', '', '', '', 120, 120, 1, 0, '', 'http://www.wp.pl', '', '', '', '', 'f', 0, 0, 0x74727565, 0x48744d6c202d20, 0, 0, 0, 86, '', 0, '', '', '', '', '', '2007-11-20 15:14:41', 'N;', '2007-11-20 15:14:41', '', NULL, NULL, 0);
INSERT INTO `oa_ad_zone_assoc` (`ad_zone_assoc_id`, `zone_id`, `ad_id`, `priority`, `link_type`, `priority_factor`, `to_be_delivered`) VALUES(427, 86, 427, 0, 0, 1, 1);
INSERT INTO `oa_banners` (`bannerid`, `contenttype`, `pluginversion`, `storagetype`, `filename`, `imageurl`, `htmltemplate`, `htmlcache`, `width`, `height`, `weight`, `seq`, `target`, `url`, `alt`, `keyword`, `bannertext`, `description`, `autohtml`, `block`, `capping`, `compiledlimitation`, `append`, `appendtype`, `bannertype`, `transparent`, `campaignid`, `adserver`, `session_capping`, `acl_plugins`, `alt_filename`, `alt_imageurl`, `alt_contenttype`, `comments`, `updated`, `parameters`, `acls_updated`, `statustext`, `an_banner_id`, `as_banner_id`, `status`) VALUES(428, 'gif', 0, 'sql', '120x120.gif', '', '', '', 120, 120, 1, 0, '', 'http://www.wp.pl', '', '', '', '', 'f', 0, 0, 0x74727565, 0x48744d6c202d20, 0, 0, 0, 86, '', 0, '', '', '', '', '', '2007-11-20 15:14:41', 'N;', '2007-11-20 15:14:41', '', NULL, NULL, 0);
INSERT INTO `oa_ad_zone_assoc` (`ad_zone_assoc_id`, `zone_id`, `ad_id`, `priority`, `link_type`, `priority_factor`, `to_be_delivered`) VALUES(428, 86, 428, 0, 0, 1, 1);
INSERT INTO `oa_banners` (`bannerid`, `contenttype`, `pluginversion`, `storagetype`, `filename`, `imageurl`, `htmltemplate`, `htmlcache`, `width`, `height`, `weight`, `seq`, `target`, `url`, `alt`, `keyword`, `bannertext`, `description`, `autohtml`, `block`, `capping`, `compiledlimitation`, `append`, `appendtype`, `bannertype`, `transparent`, `campaignid`, `adserver`, `session_capping`, `acl_plugins`, `alt_filename`, `alt_imageurl`, `alt_contenttype`, `comments`, `updated`, `parameters`, `acls_updated`, `statustext`, `an_banner_id`, `as_banner_id`, `status`) VALUES(429, 'gif', 0, 'sql', '120x120.gif', '', '', '', 120, 120, 1, 0, '', 'http://www.wp.pl', '', '', '', '', 'f', 0, 0, 0x74727565, 0x48744d6c202d20, 0, 0, 0, 86, '', 0, '', '', '', '', '', '2007-11-20 15:14:41', 'N;', '2007-11-20 15:14:41', '', NULL, NULL, 0);
INSERT INTO `oa_ad_zone_assoc` (`ad_zone_assoc_id`, `zone_id`, `ad_id`, `priority`, `link_type`, `priority_factor`, `to_be_delivered`) VALUES(429, 86, 429, 0, 0, 1, 1);
INSERT INTO `oa_banners` (`bannerid`, `contenttype`, `pluginversion`, `storagetype`, `filename`, `imageurl`, `htmltemplate`, `htmlcache`, `width`, `height`, `weight`, `seq`, `target`, `url`, `alt`, `keyword`, `bannertext`, `description`, `autohtml`, `block`, `capping`, `compiledlimitation`, `append`, `appendtype`, `bannertype`, `transparent`, `campaignid`, `adserver`, `session_capping`, `acl_plugins`, `alt_filename`, `alt_imageurl`, `alt_contenttype`, `comments`, `updated`, `parameters`, `acls_updated`, `statustext`, `an_banner_id`, `as_banner_id`, `status`) VALUES(430, 'gif', 0, 'sql', '120x120.gif', '', '', '', 120, 120, 1, 0, '', 'http://www.wp.pl', '', '', '', '', 'f', 0, 0, 0x74727565, 0x48744d6c202d20, 0, 0, 0, 86, '', 0, '', '', '', '', '', '2007-11-20 15:14:41', 'N;', '2007-11-20 15:14:41', '', NULL, NULL, 0);
INSERT INTO `oa_ad_zone_assoc` (`ad_zone_assoc_id`, `zone_id`, `ad_id`, `priority`, `link_type`, `priority_factor`, `to_be_delivered`) VALUES(430, 86, 430, 0, 0, 1, 1);
INSERT INTO `oa_campaigns` (`campaignid`, `campaignname`, `clientid`, `views`, `clicks`, `conversions`, `expire`, `activate`, `priority`, `weight`, `target_impression`, `target_click`, `target_conversion`, `anonymous`, `companion`, `comments`, `revenue`, `revenue_type`, `updated`, `block`, `capping`, `session_capping`, `an_campaign_id`, `as_campaign_id`, `status`, `an_status`) VALUES(87, 'QA - Default Campaign87', 1, 1000, 1000, 1000, '0000-00-00', '0000-00-00', -1, 1, 0, 0, 0, 'f', 0, '', 1.0000, 2, '2007-11-20 16:09:08', 0, 0, 0, NULL, NULL, 0, 0);
INSERT INTO `oa_zones` (`zoneid`, `affiliateid`, `zonename`, `description`, `delivery`, `zonetype`, `what`, `width`, `height`, `chain`, `prepend`, `append`, `appendtype`, `category`, `ad_selection`, `forceappend`, `inventory_forecast_type`, `comments`, `cost`, `cost_type`, `cost_variable_id`, `technology_cost`, `technology_cost_type`, `updated`, `block`, `capping`, `session_capping`, `as_zone_id`) VALUES(87, 1, 'http://www.test1.org - Default', '', 0, 3, '', 120, 120, '', '', 0x5a6f6e65, 0, '', '', 'f', 0, '', 1.3333, 2, '', NULL, NULL, '2007-11-20 15:10:34', 0, 0, 0, NULL);
INSERT INTO `oa_placement_zone_assoc` (`placement_zone_assoc_id`, `zone_id`, `placement_id`) VALUES(87, 87, 87);

INSERT INTO `oa_banners` (`bannerid`, `contenttype`, `pluginversion`, `storagetype`, `filename`, `imageurl`, `htmltemplate`, `htmlcache`, `width`, `height`, `weight`, `seq`, `target`, `url`, `alt`, `keyword`, `bannertext`, `description`, `autohtml`, `block`, `capping`, `compiledlimitation`, `append`, `appendtype`, `bannertype`, `transparent`, `campaignid`, `adserver`, `session_capping`, `acl_plugins`, `alt_filename`, `alt_imageurl`, `alt_contenttype`, `comments`, `updated`, `parameters`, `acls_updated`, `statustext`, `an_banner_id`, `as_banner_id`, `status`) VALUES(431, 'gif', 0, 'sql', '120x120.gif', '', '', '', 120, 120, 1, 0, '', 'http://www.wp.pl', '', '', '', '', 'f', 0, 0, 0x74727565, 0x48744d6c202d20, 0, 0, 0, 87, '', 0, '', '', '', '', '', '2007-11-20 15:14:41', 'N;', '2007-11-20 15:14:41', '', NULL, NULL, 0);
INSERT INTO `oa_ad_zone_assoc` (`ad_zone_assoc_id`, `zone_id`, `ad_id`, `priority`, `link_type`, `priority_factor`, `to_be_delivered`) VALUES(431, 87, 431, 0, 0, 1, 1);
INSERT INTO `oa_banners` (`bannerid`, `contenttype`, `pluginversion`, `storagetype`, `filename`, `imageurl`, `htmltemplate`, `htmlcache`, `width`, `height`, `weight`, `seq`, `target`, `url`, `alt`, `keyword`, `bannertext`, `description`, `autohtml`, `block`, `capping`, `compiledlimitation`, `append`, `appendtype`, `bannertype`, `transparent`, `campaignid`, `adserver`, `session_capping`, `acl_plugins`, `alt_filename`, `alt_imageurl`, `alt_contenttype`, `comments`, `updated`, `parameters`, `acls_updated`, `statustext`, `an_banner_id`, `as_banner_id`, `status`) VALUES(432, 'gif', 0, 'sql', '120x120.gif', '', '', '', 120, 120, 1, 0, '', 'http://www.wp.pl', '', '', '', '', 'f', 0, 0, 0x74727565, 0x48744d6c202d20, 0, 0, 0, 87, '', 0, '', '', '', '', '', '2007-11-20 15:14:41', 'N;', '2007-11-20 15:14:41', '', NULL, NULL, 0);
INSERT INTO `oa_ad_zone_assoc` (`ad_zone_assoc_id`, `zone_id`, `ad_id`, `priority`, `link_type`, `priority_factor`, `to_be_delivered`) VALUES(432, 87, 432, 0, 0, 1, 1);
INSERT INTO `oa_banners` (`bannerid`, `contenttype`, `pluginversion`, `storagetype`, `filename`, `imageurl`, `htmltemplate`, `htmlcache`, `width`, `height`, `weight`, `seq`, `target`, `url`, `alt`, `keyword`, `bannertext`, `description`, `autohtml`, `block`, `capping`, `compiledlimitation`, `append`, `appendtype`, `bannertype`, `transparent`, `campaignid`, `adserver`, `session_capping`, `acl_plugins`, `alt_filename`, `alt_imageurl`, `alt_contenttype`, `comments`, `updated`, `parameters`, `acls_updated`, `statustext`, `an_banner_id`, `as_banner_id`, `status`) VALUES(433, 'gif', 0, 'sql', '120x120.gif', '', '', '', 120, 120, 1, 0, '', 'http://www.wp.pl', '', '', '', '', 'f', 0, 0, 0x74727565, 0x48744d6c202d20, 0, 0, 0, 87, '', 0, '', '', '', '', '', '2007-11-20 15:14:41', 'N;', '2007-11-20 15:14:41', '', NULL, NULL, 0);
INSERT INTO `oa_ad_zone_assoc` (`ad_zone_assoc_id`, `zone_id`, `ad_id`, `priority`, `link_type`, `priority_factor`, `to_be_delivered`) VALUES(433, 87, 433, 0, 0, 1, 1);
INSERT INTO `oa_banners` (`bannerid`, `contenttype`, `pluginversion`, `storagetype`, `filename`, `imageurl`, `htmltemplate`, `htmlcache`, `width`, `height`, `weight`, `seq`, `target`, `url`, `alt`, `keyword`, `bannertext`, `description`, `autohtml`, `block`, `capping`, `compiledlimitation`, `append`, `appendtype`, `bannertype`, `transparent`, `campaignid`, `adserver`, `session_capping`, `acl_plugins`, `alt_filename`, `alt_imageurl`, `alt_contenttype`, `comments`, `updated`, `parameters`, `acls_updated`, `statustext`, `an_banner_id`, `as_banner_id`, `status`) VALUES(434, 'gif', 0, 'sql', '120x120.gif', '', '', '', 120, 120, 1, 0, '', 'http://www.wp.pl', '', '', '', '', 'f', 0, 0, 0x74727565, 0x48744d6c202d20, 0, 0, 0, 87, '', 0, '', '', '', '', '', '2007-11-20 15:14:41', 'N;', '2007-11-20 15:14:41', '', NULL, NULL, 0);
INSERT INTO `oa_ad_zone_assoc` (`ad_zone_assoc_id`, `zone_id`, `ad_id`, `priority`, `link_type`, `priority_factor`, `to_be_delivered`) VALUES(434, 87, 434, 0, 0, 1, 1);
INSERT INTO `oa_banners` (`bannerid`, `contenttype`, `pluginversion`, `storagetype`, `filename`, `imageurl`, `htmltemplate`, `htmlcache`, `width`, `height`, `weight`, `seq`, `target`, `url`, `alt`, `keyword`, `bannertext`, `description`, `autohtml`, `block`, `capping`, `compiledlimitation`, `append`, `appendtype`, `bannertype`, `transparent`, `campaignid`, `adserver`, `session_capping`, `acl_plugins`, `alt_filename`, `alt_imageurl`, `alt_contenttype`, `comments`, `updated`, `parameters`, `acls_updated`, `statustext`, `an_banner_id`, `as_banner_id`, `status`) VALUES(435, 'gif', 0, 'sql', '120x120.gif', '', '', '', 120, 120, 1, 0, '', 'http://www.wp.pl', '', '', '', '', 'f', 0, 0, 0x74727565, 0x48744d6c202d20, 0, 0, 0, 87, '', 0, '', '', '', '', '', '2007-11-20 15:14:41', 'N;', '2007-11-20 15:14:41', '', NULL, NULL, 0);
INSERT INTO `oa_ad_zone_assoc` (`ad_zone_assoc_id`, `zone_id`, `ad_id`, `priority`, `link_type`, `priority_factor`, `to_be_delivered`) VALUES(435, 87, 435, 0, 0, 1, 1);
INSERT INTO `oa_campaigns` (`campaignid`, `campaignname`, `clientid`, `views`, `clicks`, `conversions`, `expire`, `activate`, `priority`, `weight`, `target_impression`, `target_click`, `target_conversion`, `anonymous`, `companion`, `comments`, `revenue`, `revenue_type`, `updated`, `block`, `capping`, `session_capping`, `an_campaign_id`, `as_campaign_id`, `status`, `an_status`) VALUES(88, 'QA - Default Campaign88', 1, 1000, 1000, 1000, '0000-00-00', '0000-00-00', -1, 1, 0, 0, 0, 'f', 0, '', 1.0000, 2, '2007-11-20 16:09:08', 0, 0, 0, NULL, NULL, 0, 0);
INSERT INTO `oa_zones` (`zoneid`, `affiliateid`, `zonename`, `description`, `delivery`, `zonetype`, `what`, `width`, `height`, `chain`, `prepend`, `append`, `appendtype`, `category`, `ad_selection`, `forceappend`, `inventory_forecast_type`, `comments`, `cost`, `cost_type`, `cost_variable_id`, `technology_cost`, `technology_cost_type`, `updated`, `block`, `capping`, `session_capping`, `as_zone_id`) VALUES(88, 1, 'http://www.test1.org - Default', '', 0, 3, '', 120, 120, '', '', 0x5a6f6e65, 0, '', '', 'f', 0, '', 1.3333, 2, '', NULL, NULL, '2007-11-20 15:10:34', 0, 0, 0, NULL);
INSERT INTO `oa_placement_zone_assoc` (`placement_zone_assoc_id`, `zone_id`, `placement_id`) VALUES(88, 88, 88);

INSERT INTO `oa_banners` (`bannerid`, `contenttype`, `pluginversion`, `storagetype`, `filename`, `imageurl`, `htmltemplate`, `htmlcache`, `width`, `height`, `weight`, `seq`, `target`, `url`, `alt`, `keyword`, `bannertext`, `description`, `autohtml`, `block`, `capping`, `compiledlimitation`, `append`, `appendtype`, `bannertype`, `transparent`, `campaignid`, `adserver`, `session_capping`, `acl_plugins`, `alt_filename`, `alt_imageurl`, `alt_contenttype`, `comments`, `updated`, `parameters`, `acls_updated`, `statustext`, `an_banner_id`, `as_banner_id`, `status`) VALUES(436, 'gif', 0, 'sql', '120x120.gif', '', '', '', 120, 120, 1, 0, '', 'http://www.wp.pl', '', '', '', '', 'f', 0, 0, 0x74727565, 0x48744d6c202d20, 0, 0, 0, 88, '', 0, '', '', '', '', '', '2007-11-20 15:14:41', 'N;', '2007-11-20 15:14:41', '', NULL, NULL, 0);
INSERT INTO `oa_ad_zone_assoc` (`ad_zone_assoc_id`, `zone_id`, `ad_id`, `priority`, `link_type`, `priority_factor`, `to_be_delivered`) VALUES(436, 88, 436, 0, 0, 1, 1);
INSERT INTO `oa_banners` (`bannerid`, `contenttype`, `pluginversion`, `storagetype`, `filename`, `imageurl`, `htmltemplate`, `htmlcache`, `width`, `height`, `weight`, `seq`, `target`, `url`, `alt`, `keyword`, `bannertext`, `description`, `autohtml`, `block`, `capping`, `compiledlimitation`, `append`, `appendtype`, `bannertype`, `transparent`, `campaignid`, `adserver`, `session_capping`, `acl_plugins`, `alt_filename`, `alt_imageurl`, `alt_contenttype`, `comments`, `updated`, `parameters`, `acls_updated`, `statustext`, `an_banner_id`, `as_banner_id`, `status`) VALUES(437, 'gif', 0, 'sql', '120x120.gif', '', '', '', 120, 120, 1, 0, '', 'http://www.wp.pl', '', '', '', '', 'f', 0, 0, 0x74727565, 0x48744d6c202d20, 0, 0, 0, 88, '', 0, '', '', '', '', '', '2007-11-20 15:14:41', 'N;', '2007-11-20 15:14:41', '', NULL, NULL, 0);
INSERT INTO `oa_ad_zone_assoc` (`ad_zone_assoc_id`, `zone_id`, `ad_id`, `priority`, `link_type`, `priority_factor`, `to_be_delivered`) VALUES(437, 88, 437, 0, 0, 1, 1);
INSERT INTO `oa_banners` (`bannerid`, `contenttype`, `pluginversion`, `storagetype`, `filename`, `imageurl`, `htmltemplate`, `htmlcache`, `width`, `height`, `weight`, `seq`, `target`, `url`, `alt`, `keyword`, `bannertext`, `description`, `autohtml`, `block`, `capping`, `compiledlimitation`, `append`, `appendtype`, `bannertype`, `transparent`, `campaignid`, `adserver`, `session_capping`, `acl_plugins`, `alt_filename`, `alt_imageurl`, `alt_contenttype`, `comments`, `updated`, `parameters`, `acls_updated`, `statustext`, `an_banner_id`, `as_banner_id`, `status`) VALUES(438, 'gif', 0, 'sql', '120x120.gif', '', '', '', 120, 120, 1, 0, '', 'http://www.wp.pl', '', '', '', '', 'f', 0, 0, 0x74727565, 0x48744d6c202d20, 0, 0, 0, 88, '', 0, '', '', '', '', '', '2007-11-20 15:14:41', 'N;', '2007-11-20 15:14:41', '', NULL, NULL, 0);
INSERT INTO `oa_ad_zone_assoc` (`ad_zone_assoc_id`, `zone_id`, `ad_id`, `priority`, `link_type`, `priority_factor`, `to_be_delivered`) VALUES(438, 88, 438, 0, 0, 1, 1);
INSERT INTO `oa_banners` (`bannerid`, `contenttype`, `pluginversion`, `storagetype`, `filename`, `imageurl`, `htmltemplate`, `htmlcache`, `width`, `height`, `weight`, `seq`, `target`, `url`, `alt`, `keyword`, `bannertext`, `description`, `autohtml`, `block`, `capping`, `compiledlimitation`, `append`, `appendtype`, `bannertype`, `transparent`, `campaignid`, `adserver`, `session_capping`, `acl_plugins`, `alt_filename`, `alt_imageurl`, `alt_contenttype`, `comments`, `updated`, `parameters`, `acls_updated`, `statustext`, `an_banner_id`, `as_banner_id`, `status`) VALUES(439, 'gif', 0, 'sql', '120x120.gif', '', '', '', 120, 120, 1, 0, '', 'http://www.wp.pl', '', '', '', '', 'f', 0, 0, 0x74727565, 0x48744d6c202d20, 0, 0, 0, 88, '', 0, '', '', '', '', '', '2007-11-20 15:14:41', 'N;', '2007-11-20 15:14:41', '', NULL, NULL, 0);
INSERT INTO `oa_ad_zone_assoc` (`ad_zone_assoc_id`, `zone_id`, `ad_id`, `priority`, `link_type`, `priority_factor`, `to_be_delivered`) VALUES(439, 88, 439, 0, 0, 1, 1);
INSERT INTO `oa_banners` (`bannerid`, `contenttype`, `pluginversion`, `storagetype`, `filename`, `imageurl`, `htmltemplate`, `htmlcache`, `width`, `height`, `weight`, `seq`, `target`, `url`, `alt`, `keyword`, `bannertext`, `description`, `autohtml`, `block`, `capping`, `compiledlimitation`, `append`, `appendtype`, `bannertype`, `transparent`, `campaignid`, `adserver`, `session_capping`, `acl_plugins`, `alt_filename`, `alt_imageurl`, `alt_contenttype`, `comments`, `updated`, `parameters`, `acls_updated`, `statustext`, `an_banner_id`, `as_banner_id`, `status`) VALUES(440, 'gif', 0, 'sql', '120x120.gif', '', '', '', 120, 120, 1, 0, '', 'http://www.wp.pl', '', '', '', '', 'f', 0, 0, 0x74727565, 0x48744d6c202d20, 0, 0, 0, 88, '', 0, '', '', '', '', '', '2007-11-20 15:14:41', 'N;', '2007-11-20 15:14:41', '', NULL, NULL, 0);
INSERT INTO `oa_ad_zone_assoc` (`ad_zone_assoc_id`, `zone_id`, `ad_id`, `priority`, `link_type`, `priority_factor`, `to_be_delivered`) VALUES(440, 88, 440, 0, 0, 1, 1);
INSERT INTO `oa_campaigns` (`campaignid`, `campaignname`, `clientid`, `views`, `clicks`, `conversions`, `expire`, `activate`, `priority`, `weight`, `target_impression`, `target_click`, `target_conversion`, `anonymous`, `companion`, `comments`, `revenue`, `revenue_type`, `updated`, `block`, `capping`, `session_capping`, `an_campaign_id`, `as_campaign_id`, `status`, `an_status`) VALUES(89, 'QA - Default Campaign89', 1, 1000, 1000, 1000, '0000-00-00', '0000-00-00', -1, 1, 0, 0, 0, 'f', 0, '', 1.0000, 2, '2007-11-20 16:09:08', 0, 0, 0, NULL, NULL, 0, 0);
INSERT INTO `oa_zones` (`zoneid`, `affiliateid`, `zonename`, `description`, `delivery`, `zonetype`, `what`, `width`, `height`, `chain`, `prepend`, `append`, `appendtype`, `category`, `ad_selection`, `forceappend`, `inventory_forecast_type`, `comments`, `cost`, `cost_type`, `cost_variable_id`, `technology_cost`, `technology_cost_type`, `updated`, `block`, `capping`, `session_capping`, `as_zone_id`) VALUES(89, 1, 'http://www.test1.org - Default', '', 0, 3, '', 120, 120, '', '', 0x5a6f6e65, 0, '', '', 'f', 0, '', 1.3333, 2, '', NULL, NULL, '2007-11-20 15:10:34', 0, 0, 0, NULL);
INSERT INTO `oa_placement_zone_assoc` (`placement_zone_assoc_id`, `zone_id`, `placement_id`) VALUES(89, 89, 89);

INSERT INTO `oa_banners` (`bannerid`, `contenttype`, `pluginversion`, `storagetype`, `filename`, `imageurl`, `htmltemplate`, `htmlcache`, `width`, `height`, `weight`, `seq`, `target`, `url`, `alt`, `keyword`, `bannertext`, `description`, `autohtml`, `block`, `capping`, `compiledlimitation`, `append`, `appendtype`, `bannertype`, `transparent`, `campaignid`, `adserver`, `session_capping`, `acl_plugins`, `alt_filename`, `alt_imageurl`, `alt_contenttype`, `comments`, `updated`, `parameters`, `acls_updated`, `statustext`, `an_banner_id`, `as_banner_id`, `status`) VALUES(441, 'gif', 0, 'sql', '120x120.gif', '', '', '', 120, 120, 1, 0, '', 'http://www.wp.pl', '', '', '', '', 'f', 0, 0, 0x74727565, 0x48744d6c202d20, 0, 0, 0, 89, '', 0, '', '', '', '', '', '2007-11-20 15:14:41', 'N;', '2007-11-20 15:14:41', '', NULL, NULL, 0);
INSERT INTO `oa_ad_zone_assoc` (`ad_zone_assoc_id`, `zone_id`, `ad_id`, `priority`, `link_type`, `priority_factor`, `to_be_delivered`) VALUES(441, 89, 441, 0, 0, 1, 1);
INSERT INTO `oa_banners` (`bannerid`, `contenttype`, `pluginversion`, `storagetype`, `filename`, `imageurl`, `htmltemplate`, `htmlcache`, `width`, `height`, `weight`, `seq`, `target`, `url`, `alt`, `keyword`, `bannertext`, `description`, `autohtml`, `block`, `capping`, `compiledlimitation`, `append`, `appendtype`, `bannertype`, `transparent`, `campaignid`, `adserver`, `session_capping`, `acl_plugins`, `alt_filename`, `alt_imageurl`, `alt_contenttype`, `comments`, `updated`, `parameters`, `acls_updated`, `statustext`, `an_banner_id`, `as_banner_id`, `status`) VALUES(442, 'gif', 0, 'sql', '120x120.gif', '', '', '', 120, 120, 1, 0, '', 'http://www.wp.pl', '', '', '', '', 'f', 0, 0, 0x74727565, 0x48744d6c202d20, 0, 0, 0, 89, '', 0, '', '', '', '', '', '2007-11-20 15:14:41', 'N;', '2007-11-20 15:14:41', '', NULL, NULL, 0);
INSERT INTO `oa_ad_zone_assoc` (`ad_zone_assoc_id`, `zone_id`, `ad_id`, `priority`, `link_type`, `priority_factor`, `to_be_delivered`) VALUES(442, 89, 442, 0, 0, 1, 1);
INSERT INTO `oa_banners` (`bannerid`, `contenttype`, `pluginversion`, `storagetype`, `filename`, `imageurl`, `htmltemplate`, `htmlcache`, `width`, `height`, `weight`, `seq`, `target`, `url`, `alt`, `keyword`, `bannertext`, `description`, `autohtml`, `block`, `capping`, `compiledlimitation`, `append`, `appendtype`, `bannertype`, `transparent`, `campaignid`, `adserver`, `session_capping`, `acl_plugins`, `alt_filename`, `alt_imageurl`, `alt_contenttype`, `comments`, `updated`, `parameters`, `acls_updated`, `statustext`, `an_banner_id`, `as_banner_id`, `status`) VALUES(443, 'gif', 0, 'sql', '120x120.gif', '', '', '', 120, 120, 1, 0, '', 'http://www.wp.pl', '', '', '', '', 'f', 0, 0, 0x74727565, 0x48744d6c202d20, 0, 0, 0, 89, '', 0, '', '', '', '', '', '2007-11-20 15:14:41', 'N;', '2007-11-20 15:14:41', '', NULL, NULL, 0);
INSERT INTO `oa_ad_zone_assoc` (`ad_zone_assoc_id`, `zone_id`, `ad_id`, `priority`, `link_type`, `priority_factor`, `to_be_delivered`) VALUES(443, 89, 443, 0, 0, 1, 1);
INSERT INTO `oa_banners` (`bannerid`, `contenttype`, `pluginversion`, `storagetype`, `filename`, `imageurl`, `htmltemplate`, `htmlcache`, `width`, `height`, `weight`, `seq`, `target`, `url`, `alt`, `keyword`, `bannertext`, `description`, `autohtml`, `block`, `capping`, `compiledlimitation`, `append`, `appendtype`, `bannertype`, `transparent`, `campaignid`, `adserver`, `session_capping`, `acl_plugins`, `alt_filename`, `alt_imageurl`, `alt_contenttype`, `comments`, `updated`, `parameters`, `acls_updated`, `statustext`, `an_banner_id`, `as_banner_id`, `status`) VALUES(444, 'gif', 0, 'sql', '120x120.gif', '', '', '', 120, 120, 1, 0, '', 'http://www.wp.pl', '', '', '', '', 'f', 0, 0, 0x74727565, 0x48744d6c202d20, 0, 0, 0, 89, '', 0, '', '', '', '', '', '2007-11-20 15:14:41', 'N;', '2007-11-20 15:14:41', '', NULL, NULL, 0);
INSERT INTO `oa_ad_zone_assoc` (`ad_zone_assoc_id`, `zone_id`, `ad_id`, `priority`, `link_type`, `priority_factor`, `to_be_delivered`) VALUES(444, 89, 444, 0, 0, 1, 1);
INSERT INTO `oa_banners` (`bannerid`, `contenttype`, `pluginversion`, `storagetype`, `filename`, `imageurl`, `htmltemplate`, `htmlcache`, `width`, `height`, `weight`, `seq`, `target`, `url`, `alt`, `keyword`, `bannertext`, `description`, `autohtml`, `block`, `capping`, `compiledlimitation`, `append`, `appendtype`, `bannertype`, `transparent`, `campaignid`, `adserver`, `session_capping`, `acl_plugins`, `alt_filename`, `alt_imageurl`, `alt_contenttype`, `comments`, `updated`, `parameters`, `acls_updated`, `statustext`, `an_banner_id`, `as_banner_id`, `status`) VALUES(445, 'gif', 0, 'sql', '120x120.gif', '', '', '', 120, 120, 1, 0, '', 'http://www.wp.pl', '', '', '', '', 'f', 0, 0, 0x74727565, 0x48744d6c202d20, 0, 0, 0, 89, '', 0, '', '', '', '', '', '2007-11-20 15:14:41', 'N;', '2007-11-20 15:14:41', '', NULL, NULL, 0);
INSERT INTO `oa_ad_zone_assoc` (`ad_zone_assoc_id`, `zone_id`, `ad_id`, `priority`, `link_type`, `priority_factor`, `to_be_delivered`) VALUES(445, 89, 445, 0, 0, 1, 1);
INSERT INTO `oa_campaigns` (`campaignid`, `campaignname`, `clientid`, `views`, `clicks`, `conversions`, `expire`, `activate`, `priority`, `weight`, `target_impression`, `target_click`, `target_conversion`, `anonymous`, `companion`, `comments`, `revenue`, `revenue_type`, `updated`, `block`, `capping`, `session_capping`, `an_campaign_id`, `as_campaign_id`, `status`, `an_status`) VALUES(90, 'QA - Default Campaign90', 1, 1000, 1000, 1000, '0000-00-00', '0000-00-00', -1, 1, 0, 0, 0, 'f', 0, '', 1.0000, 2, '2007-11-20 16:09:08', 0, 0, 0, NULL, NULL, 0, 0);
INSERT INTO `oa_zones` (`zoneid`, `affiliateid`, `zonename`, `description`, `delivery`, `zonetype`, `what`, `width`, `height`, `chain`, `prepend`, `append`, `appendtype`, `category`, `ad_selection`, `forceappend`, `inventory_forecast_type`, `comments`, `cost`, `cost_type`, `cost_variable_id`, `technology_cost`, `technology_cost_type`, `updated`, `block`, `capping`, `session_capping`, `as_zone_id`) VALUES(90, 1, 'http://www.test1.org - Default', '', 0, 3, '', 120, 120, '', '', 0x5a6f6e65, 0, '', '', 'f', 0, '', 1.3333, 2, '', NULL, NULL, '2007-11-20 15:10:34', 0, 0, 0, NULL);
INSERT INTO `oa_placement_zone_assoc` (`placement_zone_assoc_id`, `zone_id`, `placement_id`) VALUES(90, 90, 90);

INSERT INTO `oa_banners` (`bannerid`, `contenttype`, `pluginversion`, `storagetype`, `filename`, `imageurl`, `htmltemplate`, `htmlcache`, `width`, `height`, `weight`, `seq`, `target`, `url`, `alt`, `keyword`, `bannertext`, `description`, `autohtml`, `block`, `capping`, `compiledlimitation`, `append`, `appendtype`, `bannertype`, `transparent`, `campaignid`, `adserver`, `session_capping`, `acl_plugins`, `alt_filename`, `alt_imageurl`, `alt_contenttype`, `comments`, `updated`, `parameters`, `acls_updated`, `statustext`, `an_banner_id`, `as_banner_id`, `status`) VALUES(446, 'gif', 0, 'sql', '120x120.gif', '', '', '', 120, 120, 1, 0, '', 'http://www.wp.pl', '', '', '', '', 'f', 0, 0, 0x74727565, 0x48744d6c202d20, 0, 0, 0, 90, '', 0, '', '', '', '', '', '2007-11-20 15:14:41', 'N;', '2007-11-20 15:14:41', '', NULL, NULL, 0);
INSERT INTO `oa_ad_zone_assoc` (`ad_zone_assoc_id`, `zone_id`, `ad_id`, `priority`, `link_type`, `priority_factor`, `to_be_delivered`) VALUES(446, 90, 446, 0, 0, 1, 1);
INSERT INTO `oa_banners` (`bannerid`, `contenttype`, `pluginversion`, `storagetype`, `filename`, `imageurl`, `htmltemplate`, `htmlcache`, `width`, `height`, `weight`, `seq`, `target`, `url`, `alt`, `keyword`, `bannertext`, `description`, `autohtml`, `block`, `capping`, `compiledlimitation`, `append`, `appendtype`, `bannertype`, `transparent`, `campaignid`, `adserver`, `session_capping`, `acl_plugins`, `alt_filename`, `alt_imageurl`, `alt_contenttype`, `comments`, `updated`, `parameters`, `acls_updated`, `statustext`, `an_banner_id`, `as_banner_id`, `status`) VALUES(447, 'gif', 0, 'sql', '120x120.gif', '', '', '', 120, 120, 1, 0, '', 'http://www.wp.pl', '', '', '', '', 'f', 0, 0, 0x74727565, 0x48744d6c202d20, 0, 0, 0, 90, '', 0, '', '', '', '', '', '2007-11-20 15:14:41', 'N;', '2007-11-20 15:14:41', '', NULL, NULL, 0);
INSERT INTO `oa_ad_zone_assoc` (`ad_zone_assoc_id`, `zone_id`, `ad_id`, `priority`, `link_type`, `priority_factor`, `to_be_delivered`) VALUES(447, 90, 447, 0, 0, 1, 1);
INSERT INTO `oa_banners` (`bannerid`, `contenttype`, `pluginversion`, `storagetype`, `filename`, `imageurl`, `htmltemplate`, `htmlcache`, `width`, `height`, `weight`, `seq`, `target`, `url`, `alt`, `keyword`, `bannertext`, `description`, `autohtml`, `block`, `capping`, `compiledlimitation`, `append`, `appendtype`, `bannertype`, `transparent`, `campaignid`, `adserver`, `session_capping`, `acl_plugins`, `alt_filename`, `alt_imageurl`, `alt_contenttype`, `comments`, `updated`, `parameters`, `acls_updated`, `statustext`, `an_banner_id`, `as_banner_id`, `status`) VALUES(448, 'gif', 0, 'sql', '120x120.gif', '', '', '', 120, 120, 1, 0, '', 'http://www.wp.pl', '', '', '', '', 'f', 0, 0, 0x74727565, 0x48744d6c202d20, 0, 0, 0, 90, '', 0, '', '', '', '', '', '2007-11-20 15:14:41', 'N;', '2007-11-20 15:14:41', '', NULL, NULL, 0);
INSERT INTO `oa_ad_zone_assoc` (`ad_zone_assoc_id`, `zone_id`, `ad_id`, `priority`, `link_type`, `priority_factor`, `to_be_delivered`) VALUES(448, 90, 448, 0, 0, 1, 1);
INSERT INTO `oa_banners` (`bannerid`, `contenttype`, `pluginversion`, `storagetype`, `filename`, `imageurl`, `htmltemplate`, `htmlcache`, `width`, `height`, `weight`, `seq`, `target`, `url`, `alt`, `keyword`, `bannertext`, `description`, `autohtml`, `block`, `capping`, `compiledlimitation`, `append`, `appendtype`, `bannertype`, `transparent`, `campaignid`, `adserver`, `session_capping`, `acl_plugins`, `alt_filename`, `alt_imageurl`, `alt_contenttype`, `comments`, `updated`, `parameters`, `acls_updated`, `statustext`, `an_banner_id`, `as_banner_id`, `status`) VALUES(449, 'gif', 0, 'sql', '120x120.gif', '', '', '', 120, 120, 1, 0, '', 'http://www.wp.pl', '', '', '', '', 'f', 0, 0, 0x74727565, 0x48744d6c202d20, 0, 0, 0, 90, '', 0, '', '', '', '', '', '2007-11-20 15:14:41', 'N;', '2007-11-20 15:14:41', '', NULL, NULL, 0);
INSERT INTO `oa_ad_zone_assoc` (`ad_zone_assoc_id`, `zone_id`, `ad_id`, `priority`, `link_type`, `priority_factor`, `to_be_delivered`) VALUES(449, 90, 449, 0, 0, 1, 1);
INSERT INTO `oa_banners` (`bannerid`, `contenttype`, `pluginversion`, `storagetype`, `filename`, `imageurl`, `htmltemplate`, `htmlcache`, `width`, `height`, `weight`, `seq`, `target`, `url`, `alt`, `keyword`, `bannertext`, `description`, `autohtml`, `block`, `capping`, `compiledlimitation`, `append`, `appendtype`, `bannertype`, `transparent`, `campaignid`, `adserver`, `session_capping`, `acl_plugins`, `alt_filename`, `alt_imageurl`, `alt_contenttype`, `comments`, `updated`, `parameters`, `acls_updated`, `statustext`, `an_banner_id`, `as_banner_id`, `status`) VALUES(450, 'gif', 0, 'sql', '120x120.gif', '', '', '', 120, 120, 1, 0, '', 'http://www.wp.pl', '', '', '', '', 'f', 0, 0, 0x74727565, 0x48744d6c202d20, 0, 0, 0, 90, '', 0, '', '', '', '', '', '2007-11-20 15:14:41', 'N;', '2007-11-20 15:14:41', '', NULL, NULL, 0);
INSERT INTO `oa_ad_zone_assoc` (`ad_zone_assoc_id`, `zone_id`, `ad_id`, `priority`, `link_type`, `priority_factor`, `to_be_delivered`) VALUES(450, 90, 450, 0, 0, 1, 1);
INSERT INTO `oa_campaigns` (`campaignid`, `campaignname`, `clientid`, `views`, `clicks`, `conversions`, `expire`, `activate`, `priority`, `weight`, `target_impression`, `target_click`, `target_conversion`, `anonymous`, `companion`, `comments`, `revenue`, `revenue_type`, `updated`, `block`, `capping`, `session_capping`, `an_campaign_id`, `as_campaign_id`, `status`, `an_status`) VALUES(91, 'QA - Default Campaign91', 1, 1000, 1000, 1000, '0000-00-00', '0000-00-00', -1, 1, 0, 0, 0, 'f', 0, '', 1.0000, 2, '2007-11-20 16:09:08', 0, 0, 0, NULL, NULL, 0, 0);
INSERT INTO `oa_zones` (`zoneid`, `affiliateid`, `zonename`, `description`, `delivery`, `zonetype`, `what`, `width`, `height`, `chain`, `prepend`, `append`, `appendtype`, `category`, `ad_selection`, `forceappend`, `inventory_forecast_type`, `comments`, `cost`, `cost_type`, `cost_variable_id`, `technology_cost`, `technology_cost_type`, `updated`, `block`, `capping`, `session_capping`, `as_zone_id`) VALUES(91, 1, 'http://www.test1.org - Default', '', 0, 3, '', 120, 120, '', '', 0x5a6f6e65, 0, '', '', 'f', 0, '', 1.3333, 2, '', NULL, NULL, '2007-11-20 15:10:34', 0, 0, 0, NULL);
INSERT INTO `oa_placement_zone_assoc` (`placement_zone_assoc_id`, `zone_id`, `placement_id`) VALUES(91, 91, 91);

INSERT INTO `oa_banners` (`bannerid`, `contenttype`, `pluginversion`, `storagetype`, `filename`, `imageurl`, `htmltemplate`, `htmlcache`, `width`, `height`, `weight`, `seq`, `target`, `url`, `alt`, `keyword`, `bannertext`, `description`, `autohtml`, `block`, `capping`, `compiledlimitation`, `append`, `appendtype`, `bannertype`, `transparent`, `campaignid`, `adserver`, `session_capping`, `acl_plugins`, `alt_filename`, `alt_imageurl`, `alt_contenttype`, `comments`, `updated`, `parameters`, `acls_updated`, `statustext`, `an_banner_id`, `as_banner_id`, `status`) VALUES(451, 'gif', 0, 'sql', '120x120.gif', '', '', '', 120, 120, 1, 0, '', 'http://www.wp.pl', '', '', '', '', 'f', 0, 0, 0x74727565, 0x48744d6c202d20, 0, 0, 0, 91, '', 0, '', '', '', '', '', '2007-11-20 15:14:41', 'N;', '2007-11-20 15:14:41', '', NULL, NULL, 0);
INSERT INTO `oa_ad_zone_assoc` (`ad_zone_assoc_id`, `zone_id`, `ad_id`, `priority`, `link_type`, `priority_factor`, `to_be_delivered`) VALUES(451, 91, 451, 0, 0, 1, 1);
INSERT INTO `oa_banners` (`bannerid`, `contenttype`, `pluginversion`, `storagetype`, `filename`, `imageurl`, `htmltemplate`, `htmlcache`, `width`, `height`, `weight`, `seq`, `target`, `url`, `alt`, `keyword`, `bannertext`, `description`, `autohtml`, `block`, `capping`, `compiledlimitation`, `append`, `appendtype`, `bannertype`, `transparent`, `campaignid`, `adserver`, `session_capping`, `acl_plugins`, `alt_filename`, `alt_imageurl`, `alt_contenttype`, `comments`, `updated`, `parameters`, `acls_updated`, `statustext`, `an_banner_id`, `as_banner_id`, `status`) VALUES(452, 'gif', 0, 'sql', '120x120.gif', '', '', '', 120, 120, 1, 0, '', 'http://www.wp.pl', '', '', '', '', 'f', 0, 0, 0x74727565, 0x48744d6c202d20, 0, 0, 0, 91, '', 0, '', '', '', '', '', '2007-11-20 15:14:41', 'N;', '2007-11-20 15:14:41', '', NULL, NULL, 0);
INSERT INTO `oa_ad_zone_assoc` (`ad_zone_assoc_id`, `zone_id`, `ad_id`, `priority`, `link_type`, `priority_factor`, `to_be_delivered`) VALUES(452, 91, 452, 0, 0, 1, 1);
INSERT INTO `oa_banners` (`bannerid`, `contenttype`, `pluginversion`, `storagetype`, `filename`, `imageurl`, `htmltemplate`, `htmlcache`, `width`, `height`, `weight`, `seq`, `target`, `url`, `alt`, `keyword`, `bannertext`, `description`, `autohtml`, `block`, `capping`, `compiledlimitation`, `append`, `appendtype`, `bannertype`, `transparent`, `campaignid`, `adserver`, `session_capping`, `acl_plugins`, `alt_filename`, `alt_imageurl`, `alt_contenttype`, `comments`, `updated`, `parameters`, `acls_updated`, `statustext`, `an_banner_id`, `as_banner_id`, `status`) VALUES(453, 'gif', 0, 'sql', '120x120.gif', '', '', '', 120, 120, 1, 0, '', 'http://www.wp.pl', '', '', '', '', 'f', 0, 0, 0x74727565, 0x48744d6c202d20, 0, 0, 0, 91, '', 0, '', '', '', '', '', '2007-11-20 15:14:41', 'N;', '2007-11-20 15:14:41', '', NULL, NULL, 0);
INSERT INTO `oa_ad_zone_assoc` (`ad_zone_assoc_id`, `zone_id`, `ad_id`, `priority`, `link_type`, `priority_factor`, `to_be_delivered`) VALUES(453, 91, 453, 0, 0, 1, 1);
INSERT INTO `oa_banners` (`bannerid`, `contenttype`, `pluginversion`, `storagetype`, `filename`, `imageurl`, `htmltemplate`, `htmlcache`, `width`, `height`, `weight`, `seq`, `target`, `url`, `alt`, `keyword`, `bannertext`, `description`, `autohtml`, `block`, `capping`, `compiledlimitation`, `append`, `appendtype`, `bannertype`, `transparent`, `campaignid`, `adserver`, `session_capping`, `acl_plugins`, `alt_filename`, `alt_imageurl`, `alt_contenttype`, `comments`, `updated`, `parameters`, `acls_updated`, `statustext`, `an_banner_id`, `as_banner_id`, `status`) VALUES(454, 'gif', 0, 'sql', '120x120.gif', '', '', '', 120, 120, 1, 0, '', 'http://www.wp.pl', '', '', '', '', 'f', 0, 0, 0x74727565, 0x48744d6c202d20, 0, 0, 0, 91, '', 0, '', '', '', '', '', '2007-11-20 15:14:41', 'N;', '2007-11-20 15:14:41', '', NULL, NULL, 0);
INSERT INTO `oa_ad_zone_assoc` (`ad_zone_assoc_id`, `zone_id`, `ad_id`, `priority`, `link_type`, `priority_factor`, `to_be_delivered`) VALUES(454, 91, 454, 0, 0, 1, 1);
INSERT INTO `oa_banners` (`bannerid`, `contenttype`, `pluginversion`, `storagetype`, `filename`, `imageurl`, `htmltemplate`, `htmlcache`, `width`, `height`, `weight`, `seq`, `target`, `url`, `alt`, `keyword`, `bannertext`, `description`, `autohtml`, `block`, `capping`, `compiledlimitation`, `append`, `appendtype`, `bannertype`, `transparent`, `campaignid`, `adserver`, `session_capping`, `acl_plugins`, `alt_filename`, `alt_imageurl`, `alt_contenttype`, `comments`, `updated`, `parameters`, `acls_updated`, `statustext`, `an_banner_id`, `as_banner_id`, `status`) VALUES(455, 'gif', 0, 'sql', '120x120.gif', '', '', '', 120, 120, 1, 0, '', 'http://www.wp.pl', '', '', '', '', 'f', 0, 0, 0x74727565, 0x48744d6c202d20, 0, 0, 0, 91, '', 0, '', '', '', '', '', '2007-11-20 15:14:41', 'N;', '2007-11-20 15:14:41', '', NULL, NULL, 0);
INSERT INTO `oa_ad_zone_assoc` (`ad_zone_assoc_id`, `zone_id`, `ad_id`, `priority`, `link_type`, `priority_factor`, `to_be_delivered`) VALUES(455, 91, 455, 0, 0, 1, 1);
INSERT INTO `oa_campaigns` (`campaignid`, `campaignname`, `clientid`, `views`, `clicks`, `conversions`, `expire`, `activate`, `priority`, `weight`, `target_impression`, `target_click`, `target_conversion`, `anonymous`, `companion`, `comments`, `revenue`, `revenue_type`, `updated`, `block`, `capping`, `session_capping`, `an_campaign_id`, `as_campaign_id`, `status`, `an_status`) VALUES(92, 'QA - Default Campaign92', 1, 1000, 1000, 1000, '0000-00-00', '0000-00-00', -1, 1, 0, 0, 0, 'f', 0, '', 1.0000, 2, '2007-11-20 16:09:08', 0, 0, 0, NULL, NULL, 0, 0);
INSERT INTO `oa_zones` (`zoneid`, `affiliateid`, `zonename`, `description`, `delivery`, `zonetype`, `what`, `width`, `height`, `chain`, `prepend`, `append`, `appendtype`, `category`, `ad_selection`, `forceappend`, `inventory_forecast_type`, `comments`, `cost`, `cost_type`, `cost_variable_id`, `technology_cost`, `technology_cost_type`, `updated`, `block`, `capping`, `session_capping`, `as_zone_id`) VALUES(92, 1, 'http://www.test1.org - Default', '', 0, 3, '', 120, 120, '', '', 0x5a6f6e65, 0, '', '', 'f', 0, '', 1.3333, 2, '', NULL, NULL, '2007-11-20 15:10:34', 0, 0, 0, NULL);
INSERT INTO `oa_placement_zone_assoc` (`placement_zone_assoc_id`, `zone_id`, `placement_id`) VALUES(92, 92, 92);

INSERT INTO `oa_banners` (`bannerid`, `contenttype`, `pluginversion`, `storagetype`, `filename`, `imageurl`, `htmltemplate`, `htmlcache`, `width`, `height`, `weight`, `seq`, `target`, `url`, `alt`, `keyword`, `bannertext`, `description`, `autohtml`, `block`, `capping`, `compiledlimitation`, `append`, `appendtype`, `bannertype`, `transparent`, `campaignid`, `adserver`, `session_capping`, `acl_plugins`, `alt_filename`, `alt_imageurl`, `alt_contenttype`, `comments`, `updated`, `parameters`, `acls_updated`, `statustext`, `an_banner_id`, `as_banner_id`, `status`) VALUES(456, 'gif', 0, 'sql', '120x120.gif', '', '', '', 120, 120, 1, 0, '', 'http://www.wp.pl', '', '', '', '', 'f', 0, 0, 0x74727565, 0x48744d6c202d20, 0, 0, 0, 92, '', 0, '', '', '', '', '', '2007-11-20 15:14:41', 'N;', '2007-11-20 15:14:41', '', NULL, NULL, 0);
INSERT INTO `oa_ad_zone_assoc` (`ad_zone_assoc_id`, `zone_id`, `ad_id`, `priority`, `link_type`, `priority_factor`, `to_be_delivered`) VALUES(456, 92, 456, 0, 0, 1, 1);
INSERT INTO `oa_banners` (`bannerid`, `contenttype`, `pluginversion`, `storagetype`, `filename`, `imageurl`, `htmltemplate`, `htmlcache`, `width`, `height`, `weight`, `seq`, `target`, `url`, `alt`, `keyword`, `bannertext`, `description`, `autohtml`, `block`, `capping`, `compiledlimitation`, `append`, `appendtype`, `bannertype`, `transparent`, `campaignid`, `adserver`, `session_capping`, `acl_plugins`, `alt_filename`, `alt_imageurl`, `alt_contenttype`, `comments`, `updated`, `parameters`, `acls_updated`, `statustext`, `an_banner_id`, `as_banner_id`, `status`) VALUES(457, 'gif', 0, 'sql', '120x120.gif', '', '', '', 120, 120, 1, 0, '', 'http://www.wp.pl', '', '', '', '', 'f', 0, 0, 0x74727565, 0x48744d6c202d20, 0, 0, 0, 92, '', 0, '', '', '', '', '', '2007-11-20 15:14:41', 'N;', '2007-11-20 15:14:41', '', NULL, NULL, 0);
INSERT INTO `oa_ad_zone_assoc` (`ad_zone_assoc_id`, `zone_id`, `ad_id`, `priority`, `link_type`, `priority_factor`, `to_be_delivered`) VALUES(457, 92, 457, 0, 0, 1, 1);
INSERT INTO `oa_banners` (`bannerid`, `contenttype`, `pluginversion`, `storagetype`, `filename`, `imageurl`, `htmltemplate`, `htmlcache`, `width`, `height`, `weight`, `seq`, `target`, `url`, `alt`, `keyword`, `bannertext`, `description`, `autohtml`, `block`, `capping`, `compiledlimitation`, `append`, `appendtype`, `bannertype`, `transparent`, `campaignid`, `adserver`, `session_capping`, `acl_plugins`, `alt_filename`, `alt_imageurl`, `alt_contenttype`, `comments`, `updated`, `parameters`, `acls_updated`, `statustext`, `an_banner_id`, `as_banner_id`, `status`) VALUES(458, 'gif', 0, 'sql', '120x120.gif', '', '', '', 120, 120, 1, 0, '', 'http://www.wp.pl', '', '', '', '', 'f', 0, 0, 0x74727565, 0x48744d6c202d20, 0, 0, 0, 92, '', 0, '', '', '', '', '', '2007-11-20 15:14:41', 'N;', '2007-11-20 15:14:41', '', NULL, NULL, 0);
INSERT INTO `oa_ad_zone_assoc` (`ad_zone_assoc_id`, `zone_id`, `ad_id`, `priority`, `link_type`, `priority_factor`, `to_be_delivered`) VALUES(458, 92, 458, 0, 0, 1, 1);
INSERT INTO `oa_banners` (`bannerid`, `contenttype`, `pluginversion`, `storagetype`, `filename`, `imageurl`, `htmltemplate`, `htmlcache`, `width`, `height`, `weight`, `seq`, `target`, `url`, `alt`, `keyword`, `bannertext`, `description`, `autohtml`, `block`, `capping`, `compiledlimitation`, `append`, `appendtype`, `bannertype`, `transparent`, `campaignid`, `adserver`, `session_capping`, `acl_plugins`, `alt_filename`, `alt_imageurl`, `alt_contenttype`, `comments`, `updated`, `parameters`, `acls_updated`, `statustext`, `an_banner_id`, `as_banner_id`, `status`) VALUES(459, 'gif', 0, 'sql', '120x120.gif', '', '', '', 120, 120, 1, 0, '', 'http://www.wp.pl', '', '', '', '', 'f', 0, 0, 0x74727565, 0x48744d6c202d20, 0, 0, 0, 92, '', 0, '', '', '', '', '', '2007-11-20 15:14:41', 'N;', '2007-11-20 15:14:41', '', NULL, NULL, 0);
INSERT INTO `oa_ad_zone_assoc` (`ad_zone_assoc_id`, `zone_id`, `ad_id`, `priority`, `link_type`, `priority_factor`, `to_be_delivered`) VALUES(459, 92, 459, 0, 0, 1, 1);
INSERT INTO `oa_banners` (`bannerid`, `contenttype`, `pluginversion`, `storagetype`, `filename`, `imageurl`, `htmltemplate`, `htmlcache`, `width`, `height`, `weight`, `seq`, `target`, `url`, `alt`, `keyword`, `bannertext`, `description`, `autohtml`, `block`, `capping`, `compiledlimitation`, `append`, `appendtype`, `bannertype`, `transparent`, `campaignid`, `adserver`, `session_capping`, `acl_plugins`, `alt_filename`, `alt_imageurl`, `alt_contenttype`, `comments`, `updated`, `parameters`, `acls_updated`, `statustext`, `an_banner_id`, `as_banner_id`, `status`) VALUES(460, 'gif', 0, 'sql', '120x120.gif', '', '', '', 120, 120, 1, 0, '', 'http://www.wp.pl', '', '', '', '', 'f', 0, 0, 0x74727565, 0x48744d6c202d20, 0, 0, 0, 92, '', 0, '', '', '', '', '', '2007-11-20 15:14:41', 'N;', '2007-11-20 15:14:41', '', NULL, NULL, 0);
INSERT INTO `oa_ad_zone_assoc` (`ad_zone_assoc_id`, `zone_id`, `ad_id`, `priority`, `link_type`, `priority_factor`, `to_be_delivered`) VALUES(460, 92, 460, 0, 0, 1, 1);
INSERT INTO `oa_campaigns` (`campaignid`, `campaignname`, `clientid`, `views`, `clicks`, `conversions`, `expire`, `activate`, `priority`, `weight`, `target_impression`, `target_click`, `target_conversion`, `anonymous`, `companion`, `comments`, `revenue`, `revenue_type`, `updated`, `block`, `capping`, `session_capping`, `an_campaign_id`, `as_campaign_id`, `status`, `an_status`) VALUES(93, 'QA - Default Campaign93', 1, 1000, 1000, 1000, '0000-00-00', '0000-00-00', -1, 1, 0, 0, 0, 'f', 0, '', 1.0000, 2, '2007-11-20 16:09:08', 0, 0, 0, NULL, NULL, 0, 0);
INSERT INTO `oa_zones` (`zoneid`, `affiliateid`, `zonename`, `description`, `delivery`, `zonetype`, `what`, `width`, `height`, `chain`, `prepend`, `append`, `appendtype`, `category`, `ad_selection`, `forceappend`, `inventory_forecast_type`, `comments`, `cost`, `cost_type`, `cost_variable_id`, `technology_cost`, `technology_cost_type`, `updated`, `block`, `capping`, `session_capping`, `as_zone_id`) VALUES(93, 1, 'http://www.test1.org - Default', '', 0, 3, '', 120, 120, '', '', 0x5a6f6e65, 0, '', '', 'f', 0, '', 1.3333, 2, '', NULL, NULL, '2007-11-20 15:10:34', 0, 0, 0, NULL);
INSERT INTO `oa_placement_zone_assoc` (`placement_zone_assoc_id`, `zone_id`, `placement_id`) VALUES(93, 93, 93);

INSERT INTO `oa_banners` (`bannerid`, `contenttype`, `pluginversion`, `storagetype`, `filename`, `imageurl`, `htmltemplate`, `htmlcache`, `width`, `height`, `weight`, `seq`, `target`, `url`, `alt`, `keyword`, `bannertext`, `description`, `autohtml`, `block`, `capping`, `compiledlimitation`, `append`, `appendtype`, `bannertype`, `transparent`, `campaignid`, `adserver`, `session_capping`, `acl_plugins`, `alt_filename`, `alt_imageurl`, `alt_contenttype`, `comments`, `updated`, `parameters`, `acls_updated`, `statustext`, `an_banner_id`, `as_banner_id`, `status`) VALUES(461, 'gif', 0, 'sql', '120x120.gif', '', '', '', 120, 120, 1, 0, '', 'http://www.wp.pl', '', '', '', '', 'f', 0, 0, 0x74727565, 0x48744d6c202d20, 0, 0, 0, 93, '', 0, '', '', '', '', '', '2007-11-20 15:14:41', 'N;', '2007-11-20 15:14:41', '', NULL, NULL, 0);
INSERT INTO `oa_ad_zone_assoc` (`ad_zone_assoc_id`, `zone_id`, `ad_id`, `priority`, `link_type`, `priority_factor`, `to_be_delivered`) VALUES(461, 93, 461, 0, 0, 1, 1);
INSERT INTO `oa_banners` (`bannerid`, `contenttype`, `pluginversion`, `storagetype`, `filename`, `imageurl`, `htmltemplate`, `htmlcache`, `width`, `height`, `weight`, `seq`, `target`, `url`, `alt`, `keyword`, `bannertext`, `description`, `autohtml`, `block`, `capping`, `compiledlimitation`, `append`, `appendtype`, `bannertype`, `transparent`, `campaignid`, `adserver`, `session_capping`, `acl_plugins`, `alt_filename`, `alt_imageurl`, `alt_contenttype`, `comments`, `updated`, `parameters`, `acls_updated`, `statustext`, `an_banner_id`, `as_banner_id`, `status`) VALUES(462, 'gif', 0, 'sql', '120x120.gif', '', '', '', 120, 120, 1, 0, '', 'http://www.wp.pl', '', '', '', '', 'f', 0, 0, 0x74727565, 0x48744d6c202d20, 0, 0, 0, 93, '', 0, '', '', '', '', '', '2007-11-20 15:14:41', 'N;', '2007-11-20 15:14:41', '', NULL, NULL, 0);
INSERT INTO `oa_ad_zone_assoc` (`ad_zone_assoc_id`, `zone_id`, `ad_id`, `priority`, `link_type`, `priority_factor`, `to_be_delivered`) VALUES(462, 93, 462, 0, 0, 1, 1);
INSERT INTO `oa_banners` (`bannerid`, `contenttype`, `pluginversion`, `storagetype`, `filename`, `imageurl`, `htmltemplate`, `htmlcache`, `width`, `height`, `weight`, `seq`, `target`, `url`, `alt`, `keyword`, `bannertext`, `description`, `autohtml`, `block`, `capping`, `compiledlimitation`, `append`, `appendtype`, `bannertype`, `transparent`, `campaignid`, `adserver`, `session_capping`, `acl_plugins`, `alt_filename`, `alt_imageurl`, `alt_contenttype`, `comments`, `updated`, `parameters`, `acls_updated`, `statustext`, `an_banner_id`, `as_banner_id`, `status`) VALUES(463, 'gif', 0, 'sql', '120x120.gif', '', '', '', 120, 120, 1, 0, '', 'http://www.wp.pl', '', '', '', '', 'f', 0, 0, 0x74727565, 0x48744d6c202d20, 0, 0, 0, 93, '', 0, '', '', '', '', '', '2007-11-20 15:14:41', 'N;', '2007-11-20 15:14:41', '', NULL, NULL, 0);
INSERT INTO `oa_ad_zone_assoc` (`ad_zone_assoc_id`, `zone_id`, `ad_id`, `priority`, `link_type`, `priority_factor`, `to_be_delivered`) VALUES(463, 93, 463, 0, 0, 1, 1);
INSERT INTO `oa_banners` (`bannerid`, `contenttype`, `pluginversion`, `storagetype`, `filename`, `imageurl`, `htmltemplate`, `htmlcache`, `width`, `height`, `weight`, `seq`, `target`, `url`, `alt`, `keyword`, `bannertext`, `description`, `autohtml`, `block`, `capping`, `compiledlimitation`, `append`, `appendtype`, `bannertype`, `transparent`, `campaignid`, `adserver`, `session_capping`, `acl_plugins`, `alt_filename`, `alt_imageurl`, `alt_contenttype`, `comments`, `updated`, `parameters`, `acls_updated`, `statustext`, `an_banner_id`, `as_banner_id`, `status`) VALUES(464, 'gif', 0, 'sql', '120x120.gif', '', '', '', 120, 120, 1, 0, '', 'http://www.wp.pl', '', '', '', '', 'f', 0, 0, 0x74727565, 0x48744d6c202d20, 0, 0, 0, 93, '', 0, '', '', '', '', '', '2007-11-20 15:14:41', 'N;', '2007-11-20 15:14:41', '', NULL, NULL, 0);
INSERT INTO `oa_ad_zone_assoc` (`ad_zone_assoc_id`, `zone_id`, `ad_id`, `priority`, `link_type`, `priority_factor`, `to_be_delivered`) VALUES(464, 93, 464, 0, 0, 1, 1);
INSERT INTO `oa_banners` (`bannerid`, `contenttype`, `pluginversion`, `storagetype`, `filename`, `imageurl`, `htmltemplate`, `htmlcache`, `width`, `height`, `weight`, `seq`, `target`, `url`, `alt`, `keyword`, `bannertext`, `description`, `autohtml`, `block`, `capping`, `compiledlimitation`, `append`, `appendtype`, `bannertype`, `transparent`, `campaignid`, `adserver`, `session_capping`, `acl_plugins`, `alt_filename`, `alt_imageurl`, `alt_contenttype`, `comments`, `updated`, `parameters`, `acls_updated`, `statustext`, `an_banner_id`, `as_banner_id`, `status`) VALUES(465, 'gif', 0, 'sql', '120x120.gif', '', '', '', 120, 120, 1, 0, '', 'http://www.wp.pl', '', '', '', '', 'f', 0, 0, 0x74727565, 0x48744d6c202d20, 0, 0, 0, 93, '', 0, '', '', '', '', '', '2007-11-20 15:14:41', 'N;', '2007-11-20 15:14:41', '', NULL, NULL, 0);
INSERT INTO `oa_ad_zone_assoc` (`ad_zone_assoc_id`, `zone_id`, `ad_id`, `priority`, `link_type`, `priority_factor`, `to_be_delivered`) VALUES(465, 93, 465, 0, 0, 1, 1);
INSERT INTO `oa_campaigns` (`campaignid`, `campaignname`, `clientid`, `views`, `clicks`, `conversions`, `expire`, `activate`, `priority`, `weight`, `target_impression`, `target_click`, `target_conversion`, `anonymous`, `companion`, `comments`, `revenue`, `revenue_type`, `updated`, `block`, `capping`, `session_capping`, `an_campaign_id`, `as_campaign_id`, `status`, `an_status`) VALUES(94, 'QA - Default Campaign94', 1, 1000, 1000, 1000, '0000-00-00', '0000-00-00', -1, 1, 0, 0, 0, 'f', 0, '', 1.0000, 2, '2007-11-20 16:09:08', 0, 0, 0, NULL, NULL, 0, 0);
INSERT INTO `oa_zones` (`zoneid`, `affiliateid`, `zonename`, `description`, `delivery`, `zonetype`, `what`, `width`, `height`, `chain`, `prepend`, `append`, `appendtype`, `category`, `ad_selection`, `forceappend`, `inventory_forecast_type`, `comments`, `cost`, `cost_type`, `cost_variable_id`, `technology_cost`, `technology_cost_type`, `updated`, `block`, `capping`, `session_capping`, `as_zone_id`) VALUES(94, 1, 'http://www.test1.org - Default', '', 0, 3, '', 120, 120, '', '', 0x5a6f6e65, 0, '', '', 'f', 0, '', 1.3333, 2, '', NULL, NULL, '2007-11-20 15:10:34', 0, 0, 0, NULL);
INSERT INTO `oa_placement_zone_assoc` (`placement_zone_assoc_id`, `zone_id`, `placement_id`) VALUES(94, 94, 94);

INSERT INTO `oa_banners` (`bannerid`, `contenttype`, `pluginversion`, `storagetype`, `filename`, `imageurl`, `htmltemplate`, `htmlcache`, `width`, `height`, `weight`, `seq`, `target`, `url`, `alt`, `keyword`, `bannertext`, `description`, `autohtml`, `block`, `capping`, `compiledlimitation`, `append`, `appendtype`, `bannertype`, `transparent`, `campaignid`, `adserver`, `session_capping`, `acl_plugins`, `alt_filename`, `alt_imageurl`, `alt_contenttype`, `comments`, `updated`, `parameters`, `acls_updated`, `statustext`, `an_banner_id`, `as_banner_id`, `status`) VALUES(466, 'gif', 0, 'sql', '120x120.gif', '', '', '', 120, 120, 1, 0, '', 'http://www.wp.pl', '', '', '', '', 'f', 0, 0, 0x74727565, 0x48744d6c202d20, 0, 0, 0, 94, '', 0, '', '', '', '', '', '2007-11-20 15:14:41', 'N;', '2007-11-20 15:14:41', '', NULL, NULL, 0);
INSERT INTO `oa_ad_zone_assoc` (`ad_zone_assoc_id`, `zone_id`, `ad_id`, `priority`, `link_type`, `priority_factor`, `to_be_delivered`) VALUES(466, 94, 466, 0, 0, 1, 1);
INSERT INTO `oa_banners` (`bannerid`, `contenttype`, `pluginversion`, `storagetype`, `filename`, `imageurl`, `htmltemplate`, `htmlcache`, `width`, `height`, `weight`, `seq`, `target`, `url`, `alt`, `keyword`, `bannertext`, `description`, `autohtml`, `block`, `capping`, `compiledlimitation`, `append`, `appendtype`, `bannertype`, `transparent`, `campaignid`, `adserver`, `session_capping`, `acl_plugins`, `alt_filename`, `alt_imageurl`, `alt_contenttype`, `comments`, `updated`, `parameters`, `acls_updated`, `statustext`, `an_banner_id`, `as_banner_id`, `status`) VALUES(467, 'gif', 0, 'sql', '120x120.gif', '', '', '', 120, 120, 1, 0, '', 'http://www.wp.pl', '', '', '', '', 'f', 0, 0, 0x74727565, 0x48744d6c202d20, 0, 0, 0, 94, '', 0, '', '', '', '', '', '2007-11-20 15:14:41', 'N;', '2007-11-20 15:14:41', '', NULL, NULL, 0);
INSERT INTO `oa_ad_zone_assoc` (`ad_zone_assoc_id`, `zone_id`, `ad_id`, `priority`, `link_type`, `priority_factor`, `to_be_delivered`) VALUES(467, 94, 467, 0, 0, 1, 1);
INSERT INTO `oa_banners` (`bannerid`, `contenttype`, `pluginversion`, `storagetype`, `filename`, `imageurl`, `htmltemplate`, `htmlcache`, `width`, `height`, `weight`, `seq`, `target`, `url`, `alt`, `keyword`, `bannertext`, `description`, `autohtml`, `block`, `capping`, `compiledlimitation`, `append`, `appendtype`, `bannertype`, `transparent`, `campaignid`, `adserver`, `session_capping`, `acl_plugins`, `alt_filename`, `alt_imageurl`, `alt_contenttype`, `comments`, `updated`, `parameters`, `acls_updated`, `statustext`, `an_banner_id`, `as_banner_id`, `status`) VALUES(468, 'gif', 0, 'sql', '120x120.gif', '', '', '', 120, 120, 1, 0, '', 'http://www.wp.pl', '', '', '', '', 'f', 0, 0, 0x74727565, 0x48744d6c202d20, 0, 0, 0, 94, '', 0, '', '', '', '', '', '2007-11-20 15:14:41', 'N;', '2007-11-20 15:14:41', '', NULL, NULL, 0);
INSERT INTO `oa_ad_zone_assoc` (`ad_zone_assoc_id`, `zone_id`, `ad_id`, `priority`, `link_type`, `priority_factor`, `to_be_delivered`) VALUES(468, 94, 468, 0, 0, 1, 1);
INSERT INTO `oa_banners` (`bannerid`, `contenttype`, `pluginversion`, `storagetype`, `filename`, `imageurl`, `htmltemplate`, `htmlcache`, `width`, `height`, `weight`, `seq`, `target`, `url`, `alt`, `keyword`, `bannertext`, `description`, `autohtml`, `block`, `capping`, `compiledlimitation`, `append`, `appendtype`, `bannertype`, `transparent`, `campaignid`, `adserver`, `session_capping`, `acl_plugins`, `alt_filename`, `alt_imageurl`, `alt_contenttype`, `comments`, `updated`, `parameters`, `acls_updated`, `statustext`, `an_banner_id`, `as_banner_id`, `status`) VALUES(469, 'gif', 0, 'sql', '120x120.gif', '', '', '', 120, 120, 1, 0, '', 'http://www.wp.pl', '', '', '', '', 'f', 0, 0, 0x74727565, 0x48744d6c202d20, 0, 0, 0, 94, '', 0, '', '', '', '', '', '2007-11-20 15:14:41', 'N;', '2007-11-20 15:14:41', '', NULL, NULL, 0);
INSERT INTO `oa_ad_zone_assoc` (`ad_zone_assoc_id`, `zone_id`, `ad_id`, `priority`, `link_type`, `priority_factor`, `to_be_delivered`) VALUES(469, 94, 469, 0, 0, 1, 1);
INSERT INTO `oa_banners` (`bannerid`, `contenttype`, `pluginversion`, `storagetype`, `filename`, `imageurl`, `htmltemplate`, `htmlcache`, `width`, `height`, `weight`, `seq`, `target`, `url`, `alt`, `keyword`, `bannertext`, `description`, `autohtml`, `block`, `capping`, `compiledlimitation`, `append`, `appendtype`, `bannertype`, `transparent`, `campaignid`, `adserver`, `session_capping`, `acl_plugins`, `alt_filename`, `alt_imageurl`, `alt_contenttype`, `comments`, `updated`, `parameters`, `acls_updated`, `statustext`, `an_banner_id`, `as_banner_id`, `status`) VALUES(470, 'gif', 0, 'sql', '120x120.gif', '', '', '', 120, 120, 1, 0, '', 'http://www.wp.pl', '', '', '', '', 'f', 0, 0, 0x74727565, 0x48744d6c202d20, 0, 0, 0, 94, '', 0, '', '', '', '', '', '2007-11-20 15:14:41', 'N;', '2007-11-20 15:14:41', '', NULL, NULL, 0);
INSERT INTO `oa_ad_zone_assoc` (`ad_zone_assoc_id`, `zone_id`, `ad_id`, `priority`, `link_type`, `priority_factor`, `to_be_delivered`) VALUES(470, 94, 470, 0, 0, 1, 1);
INSERT INTO `oa_campaigns` (`campaignid`, `campaignname`, `clientid`, `views`, `clicks`, `conversions`, `expire`, `activate`, `priority`, `weight`, `target_impression`, `target_click`, `target_conversion`, `anonymous`, `companion`, `comments`, `revenue`, `revenue_type`, `updated`, `block`, `capping`, `session_capping`, `an_campaign_id`, `as_campaign_id`, `status`, `an_status`) VALUES(95, 'QA - Default Campaign95', 1, 1000, 1000, 1000, '0000-00-00', '0000-00-00', -1, 1, 0, 0, 0, 'f', 0, '', 1.0000, 2, '2007-11-20 16:09:08', 0, 0, 0, NULL, NULL, 0, 0);
INSERT INTO `oa_zones` (`zoneid`, `affiliateid`, `zonename`, `description`, `delivery`, `zonetype`, `what`, `width`, `height`, `chain`, `prepend`, `append`, `appendtype`, `category`, `ad_selection`, `forceappend`, `inventory_forecast_type`, `comments`, `cost`, `cost_type`, `cost_variable_id`, `technology_cost`, `technology_cost_type`, `updated`, `block`, `capping`, `session_capping`, `as_zone_id`) VALUES(95, 1, 'http://www.test1.org - Default', '', 0, 3, '', 120, 120, '', '', 0x5a6f6e65, 0, '', '', 'f', 0, '', 1.3333, 2, '', NULL, NULL, '2007-11-20 15:10:34', 0, 0, 0, NULL);
INSERT INTO `oa_placement_zone_assoc` (`placement_zone_assoc_id`, `zone_id`, `placement_id`) VALUES(95, 95, 95);

INSERT INTO `oa_banners` (`bannerid`, `contenttype`, `pluginversion`, `storagetype`, `filename`, `imageurl`, `htmltemplate`, `htmlcache`, `width`, `height`, `weight`, `seq`, `target`, `url`, `alt`, `keyword`, `bannertext`, `description`, `autohtml`, `block`, `capping`, `compiledlimitation`, `append`, `appendtype`, `bannertype`, `transparent`, `campaignid`, `adserver`, `session_capping`, `acl_plugins`, `alt_filename`, `alt_imageurl`, `alt_contenttype`, `comments`, `updated`, `parameters`, `acls_updated`, `statustext`, `an_banner_id`, `as_banner_id`, `status`) VALUES(471, 'gif', 0, 'sql', '120x120.gif', '', '', '', 120, 120, 1, 0, '', 'http://www.wp.pl', '', '', '', '', 'f', 0, 0, 0x74727565, 0x48744d6c202d20, 0, 0, 0, 95, '', 0, '', '', '', '', '', '2007-11-20 15:14:41', 'N;', '2007-11-20 15:14:41', '', NULL, NULL, 0);
INSERT INTO `oa_ad_zone_assoc` (`ad_zone_assoc_id`, `zone_id`, `ad_id`, `priority`, `link_type`, `priority_factor`, `to_be_delivered`) VALUES(471, 95, 471, 0, 0, 1, 1);
INSERT INTO `oa_banners` (`bannerid`, `contenttype`, `pluginversion`, `storagetype`, `filename`, `imageurl`, `htmltemplate`, `htmlcache`, `width`, `height`, `weight`, `seq`, `target`, `url`, `alt`, `keyword`, `bannertext`, `description`, `autohtml`, `block`, `capping`, `compiledlimitation`, `append`, `appendtype`, `bannertype`, `transparent`, `campaignid`, `adserver`, `session_capping`, `acl_plugins`, `alt_filename`, `alt_imageurl`, `alt_contenttype`, `comments`, `updated`, `parameters`, `acls_updated`, `statustext`, `an_banner_id`, `as_banner_id`, `status`) VALUES(472, 'gif', 0, 'sql', '120x120.gif', '', '', '', 120, 120, 1, 0, '', 'http://www.wp.pl', '', '', '', '', 'f', 0, 0, 0x74727565, 0x48744d6c202d20, 0, 0, 0, 95, '', 0, '', '', '', '', '', '2007-11-20 15:14:41', 'N;', '2007-11-20 15:14:41', '', NULL, NULL, 0);
INSERT INTO `oa_ad_zone_assoc` (`ad_zone_assoc_id`, `zone_id`, `ad_id`, `priority`, `link_type`, `priority_factor`, `to_be_delivered`) VALUES(472, 95, 472, 0, 0, 1, 1);
INSERT INTO `oa_banners` (`bannerid`, `contenttype`, `pluginversion`, `storagetype`, `filename`, `imageurl`, `htmltemplate`, `htmlcache`, `width`, `height`, `weight`, `seq`, `target`, `url`, `alt`, `keyword`, `bannertext`, `description`, `autohtml`, `block`, `capping`, `compiledlimitation`, `append`, `appendtype`, `bannertype`, `transparent`, `campaignid`, `adserver`, `session_capping`, `acl_plugins`, `alt_filename`, `alt_imageurl`, `alt_contenttype`, `comments`, `updated`, `parameters`, `acls_updated`, `statustext`, `an_banner_id`, `as_banner_id`, `status`) VALUES(473, 'gif', 0, 'sql', '120x120.gif', '', '', '', 120, 120, 1, 0, '', 'http://www.wp.pl', '', '', '', '', 'f', 0, 0, 0x74727565, 0x48744d6c202d20, 0, 0, 0, 95, '', 0, '', '', '', '', '', '2007-11-20 15:14:41', 'N;', '2007-11-20 15:14:41', '', NULL, NULL, 0);
INSERT INTO `oa_ad_zone_assoc` (`ad_zone_assoc_id`, `zone_id`, `ad_id`, `priority`, `link_type`, `priority_factor`, `to_be_delivered`) VALUES(473, 95, 473, 0, 0, 1, 1);
INSERT INTO `oa_banners` (`bannerid`, `contenttype`, `pluginversion`, `storagetype`, `filename`, `imageurl`, `htmltemplate`, `htmlcache`, `width`, `height`, `weight`, `seq`, `target`, `url`, `alt`, `keyword`, `bannertext`, `description`, `autohtml`, `block`, `capping`, `compiledlimitation`, `append`, `appendtype`, `bannertype`, `transparent`, `campaignid`, `adserver`, `session_capping`, `acl_plugins`, `alt_filename`, `alt_imageurl`, `alt_contenttype`, `comments`, `updated`, `parameters`, `acls_updated`, `statustext`, `an_banner_id`, `as_banner_id`, `status`) VALUES(474, 'gif', 0, 'sql', '120x120.gif', '', '', '', 120, 120, 1, 0, '', 'http://www.wp.pl', '', '', '', '', 'f', 0, 0, 0x74727565, 0x48744d6c202d20, 0, 0, 0, 95, '', 0, '', '', '', '', '', '2007-11-20 15:14:41', 'N;', '2007-11-20 15:14:41', '', NULL, NULL, 0);
INSERT INTO `oa_ad_zone_assoc` (`ad_zone_assoc_id`, `zone_id`, `ad_id`, `priority`, `link_type`, `priority_factor`, `to_be_delivered`) VALUES(474, 95, 474, 0, 0, 1, 1);
INSERT INTO `oa_banners` (`bannerid`, `contenttype`, `pluginversion`, `storagetype`, `filename`, `imageurl`, `htmltemplate`, `htmlcache`, `width`, `height`, `weight`, `seq`, `target`, `url`, `alt`, `keyword`, `bannertext`, `description`, `autohtml`, `block`, `capping`, `compiledlimitation`, `append`, `appendtype`, `bannertype`, `transparent`, `campaignid`, `adserver`, `session_capping`, `acl_plugins`, `alt_filename`, `alt_imageurl`, `alt_contenttype`, `comments`, `updated`, `parameters`, `acls_updated`, `statustext`, `an_banner_id`, `as_banner_id`, `status`) VALUES(475, 'gif', 0, 'sql', '120x120.gif', '', '', '', 120, 120, 1, 0, '', 'http://www.wp.pl', '', '', '', '', 'f', 0, 0, 0x74727565, 0x48744d6c202d20, 0, 0, 0, 95, '', 0, '', '', '', '', '', '2007-11-20 15:14:41', 'N;', '2007-11-20 15:14:41', '', NULL, NULL, 0);
INSERT INTO `oa_ad_zone_assoc` (`ad_zone_assoc_id`, `zone_id`, `ad_id`, `priority`, `link_type`, `priority_factor`, `to_be_delivered`) VALUES(475, 95, 475, 0, 0, 1, 1);
INSERT INTO `oa_campaigns` (`campaignid`, `campaignname`, `clientid`, `views`, `clicks`, `conversions`, `expire`, `activate`, `priority`, `weight`, `target_impression`, `target_click`, `target_conversion`, `anonymous`, `companion`, `comments`, `revenue`, `revenue_type`, `updated`, `block`, `capping`, `session_capping`, `an_campaign_id`, `as_campaign_id`, `status`, `an_status`) VALUES(96, 'QA - Default Campaign96', 1, 1000, 1000, 1000, '0000-00-00', '0000-00-00', -1, 1, 0, 0, 0, 'f', 0, '', 1.0000, 2, '2007-11-20 16:09:08', 0, 0, 0, NULL, NULL, 0, 0);
INSERT INTO `oa_zones` (`zoneid`, `affiliateid`, `zonename`, `description`, `delivery`, `zonetype`, `what`, `width`, `height`, `chain`, `prepend`, `append`, `appendtype`, `category`, `ad_selection`, `forceappend`, `inventory_forecast_type`, `comments`, `cost`, `cost_type`, `cost_variable_id`, `technology_cost`, `technology_cost_type`, `updated`, `block`, `capping`, `session_capping`, `as_zone_id`) VALUES(96, 1, 'http://www.test1.org - Default', '', 0, 3, '', 120, 120, '', '', 0x5a6f6e65, 0, '', '', 'f', 0, '', 1.3333, 2, '', NULL, NULL, '2007-11-20 15:10:34', 0, 0, 0, NULL);
INSERT INTO `oa_placement_zone_assoc` (`placement_zone_assoc_id`, `zone_id`, `placement_id`) VALUES(96, 96, 96);

INSERT INTO `oa_banners` (`bannerid`, `contenttype`, `pluginversion`, `storagetype`, `filename`, `imageurl`, `htmltemplate`, `htmlcache`, `width`, `height`, `weight`, `seq`, `target`, `url`, `alt`, `keyword`, `bannertext`, `description`, `autohtml`, `block`, `capping`, `compiledlimitation`, `append`, `appendtype`, `bannertype`, `transparent`, `campaignid`, `adserver`, `session_capping`, `acl_plugins`, `alt_filename`, `alt_imageurl`, `alt_contenttype`, `comments`, `updated`, `parameters`, `acls_updated`, `statustext`, `an_banner_id`, `as_banner_id`, `status`) VALUES(476, 'gif', 0, 'sql', '120x120.gif', '', '', '', 120, 120, 1, 0, '', 'http://www.wp.pl', '', '', '', '', 'f', 0, 0, 0x74727565, 0x48744d6c202d20, 0, 0, 0, 96, '', 0, '', '', '', '', '', '2007-11-20 15:14:41', 'N;', '2007-11-20 15:14:41', '', NULL, NULL, 0);
INSERT INTO `oa_ad_zone_assoc` (`ad_zone_assoc_id`, `zone_id`, `ad_id`, `priority`, `link_type`, `priority_factor`, `to_be_delivered`) VALUES(476, 96, 476, 0, 0, 1, 1);
INSERT INTO `oa_banners` (`bannerid`, `contenttype`, `pluginversion`, `storagetype`, `filename`, `imageurl`, `htmltemplate`, `htmlcache`, `width`, `height`, `weight`, `seq`, `target`, `url`, `alt`, `keyword`, `bannertext`, `description`, `autohtml`, `block`, `capping`, `compiledlimitation`, `append`, `appendtype`, `bannertype`, `transparent`, `campaignid`, `adserver`, `session_capping`, `acl_plugins`, `alt_filename`, `alt_imageurl`, `alt_contenttype`, `comments`, `updated`, `parameters`, `acls_updated`, `statustext`, `an_banner_id`, `as_banner_id`, `status`) VALUES(477, 'gif', 0, 'sql', '120x120.gif', '', '', '', 120, 120, 1, 0, '', 'http://www.wp.pl', '', '', '', '', 'f', 0, 0, 0x74727565, 0x48744d6c202d20, 0, 0, 0, 96, '', 0, '', '', '', '', '', '2007-11-20 15:14:41', 'N;', '2007-11-20 15:14:41', '', NULL, NULL, 0);
INSERT INTO `oa_ad_zone_assoc` (`ad_zone_assoc_id`, `zone_id`, `ad_id`, `priority`, `link_type`, `priority_factor`, `to_be_delivered`) VALUES(477, 96, 477, 0, 0, 1, 1);
INSERT INTO `oa_banners` (`bannerid`, `contenttype`, `pluginversion`, `storagetype`, `filename`, `imageurl`, `htmltemplate`, `htmlcache`, `width`, `height`, `weight`, `seq`, `target`, `url`, `alt`, `keyword`, `bannertext`, `description`, `autohtml`, `block`, `capping`, `compiledlimitation`, `append`, `appendtype`, `bannertype`, `transparent`, `campaignid`, `adserver`, `session_capping`, `acl_plugins`, `alt_filename`, `alt_imageurl`, `alt_contenttype`, `comments`, `updated`, `parameters`, `acls_updated`, `statustext`, `an_banner_id`, `as_banner_id`, `status`) VALUES(478, 'gif', 0, 'sql', '120x120.gif', '', '', '', 120, 120, 1, 0, '', 'http://www.wp.pl', '', '', '', '', 'f', 0, 0, 0x74727565, 0x48744d6c202d20, 0, 0, 0, 96, '', 0, '', '', '', '', '', '2007-11-20 15:14:41', 'N;', '2007-11-20 15:14:41', '', NULL, NULL, 0);
INSERT INTO `oa_ad_zone_assoc` (`ad_zone_assoc_id`, `zone_id`, `ad_id`, `priority`, `link_type`, `priority_factor`, `to_be_delivered`) VALUES(478, 96, 478, 0, 0, 1, 1);
INSERT INTO `oa_banners` (`bannerid`, `contenttype`, `pluginversion`, `storagetype`, `filename`, `imageurl`, `htmltemplate`, `htmlcache`, `width`, `height`, `weight`, `seq`, `target`, `url`, `alt`, `keyword`, `bannertext`, `description`, `autohtml`, `block`, `capping`, `compiledlimitation`, `append`, `appendtype`, `bannertype`, `transparent`, `campaignid`, `adserver`, `session_capping`, `acl_plugins`, `alt_filename`, `alt_imageurl`, `alt_contenttype`, `comments`, `updated`, `parameters`, `acls_updated`, `statustext`, `an_banner_id`, `as_banner_id`, `status`) VALUES(479, 'gif', 0, 'sql', '120x120.gif', '', '', '', 120, 120, 1, 0, '', 'http://www.wp.pl', '', '', '', '', 'f', 0, 0, 0x74727565, 0x48744d6c202d20, 0, 0, 0, 96, '', 0, '', '', '', '', '', '2007-11-20 15:14:41', 'N;', '2007-11-20 15:14:41', '', NULL, NULL, 0);
INSERT INTO `oa_ad_zone_assoc` (`ad_zone_assoc_id`, `zone_id`, `ad_id`, `priority`, `link_type`, `priority_factor`, `to_be_delivered`) VALUES(479, 96, 479, 0, 0, 1, 1);
INSERT INTO `oa_banners` (`bannerid`, `contenttype`, `pluginversion`, `storagetype`, `filename`, `imageurl`, `htmltemplate`, `htmlcache`, `width`, `height`, `weight`, `seq`, `target`, `url`, `alt`, `keyword`, `bannertext`, `description`, `autohtml`, `block`, `capping`, `compiledlimitation`, `append`, `appendtype`, `bannertype`, `transparent`, `campaignid`, `adserver`, `session_capping`, `acl_plugins`, `alt_filename`, `alt_imageurl`, `alt_contenttype`, `comments`, `updated`, `parameters`, `acls_updated`, `statustext`, `an_banner_id`, `as_banner_id`, `status`) VALUES(480, 'gif', 0, 'sql', '120x120.gif', '', '', '', 120, 120, 1, 0, '', 'http://www.wp.pl', '', '', '', '', 'f', 0, 0, 0x74727565, 0x48744d6c202d20, 0, 0, 0, 96, '', 0, '', '', '', '', '', '2007-11-20 15:14:41', 'N;', '2007-11-20 15:14:41', '', NULL, NULL, 0);
INSERT INTO `oa_ad_zone_assoc` (`ad_zone_assoc_id`, `zone_id`, `ad_id`, `priority`, `link_type`, `priority_factor`, `to_be_delivered`) VALUES(480, 96, 480, 0, 0, 1, 1);
INSERT INTO `oa_campaigns` (`campaignid`, `campaignname`, `clientid`, `views`, `clicks`, `conversions`, `expire`, `activate`, `priority`, `weight`, `target_impression`, `target_click`, `target_conversion`, `anonymous`, `companion`, `comments`, `revenue`, `revenue_type`, `updated`, `block`, `capping`, `session_capping`, `an_campaign_id`, `as_campaign_id`, `status`, `an_status`) VALUES(97, 'QA - Default Campaign97', 1, 1000, 1000, 1000, '0000-00-00', '0000-00-00', -1, 1, 0, 0, 0, 'f', 0, '', 1.0000, 2, '2007-11-20 16:09:08', 0, 0, 0, NULL, NULL, 0, 0);
INSERT INTO `oa_zones` (`zoneid`, `affiliateid`, `zonename`, `description`, `delivery`, `zonetype`, `what`, `width`, `height`, `chain`, `prepend`, `append`, `appendtype`, `category`, `ad_selection`, `forceappend`, `inventory_forecast_type`, `comments`, `cost`, `cost_type`, `cost_variable_id`, `technology_cost`, `technology_cost_type`, `updated`, `block`, `capping`, `session_capping`, `as_zone_id`) VALUES(97, 1, 'http://www.test1.org - Default', '', 0, 3, '', 120, 120, '', '', 0x5a6f6e65, 0, '', '', 'f', 0, '', 1.3333, 2, '', NULL, NULL, '2007-11-20 15:10:34', 0, 0, 0, NULL);
INSERT INTO `oa_placement_zone_assoc` (`placement_zone_assoc_id`, `zone_id`, `placement_id`) VALUES(97, 97, 97);

INSERT INTO `oa_banners` (`bannerid`, `contenttype`, `pluginversion`, `storagetype`, `filename`, `imageurl`, `htmltemplate`, `htmlcache`, `width`, `height`, `weight`, `seq`, `target`, `url`, `alt`, `keyword`, `bannertext`, `description`, `autohtml`, `block`, `capping`, `compiledlimitation`, `append`, `appendtype`, `bannertype`, `transparent`, `campaignid`, `adserver`, `session_capping`, `acl_plugins`, `alt_filename`, `alt_imageurl`, `alt_contenttype`, `comments`, `updated`, `parameters`, `acls_updated`, `statustext`, `an_banner_id`, `as_banner_id`, `status`) VALUES(481, 'gif', 0, 'sql', '120x120.gif', '', '', '', 120, 120, 1, 0, '', 'http://www.wp.pl', '', '', '', '', 'f', 0, 0, 0x74727565, 0x48744d6c202d20, 0, 0, 0, 97, '', 0, '', '', '', '', '', '2007-11-20 15:14:41', 'N;', '2007-11-20 15:14:41', '', NULL, NULL, 0);
INSERT INTO `oa_ad_zone_assoc` (`ad_zone_assoc_id`, `zone_id`, `ad_id`, `priority`, `link_type`, `priority_factor`, `to_be_delivered`) VALUES(481, 97, 481, 0, 0, 1, 1);
INSERT INTO `oa_banners` (`bannerid`, `contenttype`, `pluginversion`, `storagetype`, `filename`, `imageurl`, `htmltemplate`, `htmlcache`, `width`, `height`, `weight`, `seq`, `target`, `url`, `alt`, `keyword`, `bannertext`, `description`, `autohtml`, `block`, `capping`, `compiledlimitation`, `append`, `appendtype`, `bannertype`, `transparent`, `campaignid`, `adserver`, `session_capping`, `acl_plugins`, `alt_filename`, `alt_imageurl`, `alt_contenttype`, `comments`, `updated`, `parameters`, `acls_updated`, `statustext`, `an_banner_id`, `as_banner_id`, `status`) VALUES(482, 'gif', 0, 'sql', '120x120.gif', '', '', '', 120, 120, 1, 0, '', 'http://www.wp.pl', '', '', '', '', 'f', 0, 0, 0x74727565, 0x48744d6c202d20, 0, 0, 0, 97, '', 0, '', '', '', '', '', '2007-11-20 15:14:41', 'N;', '2007-11-20 15:14:41', '', NULL, NULL, 0);
INSERT INTO `oa_ad_zone_assoc` (`ad_zone_assoc_id`, `zone_id`, `ad_id`, `priority`, `link_type`, `priority_factor`, `to_be_delivered`) VALUES(482, 97, 482, 0, 0, 1, 1);
INSERT INTO `oa_banners` (`bannerid`, `contenttype`, `pluginversion`, `storagetype`, `filename`, `imageurl`, `htmltemplate`, `htmlcache`, `width`, `height`, `weight`, `seq`, `target`, `url`, `alt`, `keyword`, `bannertext`, `description`, `autohtml`, `block`, `capping`, `compiledlimitation`, `append`, `appendtype`, `bannertype`, `transparent`, `campaignid`, `adserver`, `session_capping`, `acl_plugins`, `alt_filename`, `alt_imageurl`, `alt_contenttype`, `comments`, `updated`, `parameters`, `acls_updated`, `statustext`, `an_banner_id`, `as_banner_id`, `status`) VALUES(483, 'gif', 0, 'sql', '120x120.gif', '', '', '', 120, 120, 1, 0, '', 'http://www.wp.pl', '', '', '', '', 'f', 0, 0, 0x74727565, 0x48744d6c202d20, 0, 0, 0, 97, '', 0, '', '', '', '', '', '2007-11-20 15:14:41', 'N;', '2007-11-20 15:14:41', '', NULL, NULL, 0);
INSERT INTO `oa_ad_zone_assoc` (`ad_zone_assoc_id`, `zone_id`, `ad_id`, `priority`, `link_type`, `priority_factor`, `to_be_delivered`) VALUES(483, 97, 483, 0, 0, 1, 1);
INSERT INTO `oa_banners` (`bannerid`, `contenttype`, `pluginversion`, `storagetype`, `filename`, `imageurl`, `htmltemplate`, `htmlcache`, `width`, `height`, `weight`, `seq`, `target`, `url`, `alt`, `keyword`, `bannertext`, `description`, `autohtml`, `block`, `capping`, `compiledlimitation`, `append`, `appendtype`, `bannertype`, `transparent`, `campaignid`, `adserver`, `session_capping`, `acl_plugins`, `alt_filename`, `alt_imageurl`, `alt_contenttype`, `comments`, `updated`, `parameters`, `acls_updated`, `statustext`, `an_banner_id`, `as_banner_id`, `status`) VALUES(484, 'gif', 0, 'sql', '120x120.gif', '', '', '', 120, 120, 1, 0, '', 'http://www.wp.pl', '', '', '', '', 'f', 0, 0, 0x74727565, 0x48744d6c202d20, 0, 0, 0, 97, '', 0, '', '', '', '', '', '2007-11-20 15:14:41', 'N;', '2007-11-20 15:14:41', '', NULL, NULL, 0);
INSERT INTO `oa_ad_zone_assoc` (`ad_zone_assoc_id`, `zone_id`, `ad_id`, `priority`, `link_type`, `priority_factor`, `to_be_delivered`) VALUES(484, 97, 484, 0, 0, 1, 1);
INSERT INTO `oa_banners` (`bannerid`, `contenttype`, `pluginversion`, `storagetype`, `filename`, `imageurl`, `htmltemplate`, `htmlcache`, `width`, `height`, `weight`, `seq`, `target`, `url`, `alt`, `keyword`, `bannertext`, `description`, `autohtml`, `block`, `capping`, `compiledlimitation`, `append`, `appendtype`, `bannertype`, `transparent`, `campaignid`, `adserver`, `session_capping`, `acl_plugins`, `alt_filename`, `alt_imageurl`, `alt_contenttype`, `comments`, `updated`, `parameters`, `acls_updated`, `statustext`, `an_banner_id`, `as_banner_id`, `status`) VALUES(485, 'gif', 0, 'sql', '120x120.gif', '', '', '', 120, 120, 1, 0, '', 'http://www.wp.pl', '', '', '', '', 'f', 0, 0, 0x74727565, 0x48744d6c202d20, 0, 0, 0, 97, '', 0, '', '', '', '', '', '2007-11-20 15:14:41', 'N;', '2007-11-20 15:14:41', '', NULL, NULL, 0);
INSERT INTO `oa_ad_zone_assoc` (`ad_zone_assoc_id`, `zone_id`, `ad_id`, `priority`, `link_type`, `priority_factor`, `to_be_delivered`) VALUES(485, 97, 485, 0, 0, 1, 1);
INSERT INTO `oa_campaigns` (`campaignid`, `campaignname`, `clientid`, `views`, `clicks`, `conversions`, `expire`, `activate`, `priority`, `weight`, `target_impression`, `target_click`, `target_conversion`, `anonymous`, `companion`, `comments`, `revenue`, `revenue_type`, `updated`, `block`, `capping`, `session_capping`, `an_campaign_id`, `as_campaign_id`, `status`, `an_status`) VALUES(98, 'QA - Default Campaign98', 1, 1000, 1000, 1000, '0000-00-00', '0000-00-00', -1, 1, 0, 0, 0, 'f', 0, '', 1.0000, 2, '2007-11-20 16:09:08', 0, 0, 0, NULL, NULL, 0, 0);
INSERT INTO `oa_zones` (`zoneid`, `affiliateid`, `zonename`, `description`, `delivery`, `zonetype`, `what`, `width`, `height`, `chain`, `prepend`, `append`, `appendtype`, `category`, `ad_selection`, `forceappend`, `inventory_forecast_type`, `comments`, `cost`, `cost_type`, `cost_variable_id`, `technology_cost`, `technology_cost_type`, `updated`, `block`, `capping`, `session_capping`, `as_zone_id`) VALUES(98, 1, 'http://www.test1.org - Default', '', 0, 3, '', 120, 120, '', '', 0x5a6f6e65, 0, '', '', 'f', 0, '', 1.3333, 2, '', NULL, NULL, '2007-11-20 15:10:34', 0, 0, 0, NULL);
INSERT INTO `oa_placement_zone_assoc` (`placement_zone_assoc_id`, `zone_id`, `placement_id`) VALUES(98, 98, 98);

INSERT INTO `oa_banners` (`bannerid`, `contenttype`, `pluginversion`, `storagetype`, `filename`, `imageurl`, `htmltemplate`, `htmlcache`, `width`, `height`, `weight`, `seq`, `target`, `url`, `alt`, `keyword`, `bannertext`, `description`, `autohtml`, `block`, `capping`, `compiledlimitation`, `append`, `appendtype`, `bannertype`, `transparent`, `campaignid`, `adserver`, `session_capping`, `acl_plugins`, `alt_filename`, `alt_imageurl`, `alt_contenttype`, `comments`, `updated`, `parameters`, `acls_updated`, `statustext`, `an_banner_id`, `as_banner_id`, `status`) VALUES(486, 'gif', 0, 'sql', '120x120.gif', '', '', '', 120, 120, 1, 0, '', 'http://www.wp.pl', '', '', '', '', 'f', 0, 0, 0x74727565, 0x48744d6c202d20, 0, 0, 0, 98, '', 0, '', '', '', '', '', '2007-11-20 15:14:41', 'N;', '2007-11-20 15:14:41', '', NULL, NULL, 0);
INSERT INTO `oa_ad_zone_assoc` (`ad_zone_assoc_id`, `zone_id`, `ad_id`, `priority`, `link_type`, `priority_factor`, `to_be_delivered`) VALUES(486, 98, 486, 0, 0, 1, 1);
INSERT INTO `oa_banners` (`bannerid`, `contenttype`, `pluginversion`, `storagetype`, `filename`, `imageurl`, `htmltemplate`, `htmlcache`, `width`, `height`, `weight`, `seq`, `target`, `url`, `alt`, `keyword`, `bannertext`, `description`, `autohtml`, `block`, `capping`, `compiledlimitation`, `append`, `appendtype`, `bannertype`, `transparent`, `campaignid`, `adserver`, `session_capping`, `acl_plugins`, `alt_filename`, `alt_imageurl`, `alt_contenttype`, `comments`, `updated`, `parameters`, `acls_updated`, `statustext`, `an_banner_id`, `as_banner_id`, `status`) VALUES(487, 'gif', 0, 'sql', '120x120.gif', '', '', '', 120, 120, 1, 0, '', 'http://www.wp.pl', '', '', '', '', 'f', 0, 0, 0x74727565, 0x48744d6c202d20, 0, 0, 0, 98, '', 0, '', '', '', '', '', '2007-11-20 15:14:41', 'N;', '2007-11-20 15:14:41', '', NULL, NULL, 0);
INSERT INTO `oa_ad_zone_assoc` (`ad_zone_assoc_id`, `zone_id`, `ad_id`, `priority`, `link_type`, `priority_factor`, `to_be_delivered`) VALUES(487, 98, 487, 0, 0, 1, 1);
INSERT INTO `oa_banners` (`bannerid`, `contenttype`, `pluginversion`, `storagetype`, `filename`, `imageurl`, `htmltemplate`, `htmlcache`, `width`, `height`, `weight`, `seq`, `target`, `url`, `alt`, `keyword`, `bannertext`, `description`, `autohtml`, `block`, `capping`, `compiledlimitation`, `append`, `appendtype`, `bannertype`, `transparent`, `campaignid`, `adserver`, `session_capping`, `acl_plugins`, `alt_filename`, `alt_imageurl`, `alt_contenttype`, `comments`, `updated`, `parameters`, `acls_updated`, `statustext`, `an_banner_id`, `as_banner_id`, `status`) VALUES(488, 'gif', 0, 'sql', '120x120.gif', '', '', '', 120, 120, 1, 0, '', 'http://www.wp.pl', '', '', '', '', 'f', 0, 0, 0x74727565, 0x48744d6c202d20, 0, 0, 0, 98, '', 0, '', '', '', '', '', '2007-11-20 15:14:41', 'N;', '2007-11-20 15:14:41', '', NULL, NULL, 0);
INSERT INTO `oa_ad_zone_assoc` (`ad_zone_assoc_id`, `zone_id`, `ad_id`, `priority`, `link_type`, `priority_factor`, `to_be_delivered`) VALUES(488, 98, 488, 0, 0, 1, 1);
INSERT INTO `oa_banners` (`bannerid`, `contenttype`, `pluginversion`, `storagetype`, `filename`, `imageurl`, `htmltemplate`, `htmlcache`, `width`, `height`, `weight`, `seq`, `target`, `url`, `alt`, `keyword`, `bannertext`, `description`, `autohtml`, `block`, `capping`, `compiledlimitation`, `append`, `appendtype`, `bannertype`, `transparent`, `campaignid`, `adserver`, `session_capping`, `acl_plugins`, `alt_filename`, `alt_imageurl`, `alt_contenttype`, `comments`, `updated`, `parameters`, `acls_updated`, `statustext`, `an_banner_id`, `as_banner_id`, `status`) VALUES(489, 'gif', 0, 'sql', '120x120.gif', '', '', '', 120, 120, 1, 0, '', 'http://www.wp.pl', '', '', '', '', 'f', 0, 0, 0x74727565, 0x48744d6c202d20, 0, 0, 0, 98, '', 0, '', '', '', '', '', '2007-11-20 15:14:41', 'N;', '2007-11-20 15:14:41', '', NULL, NULL, 0);
INSERT INTO `oa_ad_zone_assoc` (`ad_zone_assoc_id`, `zone_id`, `ad_id`, `priority`, `link_type`, `priority_factor`, `to_be_delivered`) VALUES(489, 98, 489, 0, 0, 1, 1);
INSERT INTO `oa_banners` (`bannerid`, `contenttype`, `pluginversion`, `storagetype`, `filename`, `imageurl`, `htmltemplate`, `htmlcache`, `width`, `height`, `weight`, `seq`, `target`, `url`, `alt`, `keyword`, `bannertext`, `description`, `autohtml`, `block`, `capping`, `compiledlimitation`, `append`, `appendtype`, `bannertype`, `transparent`, `campaignid`, `adserver`, `session_capping`, `acl_plugins`, `alt_filename`, `alt_imageurl`, `alt_contenttype`, `comments`, `updated`, `parameters`, `acls_updated`, `statustext`, `an_banner_id`, `as_banner_id`, `status`) VALUES(490, 'gif', 0, 'sql', '120x120.gif', '', '', '', 120, 120, 1, 0, '', 'http://www.wp.pl', '', '', '', '', 'f', 0, 0, 0x74727565, 0x48744d6c202d20, 0, 0, 0, 98, '', 0, '', '', '', '', '', '2007-11-20 15:14:41', 'N;', '2007-11-20 15:14:41', '', NULL, NULL, 0);
INSERT INTO `oa_ad_zone_assoc` (`ad_zone_assoc_id`, `zone_id`, `ad_id`, `priority`, `link_type`, `priority_factor`, `to_be_delivered`) VALUES(490, 98, 490, 0, 0, 1, 1);
INSERT INTO `oa_campaigns` (`campaignid`, `campaignname`, `clientid`, `views`, `clicks`, `conversions`, `expire`, `activate`, `priority`, `weight`, `target_impression`, `target_click`, `target_conversion`, `anonymous`, `companion`, `comments`, `revenue`, `revenue_type`, `updated`, `block`, `capping`, `session_capping`, `an_campaign_id`, `as_campaign_id`, `status`, `an_status`) VALUES(99, 'QA - Default Campaign99', 1, 1000, 1000, 1000, '0000-00-00', '0000-00-00', -1, 1, 0, 0, 0, 'f', 0, '', 1.0000, 2, '2007-11-20 16:09:08', 0, 0, 0, NULL, NULL, 0, 0);
INSERT INTO `oa_zones` (`zoneid`, `affiliateid`, `zonename`, `description`, `delivery`, `zonetype`, `what`, `width`, `height`, `chain`, `prepend`, `append`, `appendtype`, `category`, `ad_selection`, `forceappend`, `inventory_forecast_type`, `comments`, `cost`, `cost_type`, `cost_variable_id`, `technology_cost`, `technology_cost_type`, `updated`, `block`, `capping`, `session_capping`, `as_zone_id`) VALUES(99, 1, 'http://www.test1.org - Default', '', 0, 3, '', 120, 120, '', '', 0x5a6f6e65, 0, '', '', 'f', 0, '', 1.3333, 2, '', NULL, NULL, '2007-11-20 15:10:34', 0, 0, 0, NULL);
INSERT INTO `oa_placement_zone_assoc` (`placement_zone_assoc_id`, `zone_id`, `placement_id`) VALUES(99, 99, 99);

INSERT INTO `oa_banners` (`bannerid`, `contenttype`, `pluginversion`, `storagetype`, `filename`, `imageurl`, `htmltemplate`, `htmlcache`, `width`, `height`, `weight`, `seq`, `target`, `url`, `alt`, `keyword`, `bannertext`, `description`, `autohtml`, `block`, `capping`, `compiledlimitation`, `append`, `appendtype`, `bannertype`, `transparent`, `campaignid`, `adserver`, `session_capping`, `acl_plugins`, `alt_filename`, `alt_imageurl`, `alt_contenttype`, `comments`, `updated`, `parameters`, `acls_updated`, `statustext`, `an_banner_id`, `as_banner_id`, `status`) VALUES(491, 'gif', 0, 'sql', '120x120.gif', '', '', '', 120, 120, 1, 0, '', 'http://www.wp.pl', '', '', '', '', 'f', 0, 0, 0x74727565, 0x48744d6c202d20, 0, 0, 0, 99, '', 0, '', '', '', '', '', '2007-11-20 15:14:41', 'N;', '2007-11-20 15:14:41', '', NULL, NULL, 0);
INSERT INTO `oa_ad_zone_assoc` (`ad_zone_assoc_id`, `zone_id`, `ad_id`, `priority`, `link_type`, `priority_factor`, `to_be_delivered`) VALUES(491, 99, 491, 0, 0, 1, 1);
INSERT INTO `oa_banners` (`bannerid`, `contenttype`, `pluginversion`, `storagetype`, `filename`, `imageurl`, `htmltemplate`, `htmlcache`, `width`, `height`, `weight`, `seq`, `target`, `url`, `alt`, `keyword`, `bannertext`, `description`, `autohtml`, `block`, `capping`, `compiledlimitation`, `append`, `appendtype`, `bannertype`, `transparent`, `campaignid`, `adserver`, `session_capping`, `acl_plugins`, `alt_filename`, `alt_imageurl`, `alt_contenttype`, `comments`, `updated`, `parameters`, `acls_updated`, `statustext`, `an_banner_id`, `as_banner_id`, `status`) VALUES(492, 'gif', 0, 'sql', '120x120.gif', '', '', '', 120, 120, 1, 0, '', 'http://www.wp.pl', '', '', '', '', 'f', 0, 0, 0x74727565, 0x48744d6c202d20, 0, 0, 0, 99, '', 0, '', '', '', '', '', '2007-11-20 15:14:41', 'N;', '2007-11-20 15:14:41', '', NULL, NULL, 0);
INSERT INTO `oa_ad_zone_assoc` (`ad_zone_assoc_id`, `zone_id`, `ad_id`, `priority`, `link_type`, `priority_factor`, `to_be_delivered`) VALUES(492, 99, 492, 0, 0, 1, 1);
INSERT INTO `oa_banners` (`bannerid`, `contenttype`, `pluginversion`, `storagetype`, `filename`, `imageurl`, `htmltemplate`, `htmlcache`, `width`, `height`, `weight`, `seq`, `target`, `url`, `alt`, `keyword`, `bannertext`, `description`, `autohtml`, `block`, `capping`, `compiledlimitation`, `append`, `appendtype`, `bannertype`, `transparent`, `campaignid`, `adserver`, `session_capping`, `acl_plugins`, `alt_filename`, `alt_imageurl`, `alt_contenttype`, `comments`, `updated`, `parameters`, `acls_updated`, `statustext`, `an_banner_id`, `as_banner_id`, `status`) VALUES(493, 'gif', 0, 'sql', '120x120.gif', '', '', '', 120, 120, 1, 0, '', 'http://www.wp.pl', '', '', '', '', 'f', 0, 0, 0x74727565, 0x48744d6c202d20, 0, 0, 0, 99, '', 0, '', '', '', '', '', '2007-11-20 15:14:41', 'N;', '2007-11-20 15:14:41', '', NULL, NULL, 0);
INSERT INTO `oa_ad_zone_assoc` (`ad_zone_assoc_id`, `zone_id`, `ad_id`, `priority`, `link_type`, `priority_factor`, `to_be_delivered`) VALUES(493, 99, 493, 0, 0, 1, 1);
INSERT INTO `oa_banners` (`bannerid`, `contenttype`, `pluginversion`, `storagetype`, `filename`, `imageurl`, `htmltemplate`, `htmlcache`, `width`, `height`, `weight`, `seq`, `target`, `url`, `alt`, `keyword`, `bannertext`, `description`, `autohtml`, `block`, `capping`, `compiledlimitation`, `append`, `appendtype`, `bannertype`, `transparent`, `campaignid`, `adserver`, `session_capping`, `acl_plugins`, `alt_filename`, `alt_imageurl`, `alt_contenttype`, `comments`, `updated`, `parameters`, `acls_updated`, `statustext`, `an_banner_id`, `as_banner_id`, `status`) VALUES(494, 'gif', 0, 'sql', '120x120.gif', '', '', '', 120, 120, 1, 0, '', 'http://www.wp.pl', '', '', '', '', 'f', 0, 0, 0x74727565, 0x48744d6c202d20, 0, 0, 0, 99, '', 0, '', '', '', '', '', '2007-11-20 15:14:41', 'N;', '2007-11-20 15:14:41', '', NULL, NULL, 0);
INSERT INTO `oa_ad_zone_assoc` (`ad_zone_assoc_id`, `zone_id`, `ad_id`, `priority`, `link_type`, `priority_factor`, `to_be_delivered`) VALUES(494, 99, 494, 0, 0, 1, 1);
INSERT INTO `oa_banners` (`bannerid`, `contenttype`, `pluginversion`, `storagetype`, `filename`, `imageurl`, `htmltemplate`, `htmlcache`, `width`, `height`, `weight`, `seq`, `target`, `url`, `alt`, `keyword`, `bannertext`, `description`, `autohtml`, `block`, `capping`, `compiledlimitation`, `append`, `appendtype`, `bannertype`, `transparent`, `campaignid`, `adserver`, `session_capping`, `acl_plugins`, `alt_filename`, `alt_imageurl`, `alt_contenttype`, `comments`, `updated`, `parameters`, `acls_updated`, `statustext`, `an_banner_id`, `as_banner_id`, `status`) VALUES(495, 'gif', 0, 'sql', '120x120.gif', '', '', '', 120, 120, 1, 0, '', 'http://www.wp.pl', '', '', '', '', 'f', 0, 0, 0x74727565, 0x48744d6c202d20, 0, 0, 0, 99, '', 0, '', '', '', '', '', '2007-11-20 15:14:41', 'N;', '2007-11-20 15:14:41', '', NULL, NULL, 0);
INSERT INTO `oa_ad_zone_assoc` (`ad_zone_assoc_id`, `zone_id`, `ad_id`, `priority`, `link_type`, `priority_factor`, `to_be_delivered`) VALUES(495, 99, 495, 0, 0, 1, 1);
INSERT INTO `oa_campaigns` (`campaignid`, `campaignname`, `clientid`, `views`, `clicks`, `conversions`, `expire`, `activate`, `priority`, `weight`, `target_impression`, `target_click`, `target_conversion`, `anonymous`, `companion`, `comments`, `revenue`, `revenue_type`, `updated`, `block`, `capping`, `session_capping`, `an_campaign_id`, `as_campaign_id`, `status`, `an_status`) VALUES(100, 'QA - Default Campaign100', 1, 1000, 1000, 1000, '0000-00-00', '0000-00-00', -1, 1, 0, 0, 0, 'f', 0, '', 1.0000, 2, '2007-11-20 16:09:08', 0, 0, 0, NULL, NULL, 0, 0);
INSERT INTO `oa_zones` (`zoneid`, `affiliateid`, `zonename`, `description`, `delivery`, `zonetype`, `what`, `width`, `height`, `chain`, `prepend`, `append`, `appendtype`, `category`, `ad_selection`, `forceappend`, `inventory_forecast_type`, `comments`, `cost`, `cost_type`, `cost_variable_id`, `technology_cost`, `technology_cost_type`, `updated`, `block`, `capping`, `session_capping`, `as_zone_id`) VALUES(100, 1, 'http://www.test1.org - Default', '', 0, 3, '', 120, 120, '', '', 0x5a6f6e65, 0, '', '', 'f', 0, '', 1.3333, 2, '', NULL, NULL, '2007-11-20 15:10:34', 0, 0, 0, NULL);
INSERT INTO `oa_placement_zone_assoc` (`placement_zone_assoc_id`, `zone_id`, `placement_id`) VALUES(100, 100, 100);

INSERT INTO `oa_banners` (`bannerid`, `contenttype`, `pluginversion`, `storagetype`, `filename`, `imageurl`, `htmltemplate`, `htmlcache`, `width`, `height`, `weight`, `seq`, `target`, `url`, `alt`, `keyword`, `bannertext`, `description`, `autohtml`, `block`, `capping`, `compiledlimitation`, `append`, `appendtype`, `bannertype`, `transparent`, `campaignid`, `adserver`, `session_capping`, `acl_plugins`, `alt_filename`, `alt_imageurl`, `alt_contenttype`, `comments`, `updated`, `parameters`, `acls_updated`, `statustext`, `an_banner_id`, `as_banner_id`, `status`) VALUES(496, 'gif', 0, 'sql', '120x120.gif', '', '', '', 120, 120, 1, 0, '', 'http://www.wp.pl', '', '', '', '', 'f', 0, 0, 0x74727565, 0x48744d6c202d20, 0, 0, 0, 100, '', 0, '', '', '', '', '', '2007-11-20 15:14:41', 'N;', '2007-11-20 15:14:41', '', NULL, NULL, 0);
INSERT INTO `oa_ad_zone_assoc` (`ad_zone_assoc_id`, `zone_id`, `ad_id`, `priority`, `link_type`, `priority_factor`, `to_be_delivered`) VALUES(496, 100, 496, 0, 0, 1, 1);
INSERT INTO `oa_banners` (`bannerid`, `contenttype`, `pluginversion`, `storagetype`, `filename`, `imageurl`, `htmltemplate`, `htmlcache`, `width`, `height`, `weight`, `seq`, `target`, `url`, `alt`, `keyword`, `bannertext`, `description`, `autohtml`, `block`, `capping`, `compiledlimitation`, `append`, `appendtype`, `bannertype`, `transparent`, `campaignid`, `adserver`, `session_capping`, `acl_plugins`, `alt_filename`, `alt_imageurl`, `alt_contenttype`, `comments`, `updated`, `parameters`, `acls_updated`, `statustext`, `an_banner_id`, `as_banner_id`, `status`) VALUES(497, 'gif', 0, 'sql', '120x120.gif', '', '', '', 120, 120, 1, 0, '', 'http://www.wp.pl', '', '', '', '', 'f', 0, 0, 0x74727565, 0x48744d6c202d20, 0, 0, 0, 100, '', 0, '', '', '', '', '', '2007-11-20 15:14:41', 'N;', '2007-11-20 15:14:41', '', NULL, NULL, 0);
INSERT INTO `oa_ad_zone_assoc` (`ad_zone_assoc_id`, `zone_id`, `ad_id`, `priority`, `link_type`, `priority_factor`, `to_be_delivered`) VALUES(497, 100, 497, 0, 0, 1, 1);
INSERT INTO `oa_banners` (`bannerid`, `contenttype`, `pluginversion`, `storagetype`, `filename`, `imageurl`, `htmltemplate`, `htmlcache`, `width`, `height`, `weight`, `seq`, `target`, `url`, `alt`, `keyword`, `bannertext`, `description`, `autohtml`, `block`, `capping`, `compiledlimitation`, `append`, `appendtype`, `bannertype`, `transparent`, `campaignid`, `adserver`, `session_capping`, `acl_plugins`, `alt_filename`, `alt_imageurl`, `alt_contenttype`, `comments`, `updated`, `parameters`, `acls_updated`, `statustext`, `an_banner_id`, `as_banner_id`, `status`) VALUES(498, 'gif', 0, 'sql', '120x120.gif', '', '', '', 120, 120, 1, 0, '', 'http://www.wp.pl', '', '', '', '', 'f', 0, 0, 0x74727565, 0x48744d6c202d20, 0, 0, 0, 100, '', 0, '', '', '', '', '', '2007-11-20 15:14:41', 'N;', '2007-11-20 15:14:41', '', NULL, NULL, 0);
INSERT INTO `oa_ad_zone_assoc` (`ad_zone_assoc_id`, `zone_id`, `ad_id`, `priority`, `link_type`, `priority_factor`, `to_be_delivered`) VALUES(498, 100, 498, 0, 0, 1, 1);
INSERT INTO `oa_banners` (`bannerid`, `contenttype`, `pluginversion`, `storagetype`, `filename`, `imageurl`, `htmltemplate`, `htmlcache`, `width`, `height`, `weight`, `seq`, `target`, `url`, `alt`, `keyword`, `bannertext`, `description`, `autohtml`, `block`, `capping`, `compiledlimitation`, `append`, `appendtype`, `bannertype`, `transparent`, `campaignid`, `adserver`, `session_capping`, `acl_plugins`, `alt_filename`, `alt_imageurl`, `alt_contenttype`, `comments`, `updated`, `parameters`, `acls_updated`, `statustext`, `an_banner_id`, `as_banner_id`, `status`) VALUES(499, 'gif', 0, 'sql', '120x120.gif', '', '', '', 120, 120, 1, 0, '', 'http://www.wp.pl', '', '', '', '', 'f', 0, 0, 0x74727565, 0x48744d6c202d20, 0, 0, 0, 100, '', 0, '', '', '', '', '', '2007-11-20 15:14:41', 'N;', '2007-11-20 15:14:41', '', NULL, NULL, 0);
INSERT INTO `oa_ad_zone_assoc` (`ad_zone_assoc_id`, `zone_id`, `ad_id`, `priority`, `link_type`, `priority_factor`, `to_be_delivered`) VALUES(499, 100, 499, 0, 0, 1, 1);
INSERT INTO `oa_banners` (`bannerid`, `contenttype`, `pluginversion`, `storagetype`, `filename`, `imageurl`, `htmltemplate`, `htmlcache`, `width`, `height`, `weight`, `seq`, `target`, `url`, `alt`, `keyword`, `bannertext`, `description`, `autohtml`, `block`, `capping`, `compiledlimitation`, `append`, `appendtype`, `bannertype`, `transparent`, `campaignid`, `adserver`, `session_capping`, `acl_plugins`, `alt_filename`, `alt_imageurl`, `alt_contenttype`, `comments`, `updated`, `parameters`, `acls_updated`, `statustext`, `an_banner_id`, `as_banner_id`, `status`) VALUES(500, 'gif', 0, 'sql', '120x120.gif', '', '', '', 120, 120, 1, 0, '', 'http://www.wp.pl', '', '', '', '', 'f', 0, 0, 0x74727565, 0x48744d6c202d20, 0, 0, 0, 100, '', 0, '', '', '', '', '', '2007-11-20 15:14:41', 'N;', '2007-11-20 15:14:41', '', NULL, NULL, 0);
INSERT INTO `oa_ad_zone_assoc` (`ad_zone_assoc_id`, `zone_id`, `ad_id`, `priority`, `link_type`, `priority_factor`, `to_be_delivered`) VALUES(500, 100, 500, 0, 0, 1, 1);
