<?xml version="1.0" encoding="ISO-8859-1" ?>
<?xml-stylesheet type="text/xsl" href=""?>

<plugin>
        <name>oxAuthCAS</name>
    <creationDate>2008-09-02</creationDate>
    <author>Chris nutting</author>
    <authorEmail>chris.nutting@openx.org</authorEmail>
    <authorUrl>http://www.openx.org</authorUrl>
    <license>GPL</license>
    <description>OpenX CAS authentication</description>
    <version>0.0.1-dev</version>
    <oxversion>2.7.15-dev</oxversion>
    <extends>authentication</extends>

    <install>

        <syscheck>
            <!-- optional dbms compatibility declarations -->
            <!-- if you know your components won't work with a dbms -->
            <!-- set supported to 0 -->
            <!--dbms>
                <name>mysql</name>
                <supported>1</supported>
            </dbms>
            <dbms>
                <name>pgsql</name>
                <supported>1</supported>
            </dbms-->

            <!-- optional php setting requirement declarations -->
            <!--php>
                <setting name='phpini1'>phpval1</setting>
                <setting name='phpini2'>phpval2</setting>
            </php-->

            <!-- optional plugin group dependency declaration -->
            <!-- if this group depends on another group (not plugin!) -->
            <!-- remember to set the group installation order in the plugin definition -->
            <!--depends>
                <plugin version="0.0.1" enabled="0">anotherPluginGroup</plugin>
            </depends-->
        </syscheck>

        <files>
            <!--file path="{GROUPPATH}/">processPreferences.php</file-->
            <!--file path="{GROUPPATH}/">processSettings.php</file-->
            <file path="{MODULEPATH}authentication/oxAuthCAS/">oxAuthCAS.class.php</file>
            <file path="{MODULEPATH}authentication/oxAuthCAS/">OxCASClient.php</file>
            <file path="{MODULEPATH}authentication/oxAuthCAS/CAS/">CAS.php</file>
            <file path="{MODULEPATH}authentication/oxAuthCAS/CAS/">client.php</file>
            <file path="{MODULEPATH}authentication/oxAuthCAS/CAS/">domxml-php4-php5.php</file>
            <file path="{MODULEPATH}authentication/oxAuthCAS/CAS/languages/">english.php</file>
            <file path="{MODULEPATH}authentication/oxAuthCAS/CAS/languages/">french.php</file>
            <file path="{MODULEPATH}authentication/oxAuthCAS/CAS/languages/">german.php</file>
            <file path="{MODULEPATH}authentication/oxAuthCAS/CAS/languages/">greek.php</file>
            <file path="{MODULEPATH}authentication/oxAuthCAS/CAS/languages/">japanese.php</file>
            <file path="{MODULEPATH}authentication/oxAuthCAS/CAS/languages/">languages.php</file>
            <file path="{MODULEPATH}authentication/oxAuthCAS/CAS/PGTStorage/">pgt-db.php</file>
            <file path="{MODULEPATH}authentication/oxAuthCAS/CAS/PGTStorage/">pgt-file.php</file>
            <file path="{MODULEPATH}authentication/oxAuthCAS/CAS/PGTStorage/">pgt-main.php</file>
            <file path="{MODULEPATH}authentication/oxAuthCAS/Central/">Cas.php</file>
            <file path="{MODULEPATH}authentication/oxAuthCAS/Central/">RpcMapper.php</file>
            <file path="{MODULEPATH}authentication/oxAuthCAS/Controller/">ConfirmAccount.php</file>

            <file path="{MODULEPATH}authentication/oxAuthCAS/_lang/">en.php</file>
            <!--file path="{MODULEPATH}authentication/oxAuthCAS/_lang">en.mo</file-->
        </files>



        <!-- optional configuration settings and preferences -->
        <configuration>
            <!-- only administrator has permissions to change settings in config file -->
            <!-- settings are written to a group section [oxAuthCAS] -->

            <setting key="protocol" type="text" label="Protocol" required="1" size="32" visible="1">https</setting>
            <setting key="host" type="text" label="Host" required="1" size="32" visible="1">login.openx.org</setting>
            <setting key="port" type="text" label="Port" required="1" size="32" visible="1">443</setting>
            <setting key="path" type="text" label="Path" required="1" size="32" visible="1">/sso/login</setting>
            <setting key="clientPath" type="text" label="Path" required="1" size="32" visible="1">/sso</setting>
            <setting key="signup" type="text" label="Signup path" required="0" size="32" visible="1">/account/signup</setting>
            <setting key="forgot" type="text" label="Forgot password path" required="0" size="32" visible="1">/account/forgotPassword</setting>

            <!-- preferences have role-based permissions-->
            <!-- preferences are prefixed in the preference table with the group name e.g. oxAuthCAS_preference_Admin -->
            <!-- type, label, size and visible govern the display of the preference for editing -->
            <!-- required=1 for mandatory preferences ; required=0 for optional preferences -->
            <!--preference name="preference_Admin"      permission="ADMIN"      type="text" label="Admin Colour"     required="1" size="7" visible="1">preference_Admin default value</preference>
            <preference name="preference_Manager"    permission="MANAGER"    type="text" label="Manager Colour"   required="0" size="7" visible="1">preference_Manager default value</preference>
            <preference name="preference_Advertiser" permission="ADVERTISER" type="text" label="Advertiser Colour" required="0" size="7" visible="1">preference_Advertiser default value</preference>
            <preference name="preference_Trafficker" permission="TRAFFICKER" type="text" label="Trafficker Colour" required="0" size="7" visible="1">preference_Trafficker default value</preference-->
        </configuration>

        <!-- details of individual components in this group -->
        <components>
           <!--component-->
                <!--name>{COMPONENT}</name-->
                <!-- optional language file -->
                <!--translations>{MODULEPATH}authentication/oxAuthCAS/_lang/</translations-->
                <!-- optional hooks -->
                <!--hook>{HOOK}</hook-->
           <!--/component-->
        </components>

        <!-- optional database schema info -->


        <!-- optional custom event scripts -->
        <!--prescript>prescript_install_oxAuthCAS.php</prescript-->
        <!--postscript>postscript_install_oxAuthCAS.php</postscript-->

    </install>

</plugin>
