<?xml version="1.0" encoding="ISO-8859-1" ?>
<?xml-stylesheet type="text/xsl" href=""?>

<plugin>
    <name>openXMarket</name>
    <creationDate>2008-11-14</creationDate>
    <author>Bernard Lange</author>
    <authorEmail>bernard.lange@openx.org</authorEmail>
    <authorUrl>http://www.openx.org</authorUrl>
    <license>license.txt</license>
    <description>OpenX Market for OpenX Ad Server (Download)</description>
    <version>0.1.2-beta-rc2</version>
    <type>extension</type>

    <install>

        <files>
            <file path="{PLUGINPATH}">openXMarket.readme.txt</file>
            <file path="{PLUGINPATH}">openXMarket.uninstall.txt</file>
        </files>

        <contents>
            <group name="oxMarket">1</group>
            <group name="oxMarketMaintenance">2</group>
            <group name="oxMarketDelivery">3</group>
        </contents>

    </install>

    <readme>

    </readme>

</plugin>
