<?xml version="1.0" encoding="ISO-8859-1" ?>
<?xml-stylesheet type="text/xsl" href=""?>

<plugin>
    <name>oxToolbox</name>
    <creationDate>2008-07-18</creationDate>
    <author>Monique Szpak</author>
    <authorEmail>monique.szpak@openx.org</authorEmail>
    <authorUrl>http://www.openx.org</authorUrl>
    <license>license.txt</license>
    <description>Developer Toolbox for OpenX</description>
    <version>0.0.1-dev</version>
    <oxversion>2.7.9-dev</oxversion>
    <extends>admin</extends>

    <install>

        <files>
            <file path="{ADMINPATH}/lib/">oxToolbox.inc.php</file>
            <file path="{ADMINPATH}/templates/">oxToolbox.html</file>
            <file path="{ADMINPATH}/">oxToolbox-common.php</file>
            <file path="{ADMINPATH}/">oxToolbox-index.php</file>
        </files>

        <navigation>

            <admin>
                <menu add="devtools-main"   link="plugins/oxToolbox/oxToolbox-index.php">Developers</menu>
                <menu addto="devtools-main" index="devtools-home" link="plugins/oxToolbox/oxToolbox-index.php">Developer Toolbox</menu>
            </admin>

        </navigation>

        <configuration>

        </configuration>

    </install>

</plugin>
