<?xml version="1.0" encoding="ISO-8859-1" ?>
<?xml-stylesheet type="text/xsl" href=""?>

<plugin>
    <name>oxLogRequest</name>
    <creationDate>2008-06-10</creationDate>
    <author>Radek Maciaszek</author>
    <authorEmail>radek.maciaszek@openx.org</authorEmail>
    <authorUrl>http://www.openx.org</authorUrl>
    <license>license.txt</license>
    <description>Bucket for tracking requests</description>
    <version>1.0.0-dev</version>
    <oxversion>2.7.5-dev</oxversion>
    <extends>deliveryLog</extends>

    <install>
        <files>
            <file path="{MODULEPATH}deliveryLog/oxLogRequest/">logRequest.delivery.php</file>
            <file path="{MODULEPATH}deliveryLog/oxLogRequest/">logRequest.class.php</file>
        </files>
        <components>
           <component>
                <name>logRequest</name>
                <hook>logRequest</hook>
           </component>
        </components>

    </install>


</plugin>
