<?xml version="1.0" encoding="ISO-8859-1" ?>
<?xml-stylesheet type="text/xsl" href=""?>

<plugin>
    <name>openXDeliveryLimitations</name>
    <creationDate>2008-02-19</creationDate>
    <author>Monique Szpak</author>
    <authorEmail>monique.szpak@openx.org</authorEmail>
    <authorUrl>http://www.openx.org</authorUrl>
    <license>GNU General Public License</license>
    <description>OpenX Delivery Limitations Plugins for OpenX</description>
    <version>1.0.3</version>
    <type>package</type>

    <install>

        <contents>
            <group name="Client">1</group>
            <group name="Geo"   >2</group>
            <group name="Site"  >3</group>
            <group name="Time"  >4</group>
        </contents>


    </install>

</plugin>