<?xml version="1.0" encoding="ISO-8859-1" ?>
<?xml-stylesheet type="text/xsl" href="xsl/mdb2_changeset.xsl"?>
<instructionset>
  <name>oxDeliveryDataPrepare</name>
  <version>001</version>
  <comments></comments>
  <constructive>
    <changeset>
      <name>deliveryDataPrepare</name>
      <version>001</version>
      <add>
        <table>
        <name>data_bkt_c</name>
        <was>data_bkt_c</was>
      </table>
        <table>
        <name>data_bkt_m_backup</name>
        <was>data_bkt_m_backup</was>
      </table>
        <table>
        <name>data_bkt_m</name>
        <was>data_bkt_m</was>
      </table>
        <table>
        <name>data_bkt_r</name>
        <was>data_bkt_r</was>
      </table>
    </add>
  </changeset>
</constructive>
<destructive>
  <changeset>
    <name>deliveryDataPrepare</name>
    <version>001</version>
  </changeset>
</destructive>
</instructionset>
