<?xml version="1.0" encoding="ISO-8859-1" ?>
<?xml-stylesheet type="text/xsl" href=""?>

<plugin>
    <name>oxLogCountry</name>
    <creationDate>2008-07-28</creationDate>
    <author>Radek Maciaszek</author>
    <authorEmail>radek.maciaszek@openx.org</authorEmail>
    <authorUrl>http://www.openx.org</authorUrl>
    <license>GPL</license>
    <description>Delivery Log Country Plugin</description>
    <version>1.0.0-dev</version>
    <oxversion>2.7.10-dev</oxversion>
    <extends>deliveryLog</extends>

    <install>
        <syscheck>
            <depends>
                <plugin version="1.0.0-dev" enabled="0">oxDeliveryDataPrepare</plugin>
            </depends>
        </syscheck>

        <files>
            <file path="{MODULEPATH}deliveryLog/oxLogCountry/">logImpressionCountry.delivery.php</file>
            <file path="{MODULEPATH}deliveryLog/oxLogCountry/">logImpressionCountry.class.php</file>
            <file path="{MODULEPATH}deliveryLog/oxLogCountry/">logClickCountry.delivery.php</file>
            <file path="{MODULEPATH}deliveryLog/oxLogCountry/">logClickCountry.class.php</file>
        </files>

        <components>
           <component>
                <name>logImpressionCountry</name>
                <hook>logImpression</hook>
           </component>
           <component>
                <name>logClickCountry</name>
                <hook>logClick</hook>
           </component>
        </components>

    </install>


</plugin>
