<?xml version="1.0" encoding="ISO-8859-1" ?>
<?xml-stylesheet type="text/xsl" href=""?>

<plugin>
    <name>oxMarketDelivery</name>
    <creationDate>2008-12-22</creationDate>
    <author>Chris Nutting</author>
    <authorEmail>chris.nutting@openx.org</authorEmail>
    <authorUrl>http://www.openx.org</authorUrl>
    <license>license.txt</license>
    <description>OpenX Market for OpenX Ad Server (Download) Delivery</description>
    <version>0.1.1-dev</version>
    <oxversion>2.7.27-beta-rc12</oxversion>
    <extends>deliveryAdRender</extends>

    <install>
        <files>
            <file path="{MODULEPATH}deliveryAdRender/oxMarketDelivery/">oxMarketDelivery.delivery.php</file>
        </files>

        <components>
           <component>
                <name>oxMarketDelivery</name>
                <hook>postAdRender</hook>
           </component>
        </components>
        <configuration option="Broker Delivery URL">
            <setting key="brokerHost" type="text" label="Broker host http(s)://" required="1" size="32" visible="0">bid.test.openx.net</setting>
        </configuration>
    </install>

</plugin>
