<?xml version="1.0" encoding="ISO-8859-1" ?>
<?xml-stylesheet type="text/xsl" href=""?>

<plugin>
    <name>openXDeliveryLog</name>
    <creationDate>2008-06-10</creationDate>
    <author>Radek Maciaszek</author>
    <authorEmail>radek.maciaszek@openx.org</authorEmail>
    <authorUrl>http://www.openx.org</authorUrl>
    <license>license.txt</license>
    <description>Standard delivery logging plugin for OpenX</description>
    <version>1.0.1-beta</version>
    <type>extension</type>

    <install>

        <!--files>
            <file path="{PLUGINPATH}">openXDeliveryLog.readme.txt</file>
        </files-->

        <contents>
            <group name="oxDeliveryDataPrepare">1</group>

            <group name="oxLogClick"           >2</group>
            <group name="oxLogConversion"      >3</group>
            <group name="oxLogImpression"      >4</group>
            <group name="oxLogRequest"         >5</group>
        </contents>

    </install>

    <readme>

    </readme>

</plugin>
