<?xml version="1.0" encoding="ISO-8859-1" ?>
<?xml-stylesheet type="text/xsl" href=""?>

<plugin>
    <name>oxMaxMindModGeoIP</name>
    <creationDate>2008-08-27</creationDate>
    <author>Chris Nutting</author>
    <authorEmail>chris.nutting@openx.org</authorEmail>
    <authorUrl>www.openx.org</authorUrl>
    <license>GPL</license>
    <description>My New Plugin</description>
    <version>1.0.0-dev</version>
    <oxversion>2.7.14-dev</oxversion>
    <extends>geoTargeting</extends>

    <install>

        <syscheck>
            <!-- optional dbms compatibility declarations -->
            <!-- if you know your components won't work with a dbms -->
            <!-- set supported to 0 -->
            <!--dbms>
                <name>mysql</name>
                <supported>1</supported>
            </dbms>
            <dbms>
                <name>pgsql</name>
                <supported>1</supported>
            </dbms-->

            <!-- optional php setting requirement declarations -->
            <!--php>
                <setting name='phpini1'>phpval1</setting>
                <setting name='phpini2'>phpval2</setting>
            </php-->

            <!-- optional plugin group dependency declaration -->
            <!-- if this group depends on another group (not plugin!) -->
            <!-- remember to set the group installation order in the plugin definition -->
            <!--depends>
                <plugin version="0.0.1" enabled="0">anotherPluginGroup</plugin>
            </depends-->
        </syscheck>

        <files>
            <file path="{MODULEPATH}geoTargeting/oxMaxMindModGeoIP/">oxMaxMindModGeoIP.class.php</file>
            <file path="{MODULEPATH}geoTargeting/oxMaxMindModGeoIP/">oxMaxMindModGeoIP.delivery.php</file>
            <!--file path="{MODULEPATH}geoTargeting/oxMaxMindModGeoIP/_lang">en.mo</file-->

            <file path="{GROUPPATH}/_lang/">en.mo</file>
            <file path="{GROUPPATH}/_lang/po/">en.po</file>

        </files>



        <!-- optional configuration settings and preferences -->
        <configuration>
            <!-- only administrator has permissions to change settings in config file -->
            <!-- settings are written to a group section [oxMaxMindModGeoIP] -->
            <!--setting key="setting1" type="text" label="Message" required="1" size="32" visible="1">Setting1 Default Value</setting-->

            <!-- preferences have role-based permissions-->
            <!-- preferences are prefixed in the preference table with the group name e.g. oxMaxMindModGeoIP_preference_Admin -->
            <!-- type, label, size and visible govern the display of the preference for editing -->
            <!-- required=1 for mandatory preferences ; required=0 for optional preferences -->
            <!--preference name="preference_Admin"      permission="ADMIN"      type="text" label="Admin Colour"     required="1" size="7" visible="1">preference_Admin default value</preference>
            <preference name="preference_Manager"    permission="MANAGER"    type="text" label="Manager Colour"   required="0" size="7" visible="1">preference_Manager default value</preference>
            <preference name="preference_Advertiser" permission="ADVERTISER" type="text" label="Advertiser Colour" required="0" size="7" visible="1">preference_Advertiser default value</preference>
            <preference name="preference_Trafficker" permission="TRAFFICKER" type="text" label="Trafficker Colour" required="0" size="7" visible="1">preference_Trafficker default value</preference-->
        </configuration>

        <!-- details of individual components in this group -->
        <components>
           <!--component-->
                <!--name>{COMPONENT}</name-->
                <!-- optional language file -->
                <!--translations>{MODULEPATH}geoTargeting/oxMaxMindModGeoIP/_lang/</translations-->
                <!-- optional hooks -->
                <!--hook>{HOOK}</hook-->
           <!--/component-->
           <component>
               <name>oxMaxMindModGeoIP</name>
           </component>
        </components>

        <!-- optional database schema info -->


        <!-- optional custom event scripts -->
        <!--prescript>postscript_install_oxMaxMindModGeoIP.php</prescript-->
        <!--postscript>postscript_install_oxMaxMindModGeoIP.php</postscript-->

    </install>

</plugin>
