<?xml version="1.0" encoding="ISO-8859-1" ?>
<?xml-stylesheet type="text/xsl" href=""?>

<plugin>
    <name>openXTests</name>
    <creationDate>2008-05-16</creationDate>
    <author>Chris Nutting</author>
    <authorEmail>Chris.Nutting@openx.org</authorEmail>
    <authorUrl>http://www.openx.org</authorUrl>
    <license>license.txt</license>
    <description>Test Delivery Limitations Plugin for OpenX</description>
    <version>1.0.0-dev</version>
    <type>package</type>

    <install>

        <contents>
            <group name="Dummy">1</group>
        </contents>

        <register>
            <extension type='deliveryLimitations' group='Dummy'>Dummy</extension>
        </register>

    </install>

</plugin>
