<?xml version="1.0" encoding="ISO-8859-1" ?>
<?xml-stylesheet type="text/xsl" href=""?>

<plugin>
    <name>openXThorium</name>
    <creationDate>2008-07-04</creationDate>
    <author>Radek Maciaszek</author>
    <authorEmail>radek.maciaszek@openx.org</authorEmail>
    <authorUrl>http://www.openx.org</authorUrl>
    <license>license.txt</license>
    <description>OpenX Project Thorium</description>
    <version>1.0.0-dev</version>
    <type>extension</type>

    <install>

        <files>
            <file path="{PLUGINPATH}">openXThorium.readme.txt</file>
        </files>

        <contents>
            <group name="oxThorium">1</group>
            <group name="oxIndium">2</group>
        </contents>

    </install>

    <readme>

    </readme>

</plugin>
