<?xml version="1.0" encoding="ISO-8859-1" ?>
<?xml-stylesheet type="text/xsl" href="xsl/mdb2_schema.xsl"?>
<database>

 <name>oxThorium</name>
 <create>false</create>
 <overwrite>false</overwrite>
 <version>001</version>
 <status>final</status>

 <table>

  <name>ext_thorium_campaign_pref</name>

  <declaration>

   <field>
    <name>campaignid</name>
    <type>openads_mediumint</type>
    <length>9</length>
    <notnull>true</notnull>
    <default>0</default>
   </field>

   <field>
    <name>is_enabled</name>
    <type>openads_smallint</type>
    <length>1</length>
    <notnull>false</notnull>
    <default>0</default>
   </field>

   <field>
    <name>floor_price</name>
    <type>openads_decimal</type>
    <length>10,4</length>
    <notnull>false</notnull>
    <default></default>
   </field>

   <index>
    <name>data_bkt_m_country_pkey</name>
    <primary>true</primary>
    <field>
     <name>campaignid</name>
     <sorting>ascending</sorting>
    </field>
   </index>

  </declaration>

 </table>

 <table>

  <name>ext_thorium_website_pref</name>

  <declaration>

   <field>
    <name>affiliateid</name>
    <type>openads_mediumint</type>
    <length>9</length>
    <notnull>true</notnull>
    <default>0</default>
   </field>

   <field>
    <name>publisher_id</name>
    <type>openads_char</type>
    <length>36</length>
    <notnull>true</notnull>
    <default></default>
   </field>

   <index>
    <name>ext_thorium_website_pref_pkey</name>
    <primary>true</primary>
    <field>
     <name>affiliateid</name>
     <sorting>ascending</sorting>
    </field>
   </index>

  </declaration>

 </table>

</database>
