<?xml version="1.0" encoding="ISO-8859-1" ?>
<?xml-stylesheet type="text/xsl" href=""?>

<plugin>
    <name>oxDeliveryDataPrepare</name>
    <creationDate>2008-02-19</creationDate>
    <author>Radek Maciaszek</author>
    <authorEmail>radek.maciaszek@openx.org</authorEmail>
    <authorUrl>http://www.openx.org</authorUrl>
    <license>license.txt</license>
    <description>Plugin prepares data for buckets logging</description>
    <version>1.0.0-dev</version>
    <oxversion>2.7.5-dev</oxversion>
    <extends>deliveryDataPrepare</extends>

    <install>
        <files>
            <file path="{MODULEPATH}deliveryDataPrepare/oxDeliveryDataPrepare/">dataCommon.delivery.php</file>
            <file path="{MODULEPATH}deliveryDataPrepare/oxDeliveryDataPrepare/">dataCommon.class.php</file>
            <file path="{MODULEPATH}deliveryDataPrepare/oxDeliveryDataPrepare/">dataGeo.delivery.php</file>
            <file path="{MODULEPATH}deliveryDataPrepare/oxDeliveryDataPrepare/">dataGeo.class.php</file>
            <file path="{MODULEPATH}deliveryDataPrepare/oxDeliveryDataPrepare/">dataPageInfo.delivery.php</file>
            <file path="{MODULEPATH}deliveryDataPrepare/oxDeliveryDataPrepare/">dataPageInfo.class.php</file>
            <file path="{MODULEPATH}deliveryDataPrepare/oxDeliveryDataPrepare/">dataUserAgent.delivery.php</file>
            <file path="{MODULEPATH}deliveryDataPrepare/oxDeliveryDataPrepare/">dataUserAgent.class.php</file>
        </files>

        <schema>
            <mdb2schema>tables_oxDeliveryDataPrepare</mdb2schema>
            <dboschema>db_schema</dboschema>
            <dbolinks>db_schema.links</dbolinks>
            <dataobject>Data_bucket_click.php</dataobject>
            <dataobject>Data_bucket_impression_backup.php</dataobject>
            <dataobject>Data_bucket_impression.php</dataobject>
            <dataobject>Data_bucket_impression_country.php</dataobject>
            <dataobject>Data_bucket_request.php</dataobject>
        </schema>

        <prescript>prescript_install_oxDeliveryDataPrepare.php</prescript>
        <postscript>postscript_install_oxDeliveryDataPrepare.php</postscript>

        <components>
           <component>
                <name>dataCommon</name>
                <hook>preLog</hook>
           </component>
           <component>
                <name>dataGeo</name>
                <hook>preLog</hook>
           </component>
           <component>
                <name>dataPageInfo</name>
                <hook>preLog</hook>
           </component>
           <component>
                <name>dataUserAgent</name>
                <hook>preLog</hook>
           </component>
        </components>

    </install>

</plugin>
